ISO-10303-21;
HEADER;
FILE_DESCRIPTION(('FreeCAD Model'),'2;1');
FILE_NAME('Open CASCADE Shape Model','2026-01-03T06:31:07',('Author'),(
    ''),'Open CASCADE STEP processor 7.8','FreeCAD','Unknown');
FILE_SCHEMA(('AUTOMOTIVE_DESIGN { 1 0 10303 214 1 1 1 1 }'));
ENDSEC;
DATA;
#1 = APPLICATION_PROTOCOL_DEFINITION('international standard',
  'automotive_design',2000,#2);
#2 = APPLICATION_CONTEXT(
  'core data for automotive mechanical design processes');
#3 = SHAPE_DEFINITION_REPRESENTATION(#4,#10);
#4 = PRODUCT_DEFINITION_SHAPE('','',#5);
#5 = PRODUCT_DEFINITION('design','',#6,#9);
#6 = PRODUCT_DEFINITION_FORMATION('','',#7);
#7 = PRODUCT('Unnamed','Unnamed','',(#8));
#8 = PRODUCT_CONTEXT('',#2,'mechanical');
#9 = PRODUCT_DEFINITION_CONTEXT('part definition',#2,'design');
#10 = SHAPE_REPRESENTATION('',(#11,#15,#19),#23);
#11 = AXIS2_PLACEMENT_3D('',#12,#13,#14);
#12 = CARTESIAN_POINT('',(0.,0.,0.));
#13 = DIRECTION('',(0.,0.,1.));
#14 = DIRECTION('',(1.,0.,-0.));
#15 = AXIS2_PLACEMENT_3D('',#16,#17,#18);
#16 = CARTESIAN_POINT('',(0.,0.,-2.7));
#17 = DIRECTION('',(0.,0.,1.));
#18 = DIRECTION('',(1.,0.,0.));
#19 = AXIS2_PLACEMENT_3D('',#20,#21,#22);
#20 = CARTESIAN_POINT('',(0.,0.,0.));
#21 = DIRECTION('',(0.,0.,1.));
#22 = DIRECTION('',(1.,0.,0.));
#23 = ( GEOMETRIC_REPRESENTATION_CONTEXT(3) 
GLOBAL_UNCERTAINTY_ASSIGNED_CONTEXT((#27)) GLOBAL_UNIT_ASSIGNED_CONTEXT(
(#24,#25,#26)) REPRESENTATION_CONTEXT('Context #1',
  '3D Context with UNIT and UNCERTAINTY') );
#24 = ( LENGTH_UNIT() NAMED_UNIT(*) SI_UNIT(.MILLI.,.METRE.) );
#25 = ( NAMED_UNIT(*) PLANE_ANGLE_UNIT() SI_UNIT($,.RADIAN.) );
#26 = ( NAMED_UNIT(*) SI_UNIT($,.STERADIAN.) SOLID_ANGLE_UNIT() );
#27 = UNCERTAINTY_MEASURE_WITH_UNIT(LENGTH_MEASURE(5.E-07),#24,
  'distance_accuracy_value','confusion accuracy');
#28 = PRODUCT_RELATED_PRODUCT_CATEGORY('part',$,(#7));
#29 = SHAPE_DEFINITION_REPRESENTATION(#30,#36);
#30 = PRODUCT_DEFINITION_SHAPE('','',#31);
#31 = PRODUCT_DEFINITION('design','',#32,#35);
#32 = PRODUCT_DEFINITION_FORMATION('','',#33);
#33 = PRODUCT('Array','Array','',(#34));
#34 = PRODUCT_CONTEXT('',#2,'mechanical');
#35 = PRODUCT_DEFINITION_CONTEXT('part definition',#2,'design');
#36 = SHAPE_REPRESENTATION('',(#11,#37,#41,#45,#49,#53,#57),#61);
#37 = AXIS2_PLACEMENT_3D('',#38,#39,#40);
#38 = CARTESIAN_POINT('',(0.,0.,0.));
#39 = DIRECTION('',(0.,0.,1.));
#40 = DIRECTION('',(1.,0.,0.));
#41 = AXIS2_PLACEMENT_3D('',#42,#43,#44);
#42 = CARTESIAN_POINT('',(1.5,0.,0.));
#43 = DIRECTION('',(0.,0.,1.));
#44 = DIRECTION('',(1.,0.,0.));
#45 = AXIS2_PLACEMENT_3D('',#46,#47,#48);
#46 = CARTESIAN_POINT('',(3.,0.,0.));
#47 = DIRECTION('',(0.,0.,1.));
#48 = DIRECTION('',(1.,0.,0.));
#49 = AXIS2_PLACEMENT_3D('',#50,#51,#52);
#50 = CARTESIAN_POINT('',(4.5,0.,0.));
#51 = DIRECTION('',(0.,0.,1.));
#52 = DIRECTION('',(1.,0.,0.));
#53 = AXIS2_PLACEMENT_3D('',#54,#55,#56);
#54 = CARTESIAN_POINT('',(6.,0.,0.));
#55 = DIRECTION('',(0.,0.,1.));
#56 = DIRECTION('',(1.,0.,0.));
#57 = AXIS2_PLACEMENT_3D('',#58,#59,#60);
#58 = CARTESIAN_POINT('',(7.5,0.,0.));
#59 = DIRECTION('',(0.,0.,1.));
#60 = DIRECTION('',(1.,0.,0.));
#61 = ( GEOMETRIC_REPRESENTATION_CONTEXT(3) 
GLOBAL_UNCERTAINTY_ASSIGNED_CONTEXT((#65)) GLOBAL_UNIT_ASSIGNED_CONTEXT(
(#62,#63,#64)) REPRESENTATION_CONTEXT('Context #1',
  '3D Context with UNIT and UNCERTAINTY') );
#62 = ( LENGTH_UNIT() NAMED_UNIT(*) SI_UNIT(.MILLI.,.METRE.) );
#63 = ( NAMED_UNIT(*) PLANE_ANGLE_UNIT() SI_UNIT($,.RADIAN.) );
#64 = ( NAMED_UNIT(*) SI_UNIT($,.STERADIAN.) SOLID_ANGLE_UNIT() );
#65 = UNCERTAINTY_MEASURE_WITH_UNIT(LENGTH_MEASURE(1.E-07),#62,
  'distance_accuracy_value','confusion accuracy');
#66 = CONTEXT_DEPENDENT_SHAPE_REPRESENTATION(#67,#69);
#67 = ( REPRESENTATION_RELATIONSHIP('','',#36,#10) 
REPRESENTATION_RELATIONSHIP_WITH_TRANSFORMATION(#68) 
SHAPE_REPRESENTATION_RELATIONSHIP() );
#68 = ITEM_DEFINED_TRANSFORMATION('','',#11,#15);
#69 = PRODUCT_DEFINITION_SHAPE('Placement','Placement of an item',#70);
#70 = NEXT_ASSEMBLY_USAGE_OCCURRENCE('7','Array','',#5,#31,$);
#71 = PRODUCT_RELATED_PRODUCT_CATEGORY('part',$,(#33));
#72 = SHAPE_DEFINITION_REPRESENTATION(#73,#79);
#73 = PRODUCT_DEFINITION_SHAPE('','',#74);
#74 = PRODUCT_DEFINITION('design','',#75,#78);
#75 = PRODUCT_DEFINITION_FORMATION('','',#76);
#76 = PRODUCT('Chamfer001','Chamfer001','',(#77));
#77 = PRODUCT_CONTEXT('',#2,'mechanical');
#78 = PRODUCT_DEFINITION_CONTEXT('part definition',#2,'design');
#79 = ADVANCED_BREP_SHAPE_REPRESENTATION('',(#11,#80),#422);
#80 = MANIFOLD_SOLID_BREP('',#81);
#81 = CLOSED_SHELL('',(#82,#122,#153,#184,#215,#246,#268,#292,#316,#340,
    #357,#381,#398,#410));
#82 = ADVANCED_FACE('',(#83),#117,.F.);
#83 = FACE_BOUND('',#84,.F.);
#84 = EDGE_LOOP('',(#85,#95,#103,#111));
#85 = ORIENTED_EDGE('',*,*,#86,.T.);
#86 = EDGE_CURVE('',#87,#89,#91,.T.);
#87 = VERTEX_POINT('',#88);
#88 = CARTESIAN_POINT('',(1.25,1.05,0.15));
#89 = VERTEX_POINT('',#90);
#90 = CARTESIAN_POINT('',(1.25,1.05,6.55));
#91 = LINE('',#92,#93);
#92 = CARTESIAN_POINT('',(1.25,1.05,0.));
#93 = VECTOR('',#94,1.);
#94 = DIRECTION('',(0.,0.,1.));
#95 = ORIENTED_EDGE('',*,*,#96,.T.);
#96 = EDGE_CURVE('',#89,#97,#99,.T.);
#97 = VERTEX_POINT('',#98);
#98 = CARTESIAN_POINT('',(1.75,1.05,6.55));
#99 = LINE('',#100,#101);
#100 = CARTESIAN_POINT('',(1.25,1.05,6.55));
#101 = VECTOR('',#102,1.);
#102 = DIRECTION('',(1.,0.,0.));
#103 = ORIENTED_EDGE('',*,*,#104,.F.);
#104 = EDGE_CURVE('',#105,#97,#107,.T.);
#105 = VERTEX_POINT('',#106);
#106 = CARTESIAN_POINT('',(1.75,1.05,0.15));
#107 = LINE('',#108,#109);
#108 = CARTESIAN_POINT('',(1.75,1.05,0.));
#109 = VECTOR('',#110,1.);
#110 = DIRECTION('',(0.,0.,1.));
#111 = ORIENTED_EDGE('',*,*,#112,.F.);
#112 = EDGE_CURVE('',#87,#105,#113,.T.);
#113 = LINE('',#114,#115);
#114 = CARTESIAN_POINT('',(1.25,1.05,0.15));
#115 = VECTOR('',#116,1.);
#116 = DIRECTION('',(1.,0.,0.));
#117 = PLANE('',#118);
#118 = AXIS2_PLACEMENT_3D('',#119,#120,#121);
#119 = CARTESIAN_POINT('',(1.25,1.05,0.));
#120 = DIRECTION('',(0.,1.,0.));
#121 = DIRECTION('',(1.,0.,0.));
#122 = ADVANCED_FACE('',(#123),#148,.F.);
#123 = FACE_BOUND('',#124,.F.);
#124 = EDGE_LOOP('',(#125,#135,#141,#142));
#125 = ORIENTED_EDGE('',*,*,#126,.T.);
#126 = EDGE_CURVE('',#127,#129,#131,.T.);
#127 = VERTEX_POINT('',#128);
#128 = CARTESIAN_POINT('',(1.25,1.55,0.15));
#129 = VERTEX_POINT('',#130);
#130 = CARTESIAN_POINT('',(1.25,1.55,6.55));
#131 = LINE('',#132,#133);
#132 = CARTESIAN_POINT('',(1.25,1.55,0.));
#133 = VECTOR('',#134,1.);
#134 = DIRECTION('',(0.,0.,1.));
#135 = ORIENTED_EDGE('',*,*,#136,.T.);
#136 = EDGE_CURVE('',#129,#89,#137,.T.);
#137 = LINE('',#138,#139);
#138 = CARTESIAN_POINT('',(1.25,1.55,6.55));
#139 = VECTOR('',#140,1.);
#140 = DIRECTION('',(0.,-1.,0.));
#141 = ORIENTED_EDGE('',*,*,#86,.F.);
#142 = ORIENTED_EDGE('',*,*,#143,.F.);
#143 = EDGE_CURVE('',#127,#87,#144,.T.);
#144 = LINE('',#145,#146);
#145 = CARTESIAN_POINT('',(1.25,1.55,0.15));
#146 = VECTOR('',#147,1.);
#147 = DIRECTION('',(0.,-1.,0.));
#148 = PLANE('',#149);
#149 = AXIS2_PLACEMENT_3D('',#150,#151,#152);
#150 = CARTESIAN_POINT('',(1.25,1.55,0.));
#151 = DIRECTION('',(1.,0.,0.));
#152 = DIRECTION('',(0.,-1.,0.));
#153 = ADVANCED_FACE('',(#154),#179,.T.);
#154 = FACE_BOUND('',#155,.F.);
#155 = EDGE_LOOP('',(#156,#164,#165,#173));
#156 = ORIENTED_EDGE('',*,*,#157,.F.);
#157 = EDGE_CURVE('',#87,#158,#160,.T.);
#158 = VERTEX_POINT('',#159);
#159 = CARTESIAN_POINT('',(1.4,1.2,-2.775557561563E-17));
#160 = LINE('',#161,#162);
#161 = CARTESIAN_POINT('',(1.383333333333,1.183333333333,
    1.666666666667E-02));
#162 = VECTOR('',#163,1.);
#163 = DIRECTION('',(0.57735026919,0.57735026919,-0.57735026919));
#164 = ORIENTED_EDGE('',*,*,#112,.T.);
#165 = ORIENTED_EDGE('',*,*,#166,.T.);
#166 = EDGE_CURVE('',#105,#167,#169,.T.);
#167 = VERTEX_POINT('',#168);
#168 = CARTESIAN_POINT('',(1.6,1.2,-2.775557561563E-17));
#169 = LINE('',#170,#171);
#170 = CARTESIAN_POINT('',(1.616666666667,1.183333333333,
    1.666666666667E-02));
#171 = VECTOR('',#172,1.);
#172 = DIRECTION('',(-0.57735026919,0.57735026919,-0.57735026919));
#173 = ORIENTED_EDGE('',*,*,#174,.F.);
#174 = EDGE_CURVE('',#158,#167,#175,.T.);
#175 = LINE('',#176,#177);
#176 = CARTESIAN_POINT('',(1.25,1.2,0.));
#177 = VECTOR('',#178,1.);
#178 = DIRECTION('',(1.,0.,0.));
#179 = PLANE('',#180);
#180 = AXIS2_PLACEMENT_3D('',#181,#182,#183);
#181 = CARTESIAN_POINT('',(1.25,1.125,7.5E-02));
#182 = DIRECTION('',(-7.353442306461E-19,-0.707106781187,-0.707106781187
    ));
#183 = DIRECTION('',(-1.,5.199668919963E-19,5.199668919963E-19));
#184 = ADVANCED_FACE('',(#185),#210,.F.);
#185 = FACE_BOUND('',#186,.T.);
#186 = EDGE_LOOP('',(#187,#195,#196,#204));
#187 = ORIENTED_EDGE('',*,*,#188,.F.);
#188 = EDGE_CURVE('',#89,#189,#191,.T.);
#189 = VERTEX_POINT('',#190);
#190 = CARTESIAN_POINT('',(1.4,1.2,6.7));
#191 = LINE('',#192,#193);
#192 = CARTESIAN_POINT('',(1.383333333333,1.183333333333,6.683333333333)
  );
#193 = VECTOR('',#194,1.);
#194 = DIRECTION('',(0.57735026919,0.57735026919,0.57735026919));
#195 = ORIENTED_EDGE('',*,*,#96,.T.);
#196 = ORIENTED_EDGE('',*,*,#197,.T.);
#197 = EDGE_CURVE('',#97,#198,#200,.T.);
#198 = VERTEX_POINT('',#199);
#199 = CARTESIAN_POINT('',(1.6,1.2,6.7));
#200 = LINE('',#201,#202);
#201 = CARTESIAN_POINT('',(1.616666666667,1.183333333333,6.683333333333)
  );
#202 = VECTOR('',#203,1.);
#203 = DIRECTION('',(-0.57735026919,0.57735026919,0.57735026919));
#204 = ORIENTED_EDGE('',*,*,#205,.F.);
#205 = EDGE_CURVE('',#189,#198,#206,.T.);
#206 = LINE('',#207,#208);
#207 = CARTESIAN_POINT('',(1.25,1.2,6.7));
#208 = VECTOR('',#209,1.);
#209 = DIRECTION('',(1.,0.,0.));
#210 = PLANE('',#211);
#211 = AXIS2_PLACEMENT_3D('',#212,#213,#214);
#212 = CARTESIAN_POINT('',(1.25,1.125,6.625));
#213 = DIRECTION('',(-7.031174262152E-19,0.707106781187,-0.707106781187)
  );
#214 = DIRECTION('',(-1.,-4.971791000472E-19,4.971791000472E-19));
#215 = ADVANCED_FACE('',(#216),#241,.F.);
#216 = FACE_BOUND('',#217,.F.);
#217 = EDGE_LOOP('',(#218,#219,#227,#235));
#218 = ORIENTED_EDGE('',*,*,#104,.T.);
#219 = ORIENTED_EDGE('',*,*,#220,.T.);
#220 = EDGE_CURVE('',#97,#221,#223,.T.);
#221 = VERTEX_POINT('',#222);
#222 = CARTESIAN_POINT('',(1.75,1.55,6.55));
#223 = LINE('',#224,#225);
#224 = CARTESIAN_POINT('',(1.75,1.05,6.55));
#225 = VECTOR('',#226,1.);
#226 = DIRECTION('',(0.,1.,0.));
#227 = ORIENTED_EDGE('',*,*,#228,.F.);
#228 = EDGE_CURVE('',#229,#221,#231,.T.);
#229 = VERTEX_POINT('',#230);
#230 = CARTESIAN_POINT('',(1.75,1.55,0.15));
#231 = LINE('',#232,#233);
#232 = CARTESIAN_POINT('',(1.75,1.55,0.));
#233 = VECTOR('',#234,1.);
#234 = DIRECTION('',(0.,0.,1.));
#235 = ORIENTED_EDGE('',*,*,#236,.F.);
#236 = EDGE_CURVE('',#105,#229,#237,.T.);
#237 = LINE('',#238,#239);
#238 = CARTESIAN_POINT('',(1.75,1.05,0.15));
#239 = VECTOR('',#240,1.);
#240 = DIRECTION('',(0.,1.,0.));
#241 = PLANE('',#242);
#242 = AXIS2_PLACEMENT_3D('',#243,#244,#245);
#243 = CARTESIAN_POINT('',(1.75,1.05,0.));
#244 = DIRECTION('',(-1.,0.,0.));
#245 = DIRECTION('',(0.,1.,0.));
#246 = ADVANCED_FACE('',(#247),#263,.F.);
#247 = FACE_BOUND('',#248,.F.);
#248 = EDGE_LOOP('',(#249,#250,#256,#257));
#249 = ORIENTED_EDGE('',*,*,#228,.T.);
#250 = ORIENTED_EDGE('',*,*,#251,.T.);
#251 = EDGE_CURVE('',#221,#129,#252,.T.);
#252 = LINE('',#253,#254);
#253 = CARTESIAN_POINT('',(1.75,1.55,6.55));
#254 = VECTOR('',#255,1.);
#255 = DIRECTION('',(-1.,0.,0.));
#256 = ORIENTED_EDGE('',*,*,#126,.F.);
#257 = ORIENTED_EDGE('',*,*,#258,.F.);
#258 = EDGE_CURVE('',#229,#127,#259,.T.);
#259 = LINE('',#260,#261);
#260 = CARTESIAN_POINT('',(1.75,1.55,0.15));
#261 = VECTOR('',#262,1.);
#262 = DIRECTION('',(-1.,0.,0.));
#263 = PLANE('',#264);
#264 = AXIS2_PLACEMENT_3D('',#265,#266,#267);
#265 = CARTESIAN_POINT('',(1.75,1.55,0.));
#266 = DIRECTION('',(0.,-1.,0.));
#267 = DIRECTION('',(-1.,0.,0.));
#268 = ADVANCED_FACE('',(#269),#287,.T.);
#269 = FACE_BOUND('',#270,.F.);
#270 = EDGE_LOOP('',(#271,#279,#280,#281));
#271 = ORIENTED_EDGE('',*,*,#272,.F.);
#272 = EDGE_CURVE('',#127,#273,#275,.T.);
#273 = VERTEX_POINT('',#274);
#274 = CARTESIAN_POINT('',(1.4,1.4,5.551115123126E-17));
#275 = LINE('',#276,#277);
#276 = CARTESIAN_POINT('',(1.383333333333,1.416666666667,
    1.666666666667E-02));
#277 = VECTOR('',#278,1.);
#278 = DIRECTION('',(0.57735026919,-0.57735026919,-0.57735026919));
#279 = ORIENTED_EDGE('',*,*,#143,.T.);
#280 = ORIENTED_EDGE('',*,*,#157,.T.);
#281 = ORIENTED_EDGE('',*,*,#282,.F.);
#282 = EDGE_CURVE('',#273,#158,#283,.T.);
#283 = LINE('',#284,#285);
#284 = CARTESIAN_POINT('',(1.4,1.55,0.));
#285 = VECTOR('',#286,1.);
#286 = DIRECTION('',(0.,-1.,0.));
#287 = PLANE('',#288);
#288 = AXIS2_PLACEMENT_3D('',#289,#290,#291);
#289 = CARTESIAN_POINT('',(1.325,1.55,7.5E-02));
#290 = DIRECTION('',(-0.707106781187,-8.237050609813E-19,-0.707106781187
    ));
#291 = DIRECTION('',(-5.824474343176E-19,1.,-5.824474343176E-19));
#292 = ADVANCED_FACE('',(#293),#311,.F.);
#293 = FACE_BOUND('',#294,.T.);
#294 = EDGE_LOOP('',(#295,#303,#304,#305));
#295 = ORIENTED_EDGE('',*,*,#296,.F.);
#296 = EDGE_CURVE('',#129,#297,#299,.T.);
#297 = VERTEX_POINT('',#298);
#298 = CARTESIAN_POINT('',(1.4,1.4,6.7));
#299 = LINE('',#300,#301);
#300 = CARTESIAN_POINT('',(1.383333333333,1.416666666667,6.683333333333)
  );
#301 = VECTOR('',#302,1.);
#302 = DIRECTION('',(0.57735026919,-0.57735026919,0.57735026919));
#303 = ORIENTED_EDGE('',*,*,#136,.T.);
#304 = ORIENTED_EDGE('',*,*,#188,.T.);
#305 = ORIENTED_EDGE('',*,*,#306,.F.);
#306 = EDGE_CURVE('',#297,#189,#307,.T.);
#307 = LINE('',#308,#309);
#308 = CARTESIAN_POINT('',(1.4,1.55,6.7));
#309 = VECTOR('',#310,1.);
#310 = DIRECTION('',(0.,-1.,0.));
#311 = PLANE('',#312);
#312 = AXIS2_PLACEMENT_3D('',#313,#314,#315);
#313 = CARTESIAN_POINT('',(1.325,1.55,6.625));
#314 = DIRECTION('',(0.707106781187,2.654713976145E-19,-0.707106781187)
  );
#315 = DIRECTION('',(-1.877166254643E-19,1.,1.877166254643E-19));
#316 = ADVANCED_FACE('',(#317),#335,.F.);
#317 = FACE_BOUND('',#318,.F.);
#318 = EDGE_LOOP('',(#319,#320,#328,#334));
#319 = ORIENTED_EDGE('',*,*,#174,.T.);
#320 = ORIENTED_EDGE('',*,*,#321,.T.);
#321 = EDGE_CURVE('',#167,#322,#324,.T.);
#322 = VERTEX_POINT('',#323);
#323 = CARTESIAN_POINT('',(1.6,1.4,-1.804112415016E-16));
#324 = LINE('',#325,#326);
#325 = CARTESIAN_POINT('',(1.6,1.05,0.));
#326 = VECTOR('',#327,1.);
#327 = DIRECTION('',(0.,1.,0.));
#328 = ORIENTED_EDGE('',*,*,#329,.T.);
#329 = EDGE_CURVE('',#322,#273,#330,.T.);
#330 = LINE('',#331,#332);
#331 = CARTESIAN_POINT('',(1.75,1.4,0.));
#332 = VECTOR('',#333,1.);
#333 = DIRECTION('',(-1.,0.,0.));
#334 = ORIENTED_EDGE('',*,*,#282,.T.);
#335 = PLANE('',#336);
#336 = AXIS2_PLACEMENT_3D('',#337,#338,#339);
#337 = CARTESIAN_POINT('',(1.5,1.3,0.));
#338 = DIRECTION('',(0.,0.,1.));
#339 = DIRECTION('',(1.,0.,0.));
#340 = ADVANCED_FACE('',(#341),#352,.T.);
#341 = FACE_BOUND('',#342,.F.);
#342 = EDGE_LOOP('',(#343,#344,#345,#351));
#343 = ORIENTED_EDGE('',*,*,#166,.F.);
#344 = ORIENTED_EDGE('',*,*,#236,.T.);
#345 = ORIENTED_EDGE('',*,*,#346,.T.);
#346 = EDGE_CURVE('',#229,#322,#347,.T.);
#347 = LINE('',#348,#349);
#348 = CARTESIAN_POINT('',(1.616666666667,1.416666666667,
    1.666666666667E-02));
#349 = VECTOR('',#350,1.);
#350 = DIRECTION('',(-0.57735026919,-0.57735026919,-0.57735026919));
#351 = ORIENTED_EDGE('',*,*,#321,.F.);
#352 = PLANE('',#353);
#353 = AXIS2_PLACEMENT_3D('',#354,#355,#356);
#354 = CARTESIAN_POINT('',(1.675,1.05,7.5E-02));
#355 = DIRECTION('',(0.707106781187,8.237050609813E-19,-0.707106781187)
  );
#356 = DIRECTION('',(5.824474343176E-19,-1.,-5.824474343176E-19));
#357 = ADVANCED_FACE('',(#358),#376,.T.);
#358 = FACE_BOUND('',#359,.T.);
#359 = EDGE_LOOP('',(#360,#361,#369,#375));
#360 = ORIENTED_EDGE('',*,*,#205,.T.);
#361 = ORIENTED_EDGE('',*,*,#362,.T.);
#362 = EDGE_CURVE('',#198,#363,#365,.T.);
#363 = VERTEX_POINT('',#364);
#364 = CARTESIAN_POINT('',(1.6,1.4,6.7));
#365 = LINE('',#366,#367);
#366 = CARTESIAN_POINT('',(1.6,1.05,6.7));
#367 = VECTOR('',#368,1.);
#368 = DIRECTION('',(0.,1.,0.));
#369 = ORIENTED_EDGE('',*,*,#370,.T.);
#370 = EDGE_CURVE('',#363,#297,#371,.T.);
#371 = LINE('',#372,#373);
#372 = CARTESIAN_POINT('',(1.75,1.4,6.7));
#373 = VECTOR('',#374,1.);
#374 = DIRECTION('',(-1.,0.,0.));
#375 = ORIENTED_EDGE('',*,*,#306,.T.);
#376 = PLANE('',#377);
#377 = AXIS2_PLACEMENT_3D('',#378,#379,#380);
#378 = CARTESIAN_POINT('',(1.5,1.3,6.7));
#379 = DIRECTION('',(0.,0.,1.));
#380 = DIRECTION('',(1.,0.,0.));
#381 = ADVANCED_FACE('',(#382),#393,.F.);
#382 = FACE_BOUND('',#383,.T.);
#383 = EDGE_LOOP('',(#384,#385,#386,#392));
#384 = ORIENTED_EDGE('',*,*,#197,.F.);
#385 = ORIENTED_EDGE('',*,*,#220,.T.);
#386 = ORIENTED_EDGE('',*,*,#387,.T.);
#387 = EDGE_CURVE('',#221,#363,#388,.T.);
#388 = LINE('',#389,#390);
#389 = CARTESIAN_POINT('',(1.616666666667,1.416666666667,6.683333333333)
  );
#390 = VECTOR('',#391,1.);
#391 = DIRECTION('',(-0.57735026919,-0.57735026919,0.57735026919));
#392 = ORIENTED_EDGE('',*,*,#362,.F.);
#393 = PLANE('',#394);
#394 = AXIS2_PLACEMENT_3D('',#395,#396,#397);
#395 = CARTESIAN_POINT('',(1.675,1.05,6.625));
#396 = DIRECTION('',(-0.707106781187,-2.654713976145E-19,-0.707106781187
    ));
#397 = DIRECTION('',(1.877166254643E-19,-1.,1.877166254643E-19));
#398 = ADVANCED_FACE('',(#399),#405,.T.);
#399 = FACE_BOUND('',#400,.F.);
#400 = EDGE_LOOP('',(#401,#402,#403,#404));
#401 = ORIENTED_EDGE('',*,*,#346,.F.);
#402 = ORIENTED_EDGE('',*,*,#258,.T.);
#403 = ORIENTED_EDGE('',*,*,#272,.T.);
#404 = ORIENTED_EDGE('',*,*,#329,.F.);
#405 = PLANE('',#406);
#406 = AXIS2_PLACEMENT_3D('',#407,#408,#409);
#407 = CARTESIAN_POINT('',(1.75,1.475,7.5E-02));
#408 = DIRECTION('',(7.353442306461E-19,0.707106781187,-0.707106781187)
  );
#409 = DIRECTION('',(1.,-5.199668919963E-19,5.199668919963E-19));
#410 = ADVANCED_FACE('',(#411),#417,.F.);
#411 = FACE_BOUND('',#412,.T.);
#412 = EDGE_LOOP('',(#413,#414,#415,#416));
#413 = ORIENTED_EDGE('',*,*,#387,.F.);
#414 = ORIENTED_EDGE('',*,*,#251,.T.);
#415 = ORIENTED_EDGE('',*,*,#296,.T.);
#416 = ORIENTED_EDGE('',*,*,#370,.F.);
#417 = PLANE('',#418);
#418 = AXIS2_PLACEMENT_3D('',#419,#420,#421);
#419 = CARTESIAN_POINT('',(1.75,1.475,6.625));
#420 = DIRECTION('',(7.031174262152E-19,-0.707106781187,-0.707106781187)
  );
#421 = DIRECTION('',(1.,4.971791000472E-19,4.971791000472E-19));
#422 = ( GEOMETRIC_REPRESENTATION_CONTEXT(3) 
GLOBAL_UNCERTAINTY_ASSIGNED_CONTEXT((#426)) GLOBAL_UNIT_ASSIGNED_CONTEXT
((#423,#424,#425)) REPRESENTATION_CONTEXT('Context #1',
  '3D Context with UNIT and UNCERTAINTY') );
#423 = ( LENGTH_UNIT() NAMED_UNIT(*) SI_UNIT(.MILLI.,.METRE.) );
#424 = ( NAMED_UNIT(*) PLANE_ANGLE_UNIT() SI_UNIT($,.RADIAN.) );
#425 = ( NAMED_UNIT(*) SI_UNIT($,.STERADIAN.) SOLID_ANGLE_UNIT() );
#426 = UNCERTAINTY_MEASURE_WITH_UNIT(LENGTH_MEASURE(1.E-07),#423,
  'distance_accuracy_value','confusion accuracy');
#427 = CONTEXT_DEPENDENT_SHAPE_REPRESENTATION(#428,#430);
#428 = ( REPRESENTATION_RELATIONSHIP('','',#79,#36) 
REPRESENTATION_RELATIONSHIP_WITH_TRANSFORMATION(#429) 
SHAPE_REPRESENTATION_RELATIONSHIP() );
#429 = ITEM_DEFINED_TRANSFORMATION('','',#11,#37);
#430 = PRODUCT_DEFINITION_SHAPE('Placement','Placement of an item',#431
  );
#431 = NEXT_ASSEMBLY_USAGE_OCCURRENCE('1','0','',#31,#74,$);
#432 = PRODUCT_RELATED_PRODUCT_CATEGORY('part',$,(#76));
#433 = CONTEXT_DEPENDENT_SHAPE_REPRESENTATION(#434,#436);
#434 = ( REPRESENTATION_RELATIONSHIP('','',#79,#36) 
REPRESENTATION_RELATIONSHIP_WITH_TRANSFORMATION(#435) 
SHAPE_REPRESENTATION_RELATIONSHIP() );
#435 = ITEM_DEFINED_TRANSFORMATION('','',#11,#41);
#436 = PRODUCT_DEFINITION_SHAPE('Placement','Placement of an item',#437
  );
#437 = NEXT_ASSEMBLY_USAGE_OCCURRENCE('2','1','',#31,#74,$);
#438 = CONTEXT_DEPENDENT_SHAPE_REPRESENTATION(#439,#441);
#439 = ( REPRESENTATION_RELATIONSHIP('','',#79,#36) 
REPRESENTATION_RELATIONSHIP_WITH_TRANSFORMATION(#440) 
SHAPE_REPRESENTATION_RELATIONSHIP() );
#440 = ITEM_DEFINED_TRANSFORMATION('','',#11,#45);
#441 = PRODUCT_DEFINITION_SHAPE('Placement','Placement of an item',#442
  );
#442 = NEXT_ASSEMBLY_USAGE_OCCURRENCE('3','2','',#31,#74,$);
#443 = CONTEXT_DEPENDENT_SHAPE_REPRESENTATION(#444,#446);
#444 = ( REPRESENTATION_RELATIONSHIP('','',#79,#36) 
REPRESENTATION_RELATIONSHIP_WITH_TRANSFORMATION(#445) 
SHAPE_REPRESENTATION_RELATIONSHIP() );
#445 = ITEM_DEFINED_TRANSFORMATION('','',#11,#49);
#446 = PRODUCT_DEFINITION_SHAPE('Placement','Placement of an item',#447
  );
#447 = NEXT_ASSEMBLY_USAGE_OCCURRENCE('4','3','',#31,#74,$);
#448 = CONTEXT_DEPENDENT_SHAPE_REPRESENTATION(#449,#451);
#449 = ( REPRESENTATION_RELATIONSHIP('','',#79,#36) 
REPRESENTATION_RELATIONSHIP_WITH_TRANSFORMATION(#450) 
SHAPE_REPRESENTATION_RELATIONSHIP() );
#450 = ITEM_DEFINED_TRANSFORMATION('','',#11,#53);
#451 = PRODUCT_DEFINITION_SHAPE('Placement','Placement of an item',#452
  );
#452 = NEXT_ASSEMBLY_USAGE_OCCURRENCE('5','4','',#31,#74,$);
#453 = CONTEXT_DEPENDENT_SHAPE_REPRESENTATION(#454,#456);
#454 = ( REPRESENTATION_RELATIONSHIP('','',#79,#36) 
REPRESENTATION_RELATIONSHIP_WITH_TRANSFORMATION(#455) 
SHAPE_REPRESENTATION_RELATIONSHIP() );
#455 = ITEM_DEFINED_TRANSFORMATION('','',#11,#57);
#456 = PRODUCT_DEFINITION_SHAPE('Placement','Placement of an item',#457
  );
#457 = NEXT_ASSEMBLY_USAGE_OCCURRENCE('6','5','',#31,#74,$);
#458 = SHAPE_DEFINITION_REPRESENTATION(#459,#465);
#459 = PRODUCT_DEFINITION_SHAPE('','',#460);
#460 = PRODUCT_DEFINITION('design','',#461,#464);
#461 = PRODUCT_DEFINITION_FORMATION('','',#462);
#462 = PRODUCT('Pocket004','Pocket004','',(#463));
#463 = PRODUCT_CONTEXT('',#2,'mechanical');
#464 = PRODUCT_DEFINITION_CONTEXT('part definition',#2,'design');
#465 = ADVANCED_BREP_SHAPE_REPRESENTATION('',(#11,#466),#2516);
#466 = MANIFOLD_SOLID_BREP('',#467);
#467 = CLOSED_SHELL('',(#468,#606,#637,#661,#686,#710,#735,#759,#783,
    #839,#863,#1091,#1115,#1139,#1163,#1187,#1279,#1328,#1367,#1440,
    #1464,#1488,#1562,#1593,#1617,#1641,#1658,#1689,#1713,#1737,#1754,
    #1785,#1809,#1833,#1850,#1881,#1905,#1929,#1946,#1977,#2001,#2025,
    #2042,#2073,#2097,#2121,#2138,#2169,#2193,#2217,#2234,#2265,#2289,
    #2313,#2330,#2347,#2364,#2412,#2429,#2446,#2463,#2480,#2492,#2504));
#468 = ADVANCED_FACE('',(#469),#601,.F.);
#469 = FACE_BOUND('',#470,.F.);
#470 = EDGE_LOOP('',(#471,#481,#489,#497,#505,#513,#521,#529,#537,#545,
    #553,#561,#569,#578,#586,#595));
#471 = ORIENTED_EDGE('',*,*,#472,.F.);
#472 = EDGE_CURVE('',#473,#475,#477,.T.);
#473 = VERTEX_POINT('',#474);
#474 = CARTESIAN_POINT('',(0.,0.7,4.5));
#475 = VERTEX_POINT('',#476);
#476 = CARTESIAN_POINT('',(0.,1.,4.2));
#477 = LINE('',#478,#479);
#478 = CARTESIAN_POINT('',(0.,2.6,2.6));
#479 = VECTOR('',#480,1.);
#480 = DIRECTION('',(0.,0.707106781187,-0.707106781187));
#481 = ORIENTED_EDGE('',*,*,#482,.T.);
#482 = EDGE_CURVE('',#473,#483,#485,.T.);
#483 = VERTEX_POINT('',#484);
#484 = CARTESIAN_POINT('',(0.,0.,4.5));
#485 = LINE('',#486,#487);
#486 = CARTESIAN_POINT('',(0.,3.5,4.5));
#487 = VECTOR('',#488,1.);
#488 = DIRECTION('',(0.,-1.,0.));
#489 = ORIENTED_EDGE('',*,*,#490,.F.);
#490 = EDGE_CURVE('',#491,#483,#493,.T.);
#491 = VERTEX_POINT('',#492);
#492 = CARTESIAN_POINT('',(0.,0.,0.9));
#493 = LINE('',#494,#495);
#494 = CARTESIAN_POINT('',(0.,0.,0.));
#495 = VECTOR('',#496,1.);
#496 = DIRECTION('',(0.,0.,1.));
#497 = ORIENTED_EDGE('',*,*,#498,.F.);
#498 = EDGE_CURVE('',#499,#491,#501,.T.);
#499 = VERTEX_POINT('',#500);
#500 = CARTESIAN_POINT('',(0.,0.25,0.9));
#501 = LINE('',#502,#503);
#502 = CARTESIAN_POINT('',(0.,0.25,0.9));
#503 = VECTOR('',#504,1.);
#504 = DIRECTION('',(0.,-1.,0.));
#505 = ORIENTED_EDGE('',*,*,#506,.F.);
#506 = EDGE_CURVE('',#507,#499,#509,.T.);
#507 = VERTEX_POINT('',#508);
#508 = CARTESIAN_POINT('',(0.,0.25,0.5));
#509 = LINE('',#510,#511);
#510 = CARTESIAN_POINT('',(0.,0.25,0.5));
#511 = VECTOR('',#512,1.);
#512 = DIRECTION('',(0.,0.,1.));
#513 = ORIENTED_EDGE('',*,*,#514,.F.);
#514 = EDGE_CURVE('',#515,#507,#517,.T.);
#515 = VERTEX_POINT('',#516);
#516 = CARTESIAN_POINT('',(0.,0.,0.5));
#517 = LINE('',#518,#519);
#518 = CARTESIAN_POINT('',(0.,0.,0.5));
#519 = VECTOR('',#520,1.);
#520 = DIRECTION('',(0.,1.,0.));
#521 = ORIENTED_EDGE('',*,*,#522,.F.);
#522 = EDGE_CURVE('',#523,#515,#525,.T.);
#523 = VERTEX_POINT('',#524);
#524 = CARTESIAN_POINT('',(0.,0.,0.));
#525 = LINE('',#526,#527);
#526 = CARTESIAN_POINT('',(0.,0.,0.));
#527 = VECTOR('',#528,1.);
#528 = DIRECTION('',(0.,0.,1.));
#529 = ORIENTED_EDGE('',*,*,#530,.F.);
#530 = EDGE_CURVE('',#531,#523,#533,.T.);
#531 = VERTEX_POINT('',#532);
#532 = CARTESIAN_POINT('',(0.,3.5,0.));
#533 = LINE('',#534,#535);
#534 = CARTESIAN_POINT('',(0.,3.5,0.));
#535 = VECTOR('',#536,1.);
#536 = DIRECTION('',(0.,-1.,0.));
#537 = ORIENTED_EDGE('',*,*,#538,.T.);
#538 = EDGE_CURVE('',#531,#539,#541,.T.);
#539 = VERTEX_POINT('',#540);
#540 = CARTESIAN_POINT('',(0.,3.5,4.5));
#541 = LINE('',#542,#543);
#542 = CARTESIAN_POINT('',(0.,3.5,0.));
#543 = VECTOR('',#544,1.);
#544 = DIRECTION('',(0.,0.,1.));
#545 = ORIENTED_EDGE('',*,*,#546,.T.);
#546 = EDGE_CURVE('',#539,#547,#549,.T.);
#547 = VERTEX_POINT('',#548);
#548 = CARTESIAN_POINT('',(0.,2.4,4.5));
#549 = LINE('',#550,#551);
#550 = CARTESIAN_POINT('',(0.,3.5,4.5));
#551 = VECTOR('',#552,1.);
#552 = DIRECTION('',(0.,-1.,0.));
#553 = ORIENTED_EDGE('',*,*,#554,.F.);
#554 = EDGE_CURVE('',#555,#547,#557,.T.);
#555 = VERTEX_POINT('',#556);
#556 = CARTESIAN_POINT('',(0.,2.1,4.2));
#557 = LINE('',#558,#559);
#558 = CARTESIAN_POINT('',(-4.440892098501E-17,1.475,3.575));
#559 = VECTOR('',#560,1.);
#560 = DIRECTION('',(0.,0.707106781187,0.707106781187));
#561 = ORIENTED_EDGE('',*,*,#562,.F.);
#562 = EDGE_CURVE('',#563,#555,#565,.T.);
#563 = VERTEX_POINT('',#564);
#564 = CARTESIAN_POINT('',(0.,2.1,2.5));
#565 = LINE('',#566,#567);
#566 = CARTESIAN_POINT('',(0.,2.1,1.25));
#567 = VECTOR('',#568,1.);
#568 = DIRECTION('',(0.,0.,1.));
#569 = ORIENTED_EDGE('',*,*,#570,.F.);
#570 = EDGE_CURVE('',#571,#563,#573,.T.);
#571 = VERTEX_POINT('',#572);
#572 = CARTESIAN_POINT('',(0.,1.6,2.));
#573 = CIRCLE('',#574,0.5);
#574 = AXIS2_PLACEMENT_3D('',#575,#576,#577);
#575 = CARTESIAN_POINT('',(0.,1.6,2.5));
#576 = DIRECTION('',(1.,0.,0.));
#577 = DIRECTION('',(0.,1.,0.));
#578 = ORIENTED_EDGE('',*,*,#579,.F.);
#579 = EDGE_CURVE('',#580,#571,#582,.T.);
#580 = VERTEX_POINT('',#581);
#581 = CARTESIAN_POINT('',(0.,1.5,2.));
#582 = LINE('',#583,#584);
#583 = CARTESIAN_POINT('',(0.,2.5,2.));
#584 = VECTOR('',#585,1.);
#585 = DIRECTION('',(0.,1.,0.));
#586 = ORIENTED_EDGE('',*,*,#587,.F.);
#587 = EDGE_CURVE('',#588,#580,#590,.T.);
#588 = VERTEX_POINT('',#589);
#589 = CARTESIAN_POINT('',(0.,1.,2.5));
#590 = CIRCLE('',#591,0.5);
#591 = AXIS2_PLACEMENT_3D('',#592,#593,#594);
#592 = CARTESIAN_POINT('',(0.,1.5,2.5));
#593 = DIRECTION('',(1.,0.,0.));
#594 = DIRECTION('',(0.,1.,0.));
#595 = ORIENTED_EDGE('',*,*,#596,.F.);
#596 = EDGE_CURVE('',#475,#588,#597,.T.);
#597 = LINE('',#598,#599);
#598 = CARTESIAN_POINT('',(0.,1.,2.25));
#599 = VECTOR('',#600,1.);
#600 = DIRECTION('',(0.,0.,-1.));
#601 = PLANE('',#602);
#602 = AXIS2_PLACEMENT_3D('',#603,#604,#605);
#603 = CARTESIAN_POINT('',(0.,3.5,0.));
#604 = DIRECTION('',(1.,0.,0.));
#605 = DIRECTION('',(0.,-1.,0.));
#606 = ADVANCED_FACE('',(#607),#632,.F.);
#607 = FACE_BOUND('',#608,.F.);
#608 = EDGE_LOOP('',(#609,#619,#625,#626));
#609 = ORIENTED_EDGE('',*,*,#610,.F.);
#610 = EDGE_CURVE('',#611,#613,#615,.T.);
#611 = VERTEX_POINT('',#612);
#612 = CARTESIAN_POINT('',(0.4,0.7,4.5));
#613 = VERTEX_POINT('',#614);
#614 = CARTESIAN_POINT('',(0.4,1.,4.2));
#615 = LINE('',#616,#617);
#616 = CARTESIAN_POINT('',(0.4,1.4,3.8));
#617 = VECTOR('',#618,1.);
#618 = DIRECTION('',(0.,0.707106781187,-0.707106781187));
#619 = ORIENTED_EDGE('',*,*,#620,.T.);
#620 = EDGE_CURVE('',#611,#473,#621,.T.);
#621 = LINE('',#622,#623);
#622 = CARTESIAN_POINT('',(0.4,0.7,4.5));
#623 = VECTOR('',#624,1.);
#624 = DIRECTION('',(-1.,-0.,-0.));
#625 = ORIENTED_EDGE('',*,*,#472,.T.);
#626 = ORIENTED_EDGE('',*,*,#627,.F.);
#627 = EDGE_CURVE('',#613,#475,#628,.T.);
#628 = LINE('',#629,#630);
#629 = CARTESIAN_POINT('',(0.4,1.,4.2));
#630 = VECTOR('',#631,1.);
#631 = DIRECTION('',(-1.,-0.,-0.));
#632 = PLANE('',#633);
#633 = AXIS2_PLACEMENT_3D('',#634,#635,#636);
#634 = CARTESIAN_POINT('',(0.4,0.85,4.35));
#635 = DIRECTION('',(4.827584719484E-18,-0.707106781187,-0.707106781187)
  );
#636 = DIRECTION('',(-1.,-3.413617891899E-18,-3.413617891899E-18));
#637 = ADVANCED_FACE('',(#638),#656,.F.);
#638 = FACE_BOUND('',#639,.F.);
#639 = EDGE_LOOP('',(#640,#648,#649,#650));
#640 = ORIENTED_EDGE('',*,*,#641,.T.);
#641 = EDGE_CURVE('',#642,#613,#644,.T.);
#642 = VERTEX_POINT('',#643);
#643 = CARTESIAN_POINT('',(0.4,1.,2.5));
#644 = LINE('',#645,#646);
#645 = CARTESIAN_POINT('',(0.4,1.,4.5));
#646 = VECTOR('',#647,1.);
#647 = DIRECTION('',(0.,0.,1.));
#648 = ORIENTED_EDGE('',*,*,#627,.T.);
#649 = ORIENTED_EDGE('',*,*,#596,.T.);
#650 = ORIENTED_EDGE('',*,*,#651,.F.);
#651 = EDGE_CURVE('',#642,#588,#652,.T.);
#652 = LINE('',#653,#654);
#653 = CARTESIAN_POINT('',(10.5,1.,2.5));
#654 = VECTOR('',#655,1.);
#655 = DIRECTION('',(-1.,-0.,-0.));
#656 = PLANE('',#657);
#657 = AXIS2_PLACEMENT_3D('',#658,#659,#660);
#658 = CARTESIAN_POINT('',(10.5,1.,4.5));
#659 = DIRECTION('',(0.,-1.,0.));
#660 = DIRECTION('',(0.,0.,-1.));
#661 = ADVANCED_FACE('',(#662),#681,.F.);
#662 = FACE_BOUND('',#663,.F.);
#663 = EDGE_LOOP('',(#664,#673,#674,#675));
#664 = ORIENTED_EDGE('',*,*,#665,.F.);
#665 = EDGE_CURVE('',#642,#666,#668,.T.);
#666 = VERTEX_POINT('',#667);
#667 = CARTESIAN_POINT('',(0.4,1.5,2.));
#668 = CIRCLE('',#669,0.5);
#669 = AXIS2_PLACEMENT_3D('',#670,#671,#672);
#670 = CARTESIAN_POINT('',(0.4,1.5,2.5));
#671 = DIRECTION('',(1.,0.,0.));
#672 = DIRECTION('',(0.,1.,0.));
#673 = ORIENTED_EDGE('',*,*,#651,.T.);
#674 = ORIENTED_EDGE('',*,*,#587,.T.);
#675 = ORIENTED_EDGE('',*,*,#676,.F.);
#676 = EDGE_CURVE('',#666,#580,#677,.T.);
#677 = LINE('',#678,#679);
#678 = CARTESIAN_POINT('',(10.5,1.5,2.));
#679 = VECTOR('',#680,1.);
#680 = DIRECTION('',(-1.,-0.,-0.));
#681 = CYLINDRICAL_SURFACE('',#682,0.5);
#682 = AXIS2_PLACEMENT_3D('',#683,#684,#685);
#683 = CARTESIAN_POINT('',(10.5,1.5,2.5));
#684 = DIRECTION('',(1.,0.,0.));
#685 = DIRECTION('',(0.,1.,0.));
#686 = ADVANCED_FACE('',(#687),#705,.F.);
#687 = FACE_BOUND('',#688,.F.);
#688 = EDGE_LOOP('',(#689,#697,#698,#699));
#689 = ORIENTED_EDGE('',*,*,#690,.T.);
#690 = EDGE_CURVE('',#691,#666,#693,.T.);
#691 = VERTEX_POINT('',#692);
#692 = CARTESIAN_POINT('',(0.4,1.6,2.));
#693 = LINE('',#694,#695);
#694 = CARTESIAN_POINT('',(0.4,2.35,2.));
#695 = VECTOR('',#696,1.);
#696 = DIRECTION('',(-0.,-1.,-0.));
#697 = ORIENTED_EDGE('',*,*,#676,.T.);
#698 = ORIENTED_EDGE('',*,*,#579,.T.);
#699 = ORIENTED_EDGE('',*,*,#700,.F.);
#700 = EDGE_CURVE('',#691,#571,#701,.T.);
#701 = LINE('',#702,#703);
#702 = CARTESIAN_POINT('',(10.5,1.6,2.));
#703 = VECTOR('',#704,1.);
#704 = DIRECTION('',(-1.,-0.,-0.));
#705 = PLANE('',#706);
#706 = AXIS2_PLACEMENT_3D('',#707,#708,#709);
#707 = CARTESIAN_POINT('',(10.5,1.5,2.));
#708 = DIRECTION('',(0.,0.,-1.));
#709 = DIRECTION('',(0.,1.,0.));
#710 = ADVANCED_FACE('',(#711),#730,.F.);
#711 = FACE_BOUND('',#712,.F.);
#712 = EDGE_LOOP('',(#713,#722,#723,#724));
#713 = ORIENTED_EDGE('',*,*,#714,.F.);
#714 = EDGE_CURVE('',#691,#715,#717,.T.);
#715 = VERTEX_POINT('',#716);
#716 = CARTESIAN_POINT('',(0.4,2.1,2.5));
#717 = CIRCLE('',#718,0.5);
#718 = AXIS2_PLACEMENT_3D('',#719,#720,#721);
#719 = CARTESIAN_POINT('',(0.4,1.6,2.5));
#720 = DIRECTION('',(1.,0.,0.));
#721 = DIRECTION('',(0.,1.,0.));
#722 = ORIENTED_EDGE('',*,*,#700,.T.);
#723 = ORIENTED_EDGE('',*,*,#570,.T.);
#724 = ORIENTED_EDGE('',*,*,#725,.F.);
#725 = EDGE_CURVE('',#715,#563,#726,.T.);
#726 = LINE('',#727,#728);
#727 = CARTESIAN_POINT('',(10.5,2.1,2.5));
#728 = VECTOR('',#729,1.);
#729 = DIRECTION('',(-1.,-0.,-0.));
#730 = CYLINDRICAL_SURFACE('',#731,0.5);
#731 = AXIS2_PLACEMENT_3D('',#732,#733,#734);
#732 = CARTESIAN_POINT('',(10.5,1.6,2.5));
#733 = DIRECTION('',(1.,0.,0.));
#734 = DIRECTION('',(0.,1.,0.));
#735 = ADVANCED_FACE('',(#736),#754,.F.);
#736 = FACE_BOUND('',#737,.F.);
#737 = EDGE_LOOP('',(#738,#746,#747,#748));
#738 = ORIENTED_EDGE('',*,*,#739,.T.);
#739 = EDGE_CURVE('',#740,#715,#742,.T.);
#740 = VERTEX_POINT('',#741);
#741 = CARTESIAN_POINT('',(0.4,2.1,4.2));
#742 = LINE('',#743,#744);
#743 = CARTESIAN_POINT('',(0.4,2.1,3.5));
#744 = VECTOR('',#745,1.);
#745 = DIRECTION('',(0.,0.,-1.));
#746 = ORIENTED_EDGE('',*,*,#725,.T.);
#747 = ORIENTED_EDGE('',*,*,#562,.T.);
#748 = ORIENTED_EDGE('',*,*,#749,.F.);
#749 = EDGE_CURVE('',#740,#555,#750,.T.);
#750 = LINE('',#751,#752);
#751 = CARTESIAN_POINT('',(0.4,2.1,4.2));
#752 = VECTOR('',#753,1.);
#753 = DIRECTION('',(-1.,-0.,-0.));
#754 = PLANE('',#755);
#755 = AXIS2_PLACEMENT_3D('',#756,#757,#758);
#756 = CARTESIAN_POINT('',(10.5,2.1,2.5));
#757 = DIRECTION('',(0.,1.,0.));
#758 = DIRECTION('',(0.,0.,1.));
#759 = ADVANCED_FACE('',(#760),#778,.F.);
#760 = FACE_BOUND('',#761,.F.);
#761 = EDGE_LOOP('',(#762,#770,#771,#772));
#762 = ORIENTED_EDGE('',*,*,#763,.F.);
#763 = EDGE_CURVE('',#740,#764,#766,.T.);
#764 = VERTEX_POINT('',#765);
#765 = CARTESIAN_POINT('',(0.4,2.4,4.5));
#766 = LINE('',#767,#768);
#767 = CARTESIAN_POINT('',(0.4,2.525,4.625));
#768 = VECTOR('',#769,1.);
#769 = DIRECTION('',(0.,0.707106781187,0.707106781187));
#770 = ORIENTED_EDGE('',*,*,#749,.T.);
#771 = ORIENTED_EDGE('',*,*,#554,.T.);
#772 = ORIENTED_EDGE('',*,*,#773,.F.);
#773 = EDGE_CURVE('',#764,#547,#774,.T.);
#774 = LINE('',#775,#776);
#775 = CARTESIAN_POINT('',(0.4,2.4,4.5));
#776 = VECTOR('',#777,1.);
#777 = DIRECTION('',(-1.,-0.,-0.));
#778 = PLANE('',#779);
#779 = AXIS2_PLACEMENT_3D('',#780,#781,#782);
#780 = CARTESIAN_POINT('',(0.4,2.25,4.35));
#781 = DIRECTION('',(-9.293197397199E-19,0.707106781187,-0.707106781187)
  );
#782 = DIRECTION('',(-1.,-6.571282898464E-19,6.571282898464E-19));
#783 = ADVANCED_FACE('',(#784),#834,.T.);
#784 = FACE_BOUND('',#785,.T.);
#785 = EDGE_LOOP('',(#786,#787,#788,#796,#804,#812,#820,#828));
#786 = ORIENTED_EDGE('',*,*,#546,.T.);
#787 = ORIENTED_EDGE('',*,*,#773,.F.);
#788 = ORIENTED_EDGE('',*,*,#789,.F.);
#789 = EDGE_CURVE('',#790,#764,#792,.T.);
#790 = VERTEX_POINT('',#791);
#791 = CARTESIAN_POINT('',(0.4,3.2,4.5));
#792 = LINE('',#793,#794);
#793 = CARTESIAN_POINT('',(0.4,3.2,4.5));
#794 = VECTOR('',#795,1.);
#795 = DIRECTION('',(0.,-1.,0.));
#796 = ORIENTED_EDGE('',*,*,#797,.F.);
#797 = EDGE_CURVE('',#798,#790,#800,.T.);
#798 = VERTEX_POINT('',#799);
#799 = CARTESIAN_POINT('',(10.1,3.2,4.5));
#800 = LINE('',#801,#802);
#801 = CARTESIAN_POINT('',(10.1,3.2,4.5));
#802 = VECTOR('',#803,1.);
#803 = DIRECTION('',(-1.,0.,0.));
#804 = ORIENTED_EDGE('',*,*,#805,.F.);
#805 = EDGE_CURVE('',#806,#798,#808,.T.);
#806 = VERTEX_POINT('',#807);
#807 = CARTESIAN_POINT('',(10.1,2.4,4.5));
#808 = LINE('',#809,#810);
#809 = CARTESIAN_POINT('',(10.1,0.3,4.5));
#810 = VECTOR('',#811,1.);
#811 = DIRECTION('',(0.,1.,0.));
#812 = ORIENTED_EDGE('',*,*,#813,.F.);
#813 = EDGE_CURVE('',#814,#806,#816,.T.);
#814 = VERTEX_POINT('',#815);
#815 = CARTESIAN_POINT('',(10.5,2.4,4.5));
#816 = LINE('',#817,#818);
#817 = CARTESIAN_POINT('',(10.5,2.4,4.5));
#818 = VECTOR('',#819,1.);
#819 = DIRECTION('',(-1.,-0.,-0.));
#820 = ORIENTED_EDGE('',*,*,#821,.T.);
#821 = EDGE_CURVE('',#814,#822,#824,.T.);
#822 = VERTEX_POINT('',#823);
#823 = CARTESIAN_POINT('',(10.5,3.5,4.5));
#824 = LINE('',#825,#826);
#825 = CARTESIAN_POINT('',(10.5,0.,4.5));
#826 = VECTOR('',#827,1.);
#827 = DIRECTION('',(0.,1.,0.));
#828 = ORIENTED_EDGE('',*,*,#829,.T.);
#829 = EDGE_CURVE('',#822,#539,#830,.T.);
#830 = LINE('',#831,#832);
#831 = CARTESIAN_POINT('',(10.5,3.5,4.5));
#832 = VECTOR('',#833,1.);
#833 = DIRECTION('',(-1.,0.,0.));
#834 = PLANE('',#835);
#835 = AXIS2_PLACEMENT_3D('',#836,#837,#838);
#836 = CARTESIAN_POINT('',(5.25,1.75,4.5));
#837 = DIRECTION('',(0.,0.,1.));
#838 = DIRECTION('',(1.,0.,0.));
#839 = ADVANCED_FACE('',(#840),#858,.F.);
#840 = FACE_BOUND('',#841,.F.);
#841 = EDGE_LOOP('',(#842,#850,#851,#852));
#842 = ORIENTED_EDGE('',*,*,#843,.T.);
#843 = EDGE_CURVE('',#844,#822,#846,.T.);
#844 = VERTEX_POINT('',#845);
#845 = CARTESIAN_POINT('',(10.5,3.5,0.));
#846 = LINE('',#847,#848);
#847 = CARTESIAN_POINT('',(10.5,3.5,0.));
#848 = VECTOR('',#849,1.);
#849 = DIRECTION('',(0.,0.,1.));
#850 = ORIENTED_EDGE('',*,*,#829,.T.);
#851 = ORIENTED_EDGE('',*,*,#538,.F.);
#852 = ORIENTED_EDGE('',*,*,#853,.F.);
#853 = EDGE_CURVE('',#844,#531,#854,.T.);
#854 = LINE('',#855,#856);
#855 = CARTESIAN_POINT('',(10.5,3.5,0.));
#856 = VECTOR('',#857,1.);
#857 = DIRECTION('',(-1.,0.,0.));
#858 = PLANE('',#859);
#859 = AXIS2_PLACEMENT_3D('',#860,#861,#862);
#860 = CARTESIAN_POINT('',(10.5,3.5,0.));
#861 = DIRECTION('',(0.,-1.,0.));
#862 = DIRECTION('',(-1.,0.,0.));
#863 = ADVANCED_FACE('',(#864,#882,#916,#950,#984,#1018,#1052),#1086,.F.
  );
#864 = FACE_BOUND('',#865,.F.);
#865 = EDGE_LOOP('',(#866,#874,#880,#881));
#866 = ORIENTED_EDGE('',*,*,#867,.T.);
#867 = EDGE_CURVE('',#523,#868,#870,.T.);
#868 = VERTEX_POINT('',#869);
#869 = CARTESIAN_POINT('',(10.5,0.,0.));
#870 = LINE('',#871,#872);
#871 = CARTESIAN_POINT('',(0.,0.,0.));
#872 = VECTOR('',#873,1.);
#873 = DIRECTION('',(1.,0.,0.));
#874 = ORIENTED_EDGE('',*,*,#875,.T.);
#875 = EDGE_CURVE('',#868,#844,#876,.T.);
#876 = LINE('',#877,#878);
#877 = CARTESIAN_POINT('',(10.5,0.,0.));
#878 = VECTOR('',#879,1.);
#879 = DIRECTION('',(0.,1.,0.));
#880 = ORIENTED_EDGE('',*,*,#853,.T.);
#881 = ORIENTED_EDGE('',*,*,#530,.T.);
#882 = FACE_BOUND('',#883,.F.);
#883 = EDGE_LOOP('',(#884,#894,#902,#910));
#884 = ORIENTED_EDGE('',*,*,#885,.F.);
#885 = EDGE_CURVE('',#886,#888,#890,.T.);
#886 = VERTEX_POINT('',#887);
#887 = CARTESIAN_POINT('',(8.75,1.55,0.));
#888 = VERTEX_POINT('',#889);
#889 = CARTESIAN_POINT('',(8.75,1.05,0.));
#890 = LINE('',#891,#892);
#891 = CARTESIAN_POINT('',(8.75,1.55,0.));
#892 = VECTOR('',#893,1.);
#893 = DIRECTION('',(0.,-1.,0.));
#894 = ORIENTED_EDGE('',*,*,#895,.F.);
#895 = EDGE_CURVE('',#896,#886,#898,.T.);
#896 = VERTEX_POINT('',#897);
#897 = CARTESIAN_POINT('',(9.25,1.55,0.));
#898 = LINE('',#899,#900);
#899 = CARTESIAN_POINT('',(9.25,1.55,0.));
#900 = VECTOR('',#901,1.);
#901 = DIRECTION('',(-1.,0.,0.));
#902 = ORIENTED_EDGE('',*,*,#903,.F.);
#903 = EDGE_CURVE('',#904,#896,#906,.T.);
#904 = VERTEX_POINT('',#905);
#905 = CARTESIAN_POINT('',(9.25,1.05,0.));
#906 = LINE('',#907,#908);
#907 = CARTESIAN_POINT('',(9.25,1.05,0.));
#908 = VECTOR('',#909,1.);
#909 = DIRECTION('',(0.,1.,0.));
#910 = ORIENTED_EDGE('',*,*,#911,.F.);
#911 = EDGE_CURVE('',#888,#904,#912,.T.);
#912 = LINE('',#913,#914);
#913 = CARTESIAN_POINT('',(8.75,1.05,0.));
#914 = VECTOR('',#915,1.);
#915 = DIRECTION('',(1.,0.,0.));
#916 = FACE_BOUND('',#917,.F.);
#917 = EDGE_LOOP('',(#918,#928,#936,#944));
#918 = ORIENTED_EDGE('',*,*,#919,.F.);
#919 = EDGE_CURVE('',#920,#922,#924,.T.);
#920 = VERTEX_POINT('',#921);
#921 = CARTESIAN_POINT('',(1.25,1.55,0.));
#922 = VERTEX_POINT('',#923);
#923 = CARTESIAN_POINT('',(1.25,1.05,0.));
#924 = LINE('',#925,#926);
#925 = CARTESIAN_POINT('',(1.25,1.55,0.));
#926 = VECTOR('',#927,1.);
#927 = DIRECTION('',(0.,-1.,0.));
#928 = ORIENTED_EDGE('',*,*,#929,.F.);
#929 = EDGE_CURVE('',#930,#920,#932,.T.);
#930 = VERTEX_POINT('',#931);
#931 = CARTESIAN_POINT('',(1.75,1.55,0.));
#932 = LINE('',#933,#934);
#933 = CARTESIAN_POINT('',(1.75,1.55,0.));
#934 = VECTOR('',#935,1.);
#935 = DIRECTION('',(-1.,0.,0.));
#936 = ORIENTED_EDGE('',*,*,#937,.F.);
#937 = EDGE_CURVE('',#938,#930,#940,.T.);
#938 = VERTEX_POINT('',#939);
#939 = CARTESIAN_POINT('',(1.75,1.05,0.));
#940 = LINE('',#941,#942);
#941 = CARTESIAN_POINT('',(1.75,1.05,0.));
#942 = VECTOR('',#943,1.);
#943 = DIRECTION('',(0.,1.,0.));
#944 = ORIENTED_EDGE('',*,*,#945,.F.);
#945 = EDGE_CURVE('',#922,#938,#946,.T.);
#946 = LINE('',#947,#948);
#947 = CARTESIAN_POINT('',(1.25,1.05,0.));
#948 = VECTOR('',#949,1.);
#949 = DIRECTION('',(1.,0.,0.));
#950 = FACE_BOUND('',#951,.F.);
#951 = EDGE_LOOP('',(#952,#962,#970,#978));
#952 = ORIENTED_EDGE('',*,*,#953,.F.);
#953 = EDGE_CURVE('',#954,#956,#958,.T.);
#954 = VERTEX_POINT('',#955);
#955 = CARTESIAN_POINT('',(2.75,1.55,0.));
#956 = VERTEX_POINT('',#957);
#957 = CARTESIAN_POINT('',(2.75,1.05,0.));
#958 = LINE('',#959,#960);
#959 = CARTESIAN_POINT('',(2.75,1.55,0.));
#960 = VECTOR('',#961,1.);
#961 = DIRECTION('',(0.,-1.,0.));
#962 = ORIENTED_EDGE('',*,*,#963,.F.);
#963 = EDGE_CURVE('',#964,#954,#966,.T.);
#964 = VERTEX_POINT('',#965);
#965 = CARTESIAN_POINT('',(3.25,1.55,0.));
#966 = LINE('',#967,#968);
#967 = CARTESIAN_POINT('',(3.25,1.55,0.));
#968 = VECTOR('',#969,1.);
#969 = DIRECTION('',(-1.,0.,0.));
#970 = ORIENTED_EDGE('',*,*,#971,.F.);
#971 = EDGE_CURVE('',#972,#964,#974,.T.);
#972 = VERTEX_POINT('',#973);
#973 = CARTESIAN_POINT('',(3.25,1.05,0.));
#974 = LINE('',#975,#976);
#975 = CARTESIAN_POINT('',(3.25,1.05,0.));
#976 = VECTOR('',#977,1.);
#977 = DIRECTION('',(0.,1.,0.));
#978 = ORIENTED_EDGE('',*,*,#979,.F.);
#979 = EDGE_CURVE('',#956,#972,#980,.T.);
#980 = LINE('',#981,#982);
#981 = CARTESIAN_POINT('',(2.75,1.05,0.));
#982 = VECTOR('',#983,1.);
#983 = DIRECTION('',(1.,0.,0.));
#984 = FACE_BOUND('',#985,.F.);
#985 = EDGE_LOOP('',(#986,#996,#1004,#1012));
#986 = ORIENTED_EDGE('',*,*,#987,.F.);
#987 = EDGE_CURVE('',#988,#990,#992,.T.);
#988 = VERTEX_POINT('',#989);
#989 = CARTESIAN_POINT('',(4.25,1.55,0.));
#990 = VERTEX_POINT('',#991);
#991 = CARTESIAN_POINT('',(4.25,1.05,0.));
#992 = LINE('',#993,#994);
#993 = CARTESIAN_POINT('',(4.25,1.55,0.));
#994 = VECTOR('',#995,1.);
#995 = DIRECTION('',(0.,-1.,0.));
#996 = ORIENTED_EDGE('',*,*,#997,.F.);
#997 = EDGE_CURVE('',#998,#988,#1000,.T.);
#998 = VERTEX_POINT('',#999);
#999 = CARTESIAN_POINT('',(4.75,1.55,0.));
#1000 = LINE('',#1001,#1002);
#1001 = CARTESIAN_POINT('',(4.75,1.55,0.));
#1002 = VECTOR('',#1003,1.);
#1003 = DIRECTION('',(-1.,0.,0.));
#1004 = ORIENTED_EDGE('',*,*,#1005,.F.);
#1005 = EDGE_CURVE('',#1006,#998,#1008,.T.);
#1006 = VERTEX_POINT('',#1007);
#1007 = CARTESIAN_POINT('',(4.75,1.05,0.));
#1008 = LINE('',#1009,#1010);
#1009 = CARTESIAN_POINT('',(4.75,1.05,0.));
#1010 = VECTOR('',#1011,1.);
#1011 = DIRECTION('',(0.,1.,0.));
#1012 = ORIENTED_EDGE('',*,*,#1013,.F.);
#1013 = EDGE_CURVE('',#990,#1006,#1014,.T.);
#1014 = LINE('',#1015,#1016);
#1015 = CARTESIAN_POINT('',(4.25,1.05,0.));
#1016 = VECTOR('',#1017,1.);
#1017 = DIRECTION('',(1.,0.,0.));
#1018 = FACE_BOUND('',#1019,.F.);
#1019 = EDGE_LOOP('',(#1020,#1030,#1038,#1046));
#1020 = ORIENTED_EDGE('',*,*,#1021,.F.);
#1021 = EDGE_CURVE('',#1022,#1024,#1026,.T.);
#1022 = VERTEX_POINT('',#1023);
#1023 = CARTESIAN_POINT('',(5.75,1.55,0.));
#1024 = VERTEX_POINT('',#1025);
#1025 = CARTESIAN_POINT('',(5.75,1.05,0.));
#1026 = LINE('',#1027,#1028);
#1027 = CARTESIAN_POINT('',(5.75,1.55,0.));
#1028 = VECTOR('',#1029,1.);
#1029 = DIRECTION('',(0.,-1.,0.));
#1030 = ORIENTED_EDGE('',*,*,#1031,.F.);
#1031 = EDGE_CURVE('',#1032,#1022,#1034,.T.);
#1032 = VERTEX_POINT('',#1033);
#1033 = CARTESIAN_POINT('',(6.25,1.55,0.));
#1034 = LINE('',#1035,#1036);
#1035 = CARTESIAN_POINT('',(6.25,1.55,0.));
#1036 = VECTOR('',#1037,1.);
#1037 = DIRECTION('',(-1.,0.,0.));
#1038 = ORIENTED_EDGE('',*,*,#1039,.F.);
#1039 = EDGE_CURVE('',#1040,#1032,#1042,.T.);
#1040 = VERTEX_POINT('',#1041);
#1041 = CARTESIAN_POINT('',(6.25,1.05,0.));
#1042 = LINE('',#1043,#1044);
#1043 = CARTESIAN_POINT('',(6.25,1.05,0.));
#1044 = VECTOR('',#1045,1.);
#1045 = DIRECTION('',(0.,1.,0.));
#1046 = ORIENTED_EDGE('',*,*,#1047,.F.);
#1047 = EDGE_CURVE('',#1024,#1040,#1048,.T.);
#1048 = LINE('',#1049,#1050);
#1049 = CARTESIAN_POINT('',(5.75,1.05,0.));
#1050 = VECTOR('',#1051,1.);
#1051 = DIRECTION('',(1.,0.,0.));
#1052 = FACE_BOUND('',#1053,.F.);
#1053 = EDGE_LOOP('',(#1054,#1064,#1072,#1080));
#1054 = ORIENTED_EDGE('',*,*,#1055,.F.);
#1055 = EDGE_CURVE('',#1056,#1058,#1060,.T.);
#1056 = VERTEX_POINT('',#1057);
#1057 = CARTESIAN_POINT('',(7.25,1.55,0.));
#1058 = VERTEX_POINT('',#1059);
#1059 = CARTESIAN_POINT('',(7.25,1.05,0.));
#1060 = LINE('',#1061,#1062);
#1061 = CARTESIAN_POINT('',(7.25,1.55,0.));
#1062 = VECTOR('',#1063,1.);
#1063 = DIRECTION('',(0.,-1.,0.));
#1064 = ORIENTED_EDGE('',*,*,#1065,.F.);
#1065 = EDGE_CURVE('',#1066,#1056,#1068,.T.);
#1066 = VERTEX_POINT('',#1067);
#1067 = CARTESIAN_POINT('',(7.75,1.55,0.));
#1068 = LINE('',#1069,#1070);
#1069 = CARTESIAN_POINT('',(7.75,1.55,0.));
#1070 = VECTOR('',#1071,1.);
#1071 = DIRECTION('',(-1.,0.,0.));
#1072 = ORIENTED_EDGE('',*,*,#1073,.F.);
#1073 = EDGE_CURVE('',#1074,#1066,#1076,.T.);
#1074 = VERTEX_POINT('',#1075);
#1075 = CARTESIAN_POINT('',(7.75,1.05,0.));
#1076 = LINE('',#1077,#1078);
#1077 = CARTESIAN_POINT('',(7.75,1.05,0.));
#1078 = VECTOR('',#1079,1.);
#1079 = DIRECTION('',(0.,1.,0.));
#1080 = ORIENTED_EDGE('',*,*,#1081,.F.);
#1081 = EDGE_CURVE('',#1058,#1074,#1082,.T.);
#1082 = LINE('',#1083,#1084);
#1083 = CARTESIAN_POINT('',(7.25,1.05,0.));
#1084 = VECTOR('',#1085,1.);
#1085 = DIRECTION('',(1.,0.,0.));
#1086 = PLANE('',#1087);
#1087 = AXIS2_PLACEMENT_3D('',#1088,#1089,#1090);
#1088 = CARTESIAN_POINT('',(5.25,1.75,0.));
#1089 = DIRECTION('',(0.,0.,1.));
#1090 = DIRECTION('',(1.,0.,0.));
#1091 = ADVANCED_FACE('',(#1092),#1110,.F.);
#1092 = FACE_BOUND('',#1093,.F.);
#1093 = EDGE_LOOP('',(#1094,#1095,#1096,#1104));
#1094 = ORIENTED_EDGE('',*,*,#867,.F.);
#1095 = ORIENTED_EDGE('',*,*,#522,.T.);
#1096 = ORIENTED_EDGE('',*,*,#1097,.F.);
#1097 = EDGE_CURVE('',#1098,#515,#1100,.T.);
#1098 = VERTEX_POINT('',#1099);
#1099 = CARTESIAN_POINT('',(10.5,0.,0.5));
#1100 = LINE('',#1101,#1102);
#1101 = CARTESIAN_POINT('',(10.5,0.,0.5));
#1102 = VECTOR('',#1103,1.);
#1103 = DIRECTION('',(-1.,-0.,-0.));
#1104 = ORIENTED_EDGE('',*,*,#1105,.F.);
#1105 = EDGE_CURVE('',#868,#1098,#1106,.T.);
#1106 = LINE('',#1107,#1108);
#1107 = CARTESIAN_POINT('',(10.5,0.,0.));
#1108 = VECTOR('',#1109,1.);
#1109 = DIRECTION('',(0.,0.,1.));
#1110 = PLANE('',#1111);
#1111 = AXIS2_PLACEMENT_3D('',#1112,#1113,#1114);
#1112 = CARTESIAN_POINT('',(0.,0.,0.));
#1113 = DIRECTION('',(0.,1.,0.));
#1114 = DIRECTION('',(1.,0.,0.));
#1115 = ADVANCED_FACE('',(#1116),#1134,.F.);
#1116 = FACE_BOUND('',#1117,.F.);
#1117 = EDGE_LOOP('',(#1118,#1119,#1120,#1128));
#1118 = ORIENTED_EDGE('',*,*,#1097,.T.);
#1119 = ORIENTED_EDGE('',*,*,#514,.T.);
#1120 = ORIENTED_EDGE('',*,*,#1121,.F.);
#1121 = EDGE_CURVE('',#1122,#507,#1124,.T.);
#1122 = VERTEX_POINT('',#1123);
#1123 = CARTESIAN_POINT('',(10.5,0.25,0.5));
#1124 = LINE('',#1125,#1126);
#1125 = CARTESIAN_POINT('',(10.5,0.25,0.5));
#1126 = VECTOR('',#1127,1.);
#1127 = DIRECTION('',(-1.,-0.,-0.));
#1128 = ORIENTED_EDGE('',*,*,#1129,.F.);
#1129 = EDGE_CURVE('',#1098,#1122,#1130,.T.);
#1130 = LINE('',#1131,#1132);
#1131 = CARTESIAN_POINT('',(10.5,0.,0.5));
#1132 = VECTOR('',#1133,1.);
#1133 = DIRECTION('',(0.,1.,0.));
#1134 = PLANE('',#1135);
#1135 = AXIS2_PLACEMENT_3D('',#1136,#1137,#1138);
#1136 = CARTESIAN_POINT('',(10.5,0.,0.5));
#1137 = DIRECTION('',(0.,0.,-1.));
#1138 = DIRECTION('',(0.,1.,0.));
#1139 = ADVANCED_FACE('',(#1140),#1158,.F.);
#1140 = FACE_BOUND('',#1141,.F.);
#1141 = EDGE_LOOP('',(#1142,#1143,#1144,#1152));
#1142 = ORIENTED_EDGE('',*,*,#1121,.T.);
#1143 = ORIENTED_EDGE('',*,*,#506,.T.);
#1144 = ORIENTED_EDGE('',*,*,#1145,.F.);
#1145 = EDGE_CURVE('',#1146,#499,#1148,.T.);
#1146 = VERTEX_POINT('',#1147);
#1147 = CARTESIAN_POINT('',(10.5,0.25,0.9));
#1148 = LINE('',#1149,#1150);
#1149 = CARTESIAN_POINT('',(10.5,0.25,0.9));
#1150 = VECTOR('',#1151,1.);
#1151 = DIRECTION('',(-1.,-0.,-0.));
#1152 = ORIENTED_EDGE('',*,*,#1153,.F.);
#1153 = EDGE_CURVE('',#1122,#1146,#1154,.T.);
#1154 = LINE('',#1155,#1156);
#1155 = CARTESIAN_POINT('',(10.5,0.25,0.5));
#1156 = VECTOR('',#1157,1.);
#1157 = DIRECTION('',(0.,0.,1.));
#1158 = PLANE('',#1159);
#1159 = AXIS2_PLACEMENT_3D('',#1160,#1161,#1162);
#1160 = CARTESIAN_POINT('',(10.5,0.25,0.5));
#1161 = DIRECTION('',(0.,1.,0.));
#1162 = DIRECTION('',(0.,0.,1.));
#1163 = ADVANCED_FACE('',(#1164),#1182,.F.);
#1164 = FACE_BOUND('',#1165,.F.);
#1165 = EDGE_LOOP('',(#1166,#1167,#1168,#1176));
#1166 = ORIENTED_EDGE('',*,*,#1145,.T.);
#1167 = ORIENTED_EDGE('',*,*,#498,.T.);
#1168 = ORIENTED_EDGE('',*,*,#1169,.F.);
#1169 = EDGE_CURVE('',#1170,#491,#1172,.T.);
#1170 = VERTEX_POINT('',#1171);
#1171 = CARTESIAN_POINT('',(10.5,0.,0.9));
#1172 = LINE('',#1173,#1174);
#1173 = CARTESIAN_POINT('',(10.5,0.,0.9));
#1174 = VECTOR('',#1175,1.);
#1175 = DIRECTION('',(-1.,-0.,-0.));
#1176 = ORIENTED_EDGE('',*,*,#1177,.F.);
#1177 = EDGE_CURVE('',#1146,#1170,#1178,.T.);
#1178 = LINE('',#1179,#1180);
#1179 = CARTESIAN_POINT('',(10.5,0.25,0.9));
#1180 = VECTOR('',#1181,1.);
#1181 = DIRECTION('',(0.,-1.,0.));
#1182 = PLANE('',#1183);
#1183 = AXIS2_PLACEMENT_3D('',#1184,#1185,#1186);
#1184 = CARTESIAN_POINT('',(10.5,0.25,0.9));
#1185 = DIRECTION('',(0.,0.,1.));
#1186 = DIRECTION('',(0.,-1.,0.));
#1187 = ADVANCED_FACE('',(#1188,#1206,#1240),#1274,.F.);
#1188 = FACE_BOUND('',#1189,.F.);
#1189 = EDGE_LOOP('',(#1190,#1191,#1192,#1200));
#1190 = ORIENTED_EDGE('',*,*,#1169,.T.);
#1191 = ORIENTED_EDGE('',*,*,#490,.T.);
#1192 = ORIENTED_EDGE('',*,*,#1193,.T.);
#1193 = EDGE_CURVE('',#483,#1194,#1196,.T.);
#1194 = VERTEX_POINT('',#1195);
#1195 = CARTESIAN_POINT('',(10.5,0.,4.5));
#1196 = LINE('',#1197,#1198);
#1197 = CARTESIAN_POINT('',(0.,0.,4.5));
#1198 = VECTOR('',#1199,1.);
#1199 = DIRECTION('',(1.,0.,0.));
#1200 = ORIENTED_EDGE('',*,*,#1201,.F.);
#1201 = EDGE_CURVE('',#1170,#1194,#1202,.T.);
#1202 = LINE('',#1203,#1204);
#1203 = CARTESIAN_POINT('',(10.5,0.,0.));
#1204 = VECTOR('',#1205,1.);
#1205 = DIRECTION('',(0.,0.,1.));
#1206 = FACE_BOUND('',#1207,.F.);
#1207 = EDGE_LOOP('',(#1208,#1218,#1226,#1234));
#1208 = ORIENTED_EDGE('',*,*,#1209,.T.);
#1209 = EDGE_CURVE('',#1210,#1212,#1214,.T.);
#1210 = VERTEX_POINT('',#1211);
#1211 = CARTESIAN_POINT('',(0.5,5.773159728051E-16,2.6));
#1212 = VERTEX_POINT('',#1213);
#1213 = CARTESIAN_POINT('',(0.5,3.552713678801E-16,1.6));
#1214 = LINE('',#1215,#1216);
#1215 = CARTESIAN_POINT('',(0.5,5.773159728051E-16,2.6));
#1216 = VECTOR('',#1217,1.);
#1217 = DIRECTION('',(0.,-2.22044604925E-16,-1.));
#1218 = ORIENTED_EDGE('',*,*,#1219,.T.);
#1219 = EDGE_CURVE('',#1212,#1220,#1222,.T.);
#1220 = VERTEX_POINT('',#1221);
#1221 = CARTESIAN_POINT('',(1.2,3.552713678801E-16,1.6));
#1222 = LINE('',#1223,#1224);
#1223 = CARTESIAN_POINT('',(0.5,3.552713678801E-16,1.6));
#1224 = VECTOR('',#1225,1.);
#1225 = DIRECTION('',(1.,0.,0.));
#1226 = ORIENTED_EDGE('',*,*,#1227,.T.);
#1227 = EDGE_CURVE('',#1220,#1228,#1230,.T.);
#1228 = VERTEX_POINT('',#1229);
#1229 = CARTESIAN_POINT('',(1.2,5.773159728051E-16,2.6));
#1230 = LINE('',#1231,#1232);
#1231 = CARTESIAN_POINT('',(1.2,3.552713678801E-16,1.6));
#1232 = VECTOR('',#1233,1.);
#1233 = DIRECTION('',(0.,2.22044604925E-16,1.));
#1234 = ORIENTED_EDGE('',*,*,#1235,.T.);
#1235 = EDGE_CURVE('',#1228,#1210,#1236,.T.);
#1236 = LINE('',#1237,#1238);
#1237 = CARTESIAN_POINT('',(1.2,5.773159728051E-16,2.6));
#1238 = VECTOR('',#1239,1.);
#1239 = DIRECTION('',(-1.,0.,0.));
#1240 = FACE_BOUND('',#1241,.F.);
#1241 = EDGE_LOOP('',(#1242,#1252,#1260,#1268));
#1242 = ORIENTED_EDGE('',*,*,#1243,.F.);
#1243 = EDGE_CURVE('',#1244,#1246,#1248,.T.);
#1244 = VERTEX_POINT('',#1245);
#1245 = CARTESIAN_POINT('',(10.,3.552713678801E-16,1.6));
#1246 = VERTEX_POINT('',#1247);
#1247 = CARTESIAN_POINT('',(9.3,3.552713678801E-16,1.6));
#1248 = LINE('',#1249,#1250);
#1249 = CARTESIAN_POINT('',(10.,3.552713678801E-16,1.6));
#1250 = VECTOR('',#1251,1.);
#1251 = DIRECTION('',(-1.,0.,0.));
#1252 = ORIENTED_EDGE('',*,*,#1253,.F.);
#1253 = EDGE_CURVE('',#1254,#1244,#1256,.T.);
#1254 = VERTEX_POINT('',#1255);
#1255 = CARTESIAN_POINT('',(10.,5.773159728051E-16,2.6));
#1256 = LINE('',#1257,#1258);
#1257 = CARTESIAN_POINT('',(10.,5.773159728051E-16,2.6));
#1258 = VECTOR('',#1259,1.);
#1259 = DIRECTION('',(0.,-2.22044604925E-16,-1.));
#1260 = ORIENTED_EDGE('',*,*,#1261,.F.);
#1261 = EDGE_CURVE('',#1262,#1254,#1264,.T.);
#1262 = VERTEX_POINT('',#1263);
#1263 = CARTESIAN_POINT('',(9.3,5.773159728051E-16,2.6));
#1264 = LINE('',#1265,#1266);
#1265 = CARTESIAN_POINT('',(9.3,5.773159728051E-16,2.6));
#1266 = VECTOR('',#1267,1.);
#1267 = DIRECTION('',(1.,0.,0.));
#1268 = ORIENTED_EDGE('',*,*,#1269,.F.);
#1269 = EDGE_CURVE('',#1246,#1262,#1270,.T.);
#1270 = LINE('',#1271,#1272);
#1271 = CARTESIAN_POINT('',(9.3,3.552713678801E-16,1.6));
#1272 = VECTOR('',#1273,1.);
#1273 = DIRECTION('',(0.,2.22044604925E-16,1.));
#1274 = PLANE('',#1275);
#1275 = AXIS2_PLACEMENT_3D('',#1276,#1277,#1278);
#1276 = CARTESIAN_POINT('',(0.,0.,0.));
#1277 = DIRECTION('',(0.,1.,0.));
#1278 = DIRECTION('',(1.,0.,0.));
#1279 = ADVANCED_FACE('',(#1280),#1323,.T.);
#1280 = FACE_BOUND('',#1281,.T.);
#1281 = EDGE_LOOP('',(#1282,#1283,#1284,#1292,#1300,#1308,#1316,#1322));
#1282 = ORIENTED_EDGE('',*,*,#482,.T.);
#1283 = ORIENTED_EDGE('',*,*,#1193,.T.);
#1284 = ORIENTED_EDGE('',*,*,#1285,.T.);
#1285 = EDGE_CURVE('',#1194,#1286,#1288,.T.);
#1286 = VERTEX_POINT('',#1287);
#1287 = CARTESIAN_POINT('',(10.5,0.7,4.5));
#1288 = LINE('',#1289,#1290);
#1289 = CARTESIAN_POINT('',(10.5,0.,4.5));
#1290 = VECTOR('',#1291,1.);
#1291 = DIRECTION('',(0.,1.,0.));
#1292 = ORIENTED_EDGE('',*,*,#1293,.T.);
#1293 = EDGE_CURVE('',#1286,#1294,#1296,.T.);
#1294 = VERTEX_POINT('',#1295);
#1295 = CARTESIAN_POINT('',(10.1,0.7,4.5));
#1296 = LINE('',#1297,#1298);
#1297 = CARTESIAN_POINT('',(10.5,0.7,4.5));
#1298 = VECTOR('',#1299,1.);
#1299 = DIRECTION('',(-1.,-0.,-0.));
#1300 = ORIENTED_EDGE('',*,*,#1301,.F.);
#1301 = EDGE_CURVE('',#1302,#1294,#1304,.T.);
#1302 = VERTEX_POINT('',#1303);
#1303 = CARTESIAN_POINT('',(10.1,0.3,4.5));
#1304 = LINE('',#1305,#1306);
#1305 = CARTESIAN_POINT('',(10.1,0.3,4.5));
#1306 = VECTOR('',#1307,1.);
#1307 = DIRECTION('',(0.,1.,0.));
#1308 = ORIENTED_EDGE('',*,*,#1309,.F.);
#1309 = EDGE_CURVE('',#1310,#1302,#1312,.T.);
#1310 = VERTEX_POINT('',#1311);
#1311 = CARTESIAN_POINT('',(0.4,0.3,4.5));
#1312 = LINE('',#1313,#1314);
#1313 = CARTESIAN_POINT('',(0.4,0.3,4.5));
#1314 = VECTOR('',#1315,1.);
#1315 = DIRECTION('',(1.,0.,0.));
#1316 = ORIENTED_EDGE('',*,*,#1317,.F.);
#1317 = EDGE_CURVE('',#611,#1310,#1318,.T.);
#1318 = LINE('',#1319,#1320);
#1319 = CARTESIAN_POINT('',(0.4,3.2,4.5));
#1320 = VECTOR('',#1321,1.);
#1321 = DIRECTION('',(0.,-1.,0.));
#1322 = ORIENTED_EDGE('',*,*,#620,.T.);
#1323 = PLANE('',#1324);
#1324 = AXIS2_PLACEMENT_3D('',#1325,#1326,#1327);
#1325 = CARTESIAN_POINT('',(5.25,1.75,4.5));
#1326 = DIRECTION('',(0.,0.,1.));
#1327 = DIRECTION('',(1.,0.,0.));
#1328 = ADVANCED_FACE('',(#1329),#1362,.F.);
#1329 = FACE_BOUND('',#1330,.F.);
#1330 = EDGE_LOOP('',(#1331,#1332,#1340,#1348,#1354,#1355,#1356,#1357,
    #1358,#1359,#1360,#1361));
#1331 = ORIENTED_EDGE('',*,*,#789,.F.);
#1332 = ORIENTED_EDGE('',*,*,#1333,.T.);
#1333 = EDGE_CURVE('',#790,#1334,#1336,.T.);
#1334 = VERTEX_POINT('',#1335);
#1335 = CARTESIAN_POINT('',(0.4,3.2,1.));
#1336 = LINE('',#1337,#1338);
#1337 = CARTESIAN_POINT('',(0.4,3.2,4.5));
#1338 = VECTOR('',#1339,1.);
#1339 = DIRECTION('',(-0.,-0.,-1.));
#1340 = ORIENTED_EDGE('',*,*,#1341,.T.);
#1341 = EDGE_CURVE('',#1334,#1342,#1344,.T.);
#1342 = VERTEX_POINT('',#1343);
#1343 = CARTESIAN_POINT('',(0.4,0.3,1.));
#1344 = LINE('',#1345,#1346);
#1345 = CARTESIAN_POINT('',(0.4,3.2,1.));
#1346 = VECTOR('',#1347,1.);
#1347 = DIRECTION('',(0.,-1.,0.));
#1348 = ORIENTED_EDGE('',*,*,#1349,.F.);
#1349 = EDGE_CURVE('',#1310,#1342,#1350,.T.);
#1350 = LINE('',#1351,#1352);
#1351 = CARTESIAN_POINT('',(0.4,0.3,4.5));
#1352 = VECTOR('',#1353,1.);
#1353 = DIRECTION('',(-0.,-0.,-1.));
#1354 = ORIENTED_EDGE('',*,*,#1317,.F.);
#1355 = ORIENTED_EDGE('',*,*,#610,.T.);
#1356 = ORIENTED_EDGE('',*,*,#641,.F.);
#1357 = ORIENTED_EDGE('',*,*,#665,.T.);
#1358 = ORIENTED_EDGE('',*,*,#690,.F.);
#1359 = ORIENTED_EDGE('',*,*,#714,.T.);
#1360 = ORIENTED_EDGE('',*,*,#739,.F.);
#1361 = ORIENTED_EDGE('',*,*,#763,.T.);
#1362 = PLANE('',#1363);
#1363 = AXIS2_PLACEMENT_3D('',#1364,#1365,#1366);
#1364 = CARTESIAN_POINT('',(0.4,3.2,4.5));
#1365 = DIRECTION('',(-1.,0.,0.));
#1366 = DIRECTION('',(0.,-1.,0.));
#1367 = ADVANCED_FACE('',(#1368),#1435,.F.);
#1368 = FACE_BOUND('',#1369,.F.);
#1369 = EDGE_LOOP('',(#1370,#1378,#1379,#1380,#1381,#1382,#1383,#1384,
    #1385,#1386,#1387,#1395,#1403,#1412,#1420,#1429));
#1370 = ORIENTED_EDGE('',*,*,#1371,.F.);
#1371 = EDGE_CURVE('',#814,#1372,#1374,.T.);
#1372 = VERTEX_POINT('',#1373);
#1373 = CARTESIAN_POINT('',(10.5,2.1,4.2));
#1374 = LINE('',#1375,#1376);
#1375 = CARTESIAN_POINT('',(10.5,0.6,2.7));
#1376 = VECTOR('',#1377,1.);
#1377 = DIRECTION('',(-0.,-0.707106781187,-0.707106781187));
#1378 = ORIENTED_EDGE('',*,*,#821,.T.);
#1379 = ORIENTED_EDGE('',*,*,#843,.F.);
#1380 = ORIENTED_EDGE('',*,*,#875,.F.);
#1381 = ORIENTED_EDGE('',*,*,#1105,.T.);
#1382 = ORIENTED_EDGE('',*,*,#1129,.T.);
#1383 = ORIENTED_EDGE('',*,*,#1153,.T.);
#1384 = ORIENTED_EDGE('',*,*,#1177,.T.);
#1385 = ORIENTED_EDGE('',*,*,#1201,.T.);
#1386 = ORIENTED_EDGE('',*,*,#1285,.T.);
#1387 = ORIENTED_EDGE('',*,*,#1388,.T.);
#1388 = EDGE_CURVE('',#1286,#1389,#1391,.T.);
#1389 = VERTEX_POINT('',#1390);
#1390 = CARTESIAN_POINT('',(10.5,1.,4.2));
#1391 = LINE('',#1392,#1393);
#1392 = CARTESIAN_POINT('',(10.5,1.725,3.475));
#1393 = VECTOR('',#1394,1.);
#1394 = DIRECTION('',(0.,0.707106781187,-0.707106781187));
#1395 = ORIENTED_EDGE('',*,*,#1396,.T.);
#1396 = EDGE_CURVE('',#1389,#1397,#1399,.T.);
#1397 = VERTEX_POINT('',#1398);
#1398 = CARTESIAN_POINT('',(10.5,1.,2.5));
#1399 = LINE('',#1400,#1401);
#1400 = CARTESIAN_POINT('',(10.5,1.,4.5));
#1401 = VECTOR('',#1402,1.);
#1402 = DIRECTION('',(0.,0.,-1.));
#1403 = ORIENTED_EDGE('',*,*,#1404,.T.);
#1404 = EDGE_CURVE('',#1397,#1405,#1407,.T.);
#1405 = VERTEX_POINT('',#1406);
#1406 = CARTESIAN_POINT('',(10.5,1.5,2.));
#1407 = CIRCLE('',#1408,0.5);
#1408 = AXIS2_PLACEMENT_3D('',#1409,#1410,#1411);
#1409 = CARTESIAN_POINT('',(10.5,1.5,2.5));
#1410 = DIRECTION('',(1.,0.,0.));
#1411 = DIRECTION('',(0.,1.,0.));
#1412 = ORIENTED_EDGE('',*,*,#1413,.T.);
#1413 = EDGE_CURVE('',#1405,#1414,#1416,.T.);
#1414 = VERTEX_POINT('',#1415);
#1415 = CARTESIAN_POINT('',(10.5,1.6,2.));
#1416 = LINE('',#1417,#1418);
#1417 = CARTESIAN_POINT('',(10.5,1.5,2.));
#1418 = VECTOR('',#1419,1.);
#1419 = DIRECTION('',(0.,1.,0.));
#1420 = ORIENTED_EDGE('',*,*,#1421,.T.);
#1421 = EDGE_CURVE('',#1414,#1422,#1424,.T.);
#1422 = VERTEX_POINT('',#1423);
#1423 = CARTESIAN_POINT('',(10.5,2.1,2.5));
#1424 = CIRCLE('',#1425,0.5);
#1425 = AXIS2_PLACEMENT_3D('',#1426,#1427,#1428);
#1426 = CARTESIAN_POINT('',(10.5,1.6,2.5));
#1427 = DIRECTION('',(1.,0.,0.));
#1428 = DIRECTION('',(0.,1.,0.));
#1429 = ORIENTED_EDGE('',*,*,#1430,.T.);
#1430 = EDGE_CURVE('',#1422,#1372,#1431,.T.);
#1431 = LINE('',#1432,#1433);
#1432 = CARTESIAN_POINT('',(10.5,2.1,2.5));
#1433 = VECTOR('',#1434,1.);
#1434 = DIRECTION('',(0.,0.,1.));
#1435 = PLANE('',#1436);
#1436 = AXIS2_PLACEMENT_3D('',#1437,#1438,#1439);
#1437 = CARTESIAN_POINT('',(10.5,0.,0.));
#1438 = DIRECTION('',(-1.,0.,0.));
#1439 = DIRECTION('',(0.,1.,0.));
#1440 = ADVANCED_FACE('',(#1441),#1459,.F.);
#1441 = FACE_BOUND('',#1442,.F.);
#1442 = EDGE_LOOP('',(#1443,#1451,#1457,#1458));
#1443 = ORIENTED_EDGE('',*,*,#1444,.T.);
#1444 = EDGE_CURVE('',#798,#1445,#1447,.T.);
#1445 = VERTEX_POINT('',#1446);
#1446 = CARTESIAN_POINT('',(10.1,3.2,1.));
#1447 = LINE('',#1448,#1449);
#1448 = CARTESIAN_POINT('',(10.1,3.2,4.5));
#1449 = VECTOR('',#1450,1.);
#1450 = DIRECTION('',(-0.,-0.,-1.));
#1451 = ORIENTED_EDGE('',*,*,#1452,.T.);
#1452 = EDGE_CURVE('',#1445,#1334,#1453,.T.);
#1453 = LINE('',#1454,#1455);
#1454 = CARTESIAN_POINT('',(10.1,3.2,1.));
#1455 = VECTOR('',#1456,1.);
#1456 = DIRECTION('',(-1.,0.,0.));
#1457 = ORIENTED_EDGE('',*,*,#1333,.F.);
#1458 = ORIENTED_EDGE('',*,*,#797,.F.);
#1459 = PLANE('',#1460);
#1460 = AXIS2_PLACEMENT_3D('',#1461,#1462,#1463);
#1461 = CARTESIAN_POINT('',(10.1,3.2,4.5));
#1462 = DIRECTION('',(0.,1.,0.));
#1463 = DIRECTION('',(-1.,0.,0.));
#1464 = ADVANCED_FACE('',(#1465),#1483,.F.);
#1465 = FACE_BOUND('',#1466,.T.);
#1466 = EDGE_LOOP('',(#1467,#1468,#1469,#1477));
#1467 = ORIENTED_EDGE('',*,*,#1371,.F.);
#1468 = ORIENTED_EDGE('',*,*,#813,.T.);
#1469 = ORIENTED_EDGE('',*,*,#1470,.T.);
#1470 = EDGE_CURVE('',#806,#1471,#1473,.T.);
#1471 = VERTEX_POINT('',#1472);
#1472 = CARTESIAN_POINT('',(10.1,2.1,4.2));
#1473 = LINE('',#1474,#1475);
#1474 = CARTESIAN_POINT('',(10.1,1.8,3.9));
#1475 = VECTOR('',#1476,1.);
#1476 = DIRECTION('',(0.,-0.707106781187,-0.707106781187));
#1477 = ORIENTED_EDGE('',*,*,#1478,.F.);
#1478 = EDGE_CURVE('',#1372,#1471,#1479,.T.);
#1479 = LINE('',#1480,#1481);
#1480 = CARTESIAN_POINT('',(10.5,2.1,4.2));
#1481 = VECTOR('',#1482,1.);
#1482 = DIRECTION('',(-1.,-0.,-0.));
#1483 = PLANE('',#1484);
#1484 = AXIS2_PLACEMENT_3D('',#1485,#1486,#1487);
#1485 = CARTESIAN_POINT('',(10.5,2.25,4.35));
#1486 = DIRECTION('',(-9.293197397199E-19,0.707106781187,-0.707106781187
    ));
#1487 = DIRECTION('',(1.,6.571282898464E-19,-6.571282898464E-19));
#1488 = ADVANCED_FACE('',(#1489),#1557,.F.);
#1489 = FACE_BOUND('',#1490,.F.);
#1490 = EDGE_LOOP('',(#1491,#1492,#1500,#1506,#1507,#1508,#1509,#1517,
    #1526,#1534,#1543,#1551));
#1491 = ORIENTED_EDGE('',*,*,#1301,.F.);
#1492 = ORIENTED_EDGE('',*,*,#1493,.T.);
#1493 = EDGE_CURVE('',#1302,#1494,#1496,.T.);
#1494 = VERTEX_POINT('',#1495);
#1495 = CARTESIAN_POINT('',(10.1,0.3,1.));
#1496 = LINE('',#1497,#1498);
#1497 = CARTESIAN_POINT('',(10.1,0.3,4.5));
#1498 = VECTOR('',#1499,1.);
#1499 = DIRECTION('',(-0.,-0.,-1.));
#1500 = ORIENTED_EDGE('',*,*,#1501,.T.);
#1501 = EDGE_CURVE('',#1494,#1445,#1502,.T.);
#1502 = LINE('',#1503,#1504);
#1503 = CARTESIAN_POINT('',(10.1,0.3,1.));
#1504 = VECTOR('',#1505,1.);
#1505 = DIRECTION('',(0.,1.,0.));
#1506 = ORIENTED_EDGE('',*,*,#1444,.F.);
#1507 = ORIENTED_EDGE('',*,*,#805,.F.);
#1508 = ORIENTED_EDGE('',*,*,#1470,.T.);
#1509 = ORIENTED_EDGE('',*,*,#1510,.F.);
#1510 = EDGE_CURVE('',#1511,#1471,#1513,.T.);
#1511 = VERTEX_POINT('',#1512);
#1512 = CARTESIAN_POINT('',(10.1,2.1,2.5));
#1513 = LINE('',#1514,#1515);
#1514 = CARTESIAN_POINT('',(10.1,2.1,3.5));
#1515 = VECTOR('',#1516,1.);
#1516 = DIRECTION('',(0.,0.,1.));
#1517 = ORIENTED_EDGE('',*,*,#1518,.F.);
#1518 = EDGE_CURVE('',#1519,#1511,#1521,.T.);
#1519 = VERTEX_POINT('',#1520);
#1520 = CARTESIAN_POINT('',(10.1,1.6,2.));
#1521 = CIRCLE('',#1522,0.5);
#1522 = AXIS2_PLACEMENT_3D('',#1523,#1524,#1525);
#1523 = CARTESIAN_POINT('',(10.1,1.6,2.5));
#1524 = DIRECTION('',(1.,0.,0.));
#1525 = DIRECTION('',(0.,1.,0.));
#1526 = ORIENTED_EDGE('',*,*,#1527,.F.);
#1527 = EDGE_CURVE('',#1528,#1519,#1530,.T.);
#1528 = VERTEX_POINT('',#1529);
#1529 = CARTESIAN_POINT('',(10.1,1.5,2.));
#1530 = LINE('',#1531,#1532);
#1531 = CARTESIAN_POINT('',(10.1,0.9,2.));
#1532 = VECTOR('',#1533,1.);
#1533 = DIRECTION('',(0.,1.,0.));
#1534 = ORIENTED_EDGE('',*,*,#1535,.F.);
#1535 = EDGE_CURVE('',#1536,#1528,#1538,.T.);
#1536 = VERTEX_POINT('',#1537);
#1537 = CARTESIAN_POINT('',(10.1,1.,2.5));
#1538 = CIRCLE('',#1539,0.5);
#1539 = AXIS2_PLACEMENT_3D('',#1540,#1541,#1542);
#1540 = CARTESIAN_POINT('',(10.1,1.5,2.5));
#1541 = DIRECTION('',(1.,0.,0.));
#1542 = DIRECTION('',(0.,1.,0.));
#1543 = ORIENTED_EDGE('',*,*,#1544,.F.);
#1544 = EDGE_CURVE('',#1545,#1536,#1547,.T.);
#1545 = VERTEX_POINT('',#1546);
#1546 = CARTESIAN_POINT('',(10.1,1.,4.2));
#1547 = LINE('',#1548,#1549);
#1548 = CARTESIAN_POINT('',(10.1,1.,4.5));
#1549 = VECTOR('',#1550,1.);
#1550 = DIRECTION('',(0.,0.,-1.));
#1551 = ORIENTED_EDGE('',*,*,#1552,.F.);
#1552 = EDGE_CURVE('',#1294,#1545,#1553,.T.);
#1553 = LINE('',#1554,#1555);
#1554 = CARTESIAN_POINT('',(10.1,0.675,4.525));
#1555 = VECTOR('',#1556,1.);
#1556 = DIRECTION('',(0.,0.707106781187,-0.707106781187));
#1557 = PLANE('',#1558);
#1558 = AXIS2_PLACEMENT_3D('',#1559,#1560,#1561);
#1559 = CARTESIAN_POINT('',(10.1,0.3,4.5));
#1560 = DIRECTION('',(1.,0.,0.));
#1561 = DIRECTION('',(0.,1.,0.));
#1562 = ADVANCED_FACE('',(#1563),#1588,.T.);
#1563 = FACE_BOUND('',#1564,.T.);
#1564 = EDGE_LOOP('',(#1565,#1573,#1581,#1587));
#1565 = ORIENTED_EDGE('',*,*,#1566,.T.);
#1566 = EDGE_CURVE('',#886,#1567,#1569,.T.);
#1567 = VERTEX_POINT('',#1568);
#1568 = CARTESIAN_POINT('',(8.75,1.55,1.));
#1569 = LINE('',#1570,#1571);
#1570 = CARTESIAN_POINT('',(8.75,1.55,0.));
#1571 = VECTOR('',#1572,1.);
#1572 = DIRECTION('',(0.,0.,1.));
#1573 = ORIENTED_EDGE('',*,*,#1574,.T.);
#1574 = EDGE_CURVE('',#1567,#1575,#1577,.T.);
#1575 = VERTEX_POINT('',#1576);
#1576 = CARTESIAN_POINT('',(8.75,1.05,1.));
#1577 = LINE('',#1578,#1579);
#1578 = CARTESIAN_POINT('',(8.75,1.55,1.));
#1579 = VECTOR('',#1580,1.);
#1580 = DIRECTION('',(0.,-1.,0.));
#1581 = ORIENTED_EDGE('',*,*,#1582,.F.);
#1582 = EDGE_CURVE('',#888,#1575,#1583,.T.);
#1583 = LINE('',#1584,#1585);
#1584 = CARTESIAN_POINT('',(8.75,1.05,0.));
#1585 = VECTOR('',#1586,1.);
#1586 = DIRECTION('',(0.,0.,1.));
#1587 = ORIENTED_EDGE('',*,*,#885,.F.);
#1588 = PLANE('',#1589);
#1589 = AXIS2_PLACEMENT_3D('',#1590,#1591,#1592);
#1590 = CARTESIAN_POINT('',(8.75,1.55,0.));
#1591 = DIRECTION('',(1.,0.,-0.));
#1592 = DIRECTION('',(0.,-1.,0.));
#1593 = ADVANCED_FACE('',(#1594),#1612,.T.);
#1594 = FACE_BOUND('',#1595,.T.);
#1595 = EDGE_LOOP('',(#1596,#1597,#1605,#1611));
#1596 = ORIENTED_EDGE('',*,*,#1582,.T.);
#1597 = ORIENTED_EDGE('',*,*,#1598,.T.);
#1598 = EDGE_CURVE('',#1575,#1599,#1601,.T.);
#1599 = VERTEX_POINT('',#1600);
#1600 = CARTESIAN_POINT('',(9.25,1.05,1.));
#1601 = LINE('',#1602,#1603);
#1602 = CARTESIAN_POINT('',(8.75,1.05,1.));
#1603 = VECTOR('',#1604,1.);
#1604 = DIRECTION('',(1.,0.,0.));
#1605 = ORIENTED_EDGE('',*,*,#1606,.F.);
#1606 = EDGE_CURVE('',#904,#1599,#1607,.T.);
#1607 = LINE('',#1608,#1609);
#1608 = CARTESIAN_POINT('',(9.25,1.05,0.));
#1609 = VECTOR('',#1610,1.);
#1610 = DIRECTION('',(0.,0.,1.));
#1611 = ORIENTED_EDGE('',*,*,#911,.F.);
#1612 = PLANE('',#1613);
#1613 = AXIS2_PLACEMENT_3D('',#1614,#1615,#1616);
#1614 = CARTESIAN_POINT('',(8.75,1.05,0.));
#1615 = DIRECTION('',(0.,1.,0.));
#1616 = DIRECTION('',(1.,0.,0.));
#1617 = ADVANCED_FACE('',(#1618),#1636,.T.);
#1618 = FACE_BOUND('',#1619,.T.);
#1619 = EDGE_LOOP('',(#1620,#1621,#1629,#1635));
#1620 = ORIENTED_EDGE('',*,*,#1606,.T.);
#1621 = ORIENTED_EDGE('',*,*,#1622,.T.);
#1622 = EDGE_CURVE('',#1599,#1623,#1625,.T.);
#1623 = VERTEX_POINT('',#1624);
#1624 = CARTESIAN_POINT('',(9.25,1.55,1.));
#1625 = LINE('',#1626,#1627);
#1626 = CARTESIAN_POINT('',(9.25,1.05,1.));
#1627 = VECTOR('',#1628,1.);
#1628 = DIRECTION('',(0.,1.,0.));
#1629 = ORIENTED_EDGE('',*,*,#1630,.F.);
#1630 = EDGE_CURVE('',#896,#1623,#1631,.T.);
#1631 = LINE('',#1632,#1633);
#1632 = CARTESIAN_POINT('',(9.25,1.55,0.));
#1633 = VECTOR('',#1634,1.);
#1634 = DIRECTION('',(0.,0.,1.));
#1635 = ORIENTED_EDGE('',*,*,#903,.F.);
#1636 = PLANE('',#1637);
#1637 = AXIS2_PLACEMENT_3D('',#1638,#1639,#1640);
#1638 = CARTESIAN_POINT('',(9.25,1.05,0.));
#1639 = DIRECTION('',(-1.,0.,0.));
#1640 = DIRECTION('',(0.,1.,0.));
#1641 = ADVANCED_FACE('',(#1642),#1653,.T.);
#1642 = FACE_BOUND('',#1643,.T.);
#1643 = EDGE_LOOP('',(#1644,#1645,#1651,#1652));
#1644 = ORIENTED_EDGE('',*,*,#1630,.T.);
#1645 = ORIENTED_EDGE('',*,*,#1646,.T.);
#1646 = EDGE_CURVE('',#1623,#1567,#1647,.T.);
#1647 = LINE('',#1648,#1649);
#1648 = CARTESIAN_POINT('',(9.25,1.55,1.));
#1649 = VECTOR('',#1650,1.);
#1650 = DIRECTION('',(-1.,0.,0.));
#1651 = ORIENTED_EDGE('',*,*,#1566,.F.);
#1652 = ORIENTED_EDGE('',*,*,#895,.F.);
#1653 = PLANE('',#1654);
#1654 = AXIS2_PLACEMENT_3D('',#1655,#1656,#1657);
#1655 = CARTESIAN_POINT('',(9.25,1.55,0.));
#1656 = DIRECTION('',(0.,-1.,0.));
#1657 = DIRECTION('',(-1.,0.,0.));
#1658 = ADVANCED_FACE('',(#1659),#1684,.T.);
#1659 = FACE_BOUND('',#1660,.T.);
#1660 = EDGE_LOOP('',(#1661,#1669,#1677,#1683));
#1661 = ORIENTED_EDGE('',*,*,#1662,.T.);
#1662 = EDGE_CURVE('',#920,#1663,#1665,.T.);
#1663 = VERTEX_POINT('',#1664);
#1664 = CARTESIAN_POINT('',(1.25,1.55,1.));
#1665 = LINE('',#1666,#1667);
#1666 = CARTESIAN_POINT('',(1.25,1.55,0.));
#1667 = VECTOR('',#1668,1.);
#1668 = DIRECTION('',(0.,0.,1.));
#1669 = ORIENTED_EDGE('',*,*,#1670,.T.);
#1670 = EDGE_CURVE('',#1663,#1671,#1673,.T.);
#1671 = VERTEX_POINT('',#1672);
#1672 = CARTESIAN_POINT('',(1.25,1.05,1.));
#1673 = LINE('',#1674,#1675);
#1674 = CARTESIAN_POINT('',(1.25,1.55,1.));
#1675 = VECTOR('',#1676,1.);
#1676 = DIRECTION('',(0.,-1.,0.));
#1677 = ORIENTED_EDGE('',*,*,#1678,.F.);
#1678 = EDGE_CURVE('',#922,#1671,#1679,.T.);
#1679 = LINE('',#1680,#1681);
#1680 = CARTESIAN_POINT('',(1.25,1.05,0.));
#1681 = VECTOR('',#1682,1.);
#1682 = DIRECTION('',(0.,0.,1.));
#1683 = ORIENTED_EDGE('',*,*,#919,.F.);
#1684 = PLANE('',#1685);
#1685 = AXIS2_PLACEMENT_3D('',#1686,#1687,#1688);
#1686 = CARTESIAN_POINT('',(1.25,1.55,0.));
#1687 = DIRECTION('',(1.,0.,-0.));
#1688 = DIRECTION('',(0.,-1.,0.));
#1689 = ADVANCED_FACE('',(#1690),#1708,.T.);
#1690 = FACE_BOUND('',#1691,.T.);
#1691 = EDGE_LOOP('',(#1692,#1693,#1701,#1707));
#1692 = ORIENTED_EDGE('',*,*,#1678,.T.);
#1693 = ORIENTED_EDGE('',*,*,#1694,.T.);
#1694 = EDGE_CURVE('',#1671,#1695,#1697,.T.);
#1695 = VERTEX_POINT('',#1696);
#1696 = CARTESIAN_POINT('',(1.75,1.05,1.));
#1697 = LINE('',#1698,#1699);
#1698 = CARTESIAN_POINT('',(1.25,1.05,1.));
#1699 = VECTOR('',#1700,1.);
#1700 = DIRECTION('',(1.,0.,0.));
#1701 = ORIENTED_EDGE('',*,*,#1702,.F.);
#1702 = EDGE_CURVE('',#938,#1695,#1703,.T.);
#1703 = LINE('',#1704,#1705);
#1704 = CARTESIAN_POINT('',(1.75,1.05,0.));
#1705 = VECTOR('',#1706,1.);
#1706 = DIRECTION('',(0.,0.,1.));
#1707 = ORIENTED_EDGE('',*,*,#945,.F.);
#1708 = PLANE('',#1709);
#1709 = AXIS2_PLACEMENT_3D('',#1710,#1711,#1712);
#1710 = CARTESIAN_POINT('',(1.25,1.05,0.));
#1711 = DIRECTION('',(0.,1.,0.));
#1712 = DIRECTION('',(1.,0.,0.));
#1713 = ADVANCED_FACE('',(#1714),#1732,.T.);
#1714 = FACE_BOUND('',#1715,.T.);
#1715 = EDGE_LOOP('',(#1716,#1717,#1725,#1731));
#1716 = ORIENTED_EDGE('',*,*,#1702,.T.);
#1717 = ORIENTED_EDGE('',*,*,#1718,.T.);
#1718 = EDGE_CURVE('',#1695,#1719,#1721,.T.);
#1719 = VERTEX_POINT('',#1720);
#1720 = CARTESIAN_POINT('',(1.75,1.55,1.));
#1721 = LINE('',#1722,#1723);
#1722 = CARTESIAN_POINT('',(1.75,1.05,1.));
#1723 = VECTOR('',#1724,1.);
#1724 = DIRECTION('',(0.,1.,0.));
#1725 = ORIENTED_EDGE('',*,*,#1726,.F.);
#1726 = EDGE_CURVE('',#930,#1719,#1727,.T.);
#1727 = LINE('',#1728,#1729);
#1728 = CARTESIAN_POINT('',(1.75,1.55,0.));
#1729 = VECTOR('',#1730,1.);
#1730 = DIRECTION('',(0.,0.,1.));
#1731 = ORIENTED_EDGE('',*,*,#937,.F.);
#1732 = PLANE('',#1733);
#1733 = AXIS2_PLACEMENT_3D('',#1734,#1735,#1736);
#1734 = CARTESIAN_POINT('',(1.75,1.05,0.));
#1735 = DIRECTION('',(-1.,0.,0.));
#1736 = DIRECTION('',(0.,1.,0.));
#1737 = ADVANCED_FACE('',(#1738),#1749,.T.);
#1738 = FACE_BOUND('',#1739,.T.);
#1739 = EDGE_LOOP('',(#1740,#1741,#1747,#1748));
#1740 = ORIENTED_EDGE('',*,*,#1726,.T.);
#1741 = ORIENTED_EDGE('',*,*,#1742,.T.);
#1742 = EDGE_CURVE('',#1719,#1663,#1743,.T.);
#1743 = LINE('',#1744,#1745);
#1744 = CARTESIAN_POINT('',(1.75,1.55,1.));
#1745 = VECTOR('',#1746,1.);
#1746 = DIRECTION('',(-1.,0.,0.));
#1747 = ORIENTED_EDGE('',*,*,#1662,.F.);
#1748 = ORIENTED_EDGE('',*,*,#929,.F.);
#1749 = PLANE('',#1750);
#1750 = AXIS2_PLACEMENT_3D('',#1751,#1752,#1753);
#1751 = CARTESIAN_POINT('',(1.75,1.55,0.));
#1752 = DIRECTION('',(0.,-1.,0.));
#1753 = DIRECTION('',(-1.,0.,0.));
#1754 = ADVANCED_FACE('',(#1755),#1780,.T.);
#1755 = FACE_BOUND('',#1756,.T.);
#1756 = EDGE_LOOP('',(#1757,#1765,#1773,#1779));
#1757 = ORIENTED_EDGE('',*,*,#1758,.T.);
#1758 = EDGE_CURVE('',#954,#1759,#1761,.T.);
#1759 = VERTEX_POINT('',#1760);
#1760 = CARTESIAN_POINT('',(2.75,1.55,1.));
#1761 = LINE('',#1762,#1763);
#1762 = CARTESIAN_POINT('',(2.75,1.55,0.));
#1763 = VECTOR('',#1764,1.);
#1764 = DIRECTION('',(0.,0.,1.));
#1765 = ORIENTED_EDGE('',*,*,#1766,.T.);
#1766 = EDGE_CURVE('',#1759,#1767,#1769,.T.);
#1767 = VERTEX_POINT('',#1768);
#1768 = CARTESIAN_POINT('',(2.75,1.05,1.));
#1769 = LINE('',#1770,#1771);
#1770 = CARTESIAN_POINT('',(2.75,1.55,1.));
#1771 = VECTOR('',#1772,1.);
#1772 = DIRECTION('',(0.,-1.,0.));
#1773 = ORIENTED_EDGE('',*,*,#1774,.F.);
#1774 = EDGE_CURVE('',#956,#1767,#1775,.T.);
#1775 = LINE('',#1776,#1777);
#1776 = CARTESIAN_POINT('',(2.75,1.05,0.));
#1777 = VECTOR('',#1778,1.);
#1778 = DIRECTION('',(0.,0.,1.));
#1779 = ORIENTED_EDGE('',*,*,#953,.F.);
#1780 = PLANE('',#1781);
#1781 = AXIS2_PLACEMENT_3D('',#1782,#1783,#1784);
#1782 = CARTESIAN_POINT('',(2.75,1.55,0.));
#1783 = DIRECTION('',(1.,0.,-0.));
#1784 = DIRECTION('',(0.,-1.,0.));
#1785 = ADVANCED_FACE('',(#1786),#1804,.T.);
#1786 = FACE_BOUND('',#1787,.T.);
#1787 = EDGE_LOOP('',(#1788,#1789,#1797,#1803));
#1788 = ORIENTED_EDGE('',*,*,#1774,.T.);
#1789 = ORIENTED_EDGE('',*,*,#1790,.T.);
#1790 = EDGE_CURVE('',#1767,#1791,#1793,.T.);
#1791 = VERTEX_POINT('',#1792);
#1792 = CARTESIAN_POINT('',(3.25,1.05,1.));
#1793 = LINE('',#1794,#1795);
#1794 = CARTESIAN_POINT('',(2.75,1.05,1.));
#1795 = VECTOR('',#1796,1.);
#1796 = DIRECTION('',(1.,0.,0.));
#1797 = ORIENTED_EDGE('',*,*,#1798,.F.);
#1798 = EDGE_CURVE('',#972,#1791,#1799,.T.);
#1799 = LINE('',#1800,#1801);
#1800 = CARTESIAN_POINT('',(3.25,1.05,0.));
#1801 = VECTOR('',#1802,1.);
#1802 = DIRECTION('',(0.,0.,1.));
#1803 = ORIENTED_EDGE('',*,*,#979,.F.);
#1804 = PLANE('',#1805);
#1805 = AXIS2_PLACEMENT_3D('',#1806,#1807,#1808);
#1806 = CARTESIAN_POINT('',(2.75,1.05,0.));
#1807 = DIRECTION('',(0.,1.,0.));
#1808 = DIRECTION('',(1.,0.,0.));
#1809 = ADVANCED_FACE('',(#1810),#1828,.T.);
#1810 = FACE_BOUND('',#1811,.T.);
#1811 = EDGE_LOOP('',(#1812,#1813,#1821,#1827));
#1812 = ORIENTED_EDGE('',*,*,#1798,.T.);
#1813 = ORIENTED_EDGE('',*,*,#1814,.T.);
#1814 = EDGE_CURVE('',#1791,#1815,#1817,.T.);
#1815 = VERTEX_POINT('',#1816);
#1816 = CARTESIAN_POINT('',(3.25,1.55,1.));
#1817 = LINE('',#1818,#1819);
#1818 = CARTESIAN_POINT('',(3.25,1.05,1.));
#1819 = VECTOR('',#1820,1.);
#1820 = DIRECTION('',(0.,1.,0.));
#1821 = ORIENTED_EDGE('',*,*,#1822,.F.);
#1822 = EDGE_CURVE('',#964,#1815,#1823,.T.);
#1823 = LINE('',#1824,#1825);
#1824 = CARTESIAN_POINT('',(3.25,1.55,0.));
#1825 = VECTOR('',#1826,1.);
#1826 = DIRECTION('',(0.,0.,1.));
#1827 = ORIENTED_EDGE('',*,*,#971,.F.);
#1828 = PLANE('',#1829);
#1829 = AXIS2_PLACEMENT_3D('',#1830,#1831,#1832);
#1830 = CARTESIAN_POINT('',(3.25,1.05,0.));
#1831 = DIRECTION('',(-1.,0.,0.));
#1832 = DIRECTION('',(0.,1.,0.));
#1833 = ADVANCED_FACE('',(#1834),#1845,.T.);
#1834 = FACE_BOUND('',#1835,.T.);
#1835 = EDGE_LOOP('',(#1836,#1837,#1843,#1844));
#1836 = ORIENTED_EDGE('',*,*,#1822,.T.);
#1837 = ORIENTED_EDGE('',*,*,#1838,.T.);
#1838 = EDGE_CURVE('',#1815,#1759,#1839,.T.);
#1839 = LINE('',#1840,#1841);
#1840 = CARTESIAN_POINT('',(3.25,1.55,1.));
#1841 = VECTOR('',#1842,1.);
#1842 = DIRECTION('',(-1.,0.,0.));
#1843 = ORIENTED_EDGE('',*,*,#1758,.F.);
#1844 = ORIENTED_EDGE('',*,*,#963,.F.);
#1845 = PLANE('',#1846);
#1846 = AXIS2_PLACEMENT_3D('',#1847,#1848,#1849);
#1847 = CARTESIAN_POINT('',(3.25,1.55,0.));
#1848 = DIRECTION('',(0.,-1.,0.));
#1849 = DIRECTION('',(-1.,0.,0.));
#1850 = ADVANCED_FACE('',(#1851),#1876,.T.);
#1851 = FACE_BOUND('',#1852,.T.);
#1852 = EDGE_LOOP('',(#1853,#1861,#1869,#1875));
#1853 = ORIENTED_EDGE('',*,*,#1854,.T.);
#1854 = EDGE_CURVE('',#988,#1855,#1857,.T.);
#1855 = VERTEX_POINT('',#1856);
#1856 = CARTESIAN_POINT('',(4.25,1.55,1.));
#1857 = LINE('',#1858,#1859);
#1858 = CARTESIAN_POINT('',(4.25,1.55,0.));
#1859 = VECTOR('',#1860,1.);
#1860 = DIRECTION('',(0.,0.,1.));
#1861 = ORIENTED_EDGE('',*,*,#1862,.T.);
#1862 = EDGE_CURVE('',#1855,#1863,#1865,.T.);
#1863 = VERTEX_POINT('',#1864);
#1864 = CARTESIAN_POINT('',(4.25,1.05,1.));
#1865 = LINE('',#1866,#1867);
#1866 = CARTESIAN_POINT('',(4.25,1.55,1.));
#1867 = VECTOR('',#1868,1.);
#1868 = DIRECTION('',(0.,-1.,0.));
#1869 = ORIENTED_EDGE('',*,*,#1870,.F.);
#1870 = EDGE_CURVE('',#990,#1863,#1871,.T.);
#1871 = LINE('',#1872,#1873);
#1872 = CARTESIAN_POINT('',(4.25,1.05,0.));
#1873 = VECTOR('',#1874,1.);
#1874 = DIRECTION('',(0.,0.,1.));
#1875 = ORIENTED_EDGE('',*,*,#987,.F.);
#1876 = PLANE('',#1877);
#1877 = AXIS2_PLACEMENT_3D('',#1878,#1879,#1880);
#1878 = CARTESIAN_POINT('',(4.25,1.55,0.));
#1879 = DIRECTION('',(1.,0.,-0.));
#1880 = DIRECTION('',(0.,-1.,0.));
#1881 = ADVANCED_FACE('',(#1882),#1900,.T.);
#1882 = FACE_BOUND('',#1883,.T.);
#1883 = EDGE_LOOP('',(#1884,#1885,#1893,#1899));
#1884 = ORIENTED_EDGE('',*,*,#1870,.T.);
#1885 = ORIENTED_EDGE('',*,*,#1886,.T.);
#1886 = EDGE_CURVE('',#1863,#1887,#1889,.T.);
#1887 = VERTEX_POINT('',#1888);
#1888 = CARTESIAN_POINT('',(4.75,1.05,1.));
#1889 = LINE('',#1890,#1891);
#1890 = CARTESIAN_POINT('',(4.25,1.05,1.));
#1891 = VECTOR('',#1892,1.);
#1892 = DIRECTION('',(1.,0.,0.));
#1893 = ORIENTED_EDGE('',*,*,#1894,.F.);
#1894 = EDGE_CURVE('',#1006,#1887,#1895,.T.);
#1895 = LINE('',#1896,#1897);
#1896 = CARTESIAN_POINT('',(4.75,1.05,0.));
#1897 = VECTOR('',#1898,1.);
#1898 = DIRECTION('',(0.,0.,1.));
#1899 = ORIENTED_EDGE('',*,*,#1013,.F.);
#1900 = PLANE('',#1901);
#1901 = AXIS2_PLACEMENT_3D('',#1902,#1903,#1904);
#1902 = CARTESIAN_POINT('',(4.25,1.05,0.));
#1903 = DIRECTION('',(0.,1.,0.));
#1904 = DIRECTION('',(1.,0.,0.));
#1905 = ADVANCED_FACE('',(#1906),#1924,.T.);
#1906 = FACE_BOUND('',#1907,.T.);
#1907 = EDGE_LOOP('',(#1908,#1909,#1917,#1923));
#1908 = ORIENTED_EDGE('',*,*,#1894,.T.);
#1909 = ORIENTED_EDGE('',*,*,#1910,.T.);
#1910 = EDGE_CURVE('',#1887,#1911,#1913,.T.);
#1911 = VERTEX_POINT('',#1912);
#1912 = CARTESIAN_POINT('',(4.75,1.55,1.));
#1913 = LINE('',#1914,#1915);
#1914 = CARTESIAN_POINT('',(4.75,1.05,1.));
#1915 = VECTOR('',#1916,1.);
#1916 = DIRECTION('',(0.,1.,0.));
#1917 = ORIENTED_EDGE('',*,*,#1918,.F.);
#1918 = EDGE_CURVE('',#998,#1911,#1919,.T.);
#1919 = LINE('',#1920,#1921);
#1920 = CARTESIAN_POINT('',(4.75,1.55,0.));
#1921 = VECTOR('',#1922,1.);
#1922 = DIRECTION('',(0.,0.,1.));
#1923 = ORIENTED_EDGE('',*,*,#1005,.F.);
#1924 = PLANE('',#1925);
#1925 = AXIS2_PLACEMENT_3D('',#1926,#1927,#1928);
#1926 = CARTESIAN_POINT('',(4.75,1.05,0.));
#1927 = DIRECTION('',(-1.,0.,0.));
#1928 = DIRECTION('',(0.,1.,0.));
#1929 = ADVANCED_FACE('',(#1930),#1941,.T.);
#1930 = FACE_BOUND('',#1931,.T.);
#1931 = EDGE_LOOP('',(#1932,#1933,#1939,#1940));
#1932 = ORIENTED_EDGE('',*,*,#1918,.T.);
#1933 = ORIENTED_EDGE('',*,*,#1934,.T.);
#1934 = EDGE_CURVE('',#1911,#1855,#1935,.T.);
#1935 = LINE('',#1936,#1937);
#1936 = CARTESIAN_POINT('',(4.75,1.55,1.));
#1937 = VECTOR('',#1938,1.);
#1938 = DIRECTION('',(-1.,0.,0.));
#1939 = ORIENTED_EDGE('',*,*,#1854,.F.);
#1940 = ORIENTED_EDGE('',*,*,#997,.F.);
#1941 = PLANE('',#1942);
#1942 = AXIS2_PLACEMENT_3D('',#1943,#1944,#1945);
#1943 = CARTESIAN_POINT('',(4.75,1.55,0.));
#1944 = DIRECTION('',(0.,-1.,0.));
#1945 = DIRECTION('',(-1.,0.,0.));
#1946 = ADVANCED_FACE('',(#1947),#1972,.T.);
#1947 = FACE_BOUND('',#1948,.T.);
#1948 = EDGE_LOOP('',(#1949,#1957,#1965,#1971));
#1949 = ORIENTED_EDGE('',*,*,#1950,.T.);
#1950 = EDGE_CURVE('',#1022,#1951,#1953,.T.);
#1951 = VERTEX_POINT('',#1952);
#1952 = CARTESIAN_POINT('',(5.75,1.55,1.));
#1953 = LINE('',#1954,#1955);
#1954 = CARTESIAN_POINT('',(5.75,1.55,0.));
#1955 = VECTOR('',#1956,1.);
#1956 = DIRECTION('',(0.,0.,1.));
#1957 = ORIENTED_EDGE('',*,*,#1958,.T.);
#1958 = EDGE_CURVE('',#1951,#1959,#1961,.T.);
#1959 = VERTEX_POINT('',#1960);
#1960 = CARTESIAN_POINT('',(5.75,1.05,1.));
#1961 = LINE('',#1962,#1963);
#1962 = CARTESIAN_POINT('',(5.75,1.55,1.));
#1963 = VECTOR('',#1964,1.);
#1964 = DIRECTION('',(0.,-1.,0.));
#1965 = ORIENTED_EDGE('',*,*,#1966,.F.);
#1966 = EDGE_CURVE('',#1024,#1959,#1967,.T.);
#1967 = LINE('',#1968,#1969);
#1968 = CARTESIAN_POINT('',(5.75,1.05,0.));
#1969 = VECTOR('',#1970,1.);
#1970 = DIRECTION('',(0.,0.,1.));
#1971 = ORIENTED_EDGE('',*,*,#1021,.F.);
#1972 = PLANE('',#1973);
#1973 = AXIS2_PLACEMENT_3D('',#1974,#1975,#1976);
#1974 = CARTESIAN_POINT('',(5.75,1.55,0.));
#1975 = DIRECTION('',(1.,0.,-0.));
#1976 = DIRECTION('',(0.,-1.,0.));
#1977 = ADVANCED_FACE('',(#1978),#1996,.T.);
#1978 = FACE_BOUND('',#1979,.T.);
#1979 = EDGE_LOOP('',(#1980,#1981,#1989,#1995));
#1980 = ORIENTED_EDGE('',*,*,#1966,.T.);
#1981 = ORIENTED_EDGE('',*,*,#1982,.T.);
#1982 = EDGE_CURVE('',#1959,#1983,#1985,.T.);
#1983 = VERTEX_POINT('',#1984);
#1984 = CARTESIAN_POINT('',(6.25,1.05,1.));
#1985 = LINE('',#1986,#1987);
#1986 = CARTESIAN_POINT('',(5.75,1.05,1.));
#1987 = VECTOR('',#1988,1.);
#1988 = DIRECTION('',(1.,0.,0.));
#1989 = ORIENTED_EDGE('',*,*,#1990,.F.);
#1990 = EDGE_CURVE('',#1040,#1983,#1991,.T.);
#1991 = LINE('',#1992,#1993);
#1992 = CARTESIAN_POINT('',(6.25,1.05,0.));
#1993 = VECTOR('',#1994,1.);
#1994 = DIRECTION('',(0.,0.,1.));
#1995 = ORIENTED_EDGE('',*,*,#1047,.F.);
#1996 = PLANE('',#1997);
#1997 = AXIS2_PLACEMENT_3D('',#1998,#1999,#2000);
#1998 = CARTESIAN_POINT('',(5.75,1.05,0.));
#1999 = DIRECTION('',(0.,1.,0.));
#2000 = DIRECTION('',(1.,0.,0.));
#2001 = ADVANCED_FACE('',(#2002),#2020,.T.);
#2002 = FACE_BOUND('',#2003,.T.);
#2003 = EDGE_LOOP('',(#2004,#2005,#2013,#2019));
#2004 = ORIENTED_EDGE('',*,*,#1990,.T.);
#2005 = ORIENTED_EDGE('',*,*,#2006,.T.);
#2006 = EDGE_CURVE('',#1983,#2007,#2009,.T.);
#2007 = VERTEX_POINT('',#2008);
#2008 = CARTESIAN_POINT('',(6.25,1.55,1.));
#2009 = LINE('',#2010,#2011);
#2010 = CARTESIAN_POINT('',(6.25,1.05,1.));
#2011 = VECTOR('',#2012,1.);
#2012 = DIRECTION('',(0.,1.,0.));
#2013 = ORIENTED_EDGE('',*,*,#2014,.F.);
#2014 = EDGE_CURVE('',#1032,#2007,#2015,.T.);
#2015 = LINE('',#2016,#2017);
#2016 = CARTESIAN_POINT('',(6.25,1.55,0.));
#2017 = VECTOR('',#2018,1.);
#2018 = DIRECTION('',(0.,0.,1.));
#2019 = ORIENTED_EDGE('',*,*,#1039,.F.);
#2020 = PLANE('',#2021);
#2021 = AXIS2_PLACEMENT_3D('',#2022,#2023,#2024);
#2022 = CARTESIAN_POINT('',(6.25,1.05,0.));
#2023 = DIRECTION('',(-1.,0.,0.));
#2024 = DIRECTION('',(0.,1.,0.));
#2025 = ADVANCED_FACE('',(#2026),#2037,.T.);
#2026 = FACE_BOUND('',#2027,.T.);
#2027 = EDGE_LOOP('',(#2028,#2029,#2035,#2036));
#2028 = ORIENTED_EDGE('',*,*,#2014,.T.);
#2029 = ORIENTED_EDGE('',*,*,#2030,.T.);
#2030 = EDGE_CURVE('',#2007,#1951,#2031,.T.);
#2031 = LINE('',#2032,#2033);
#2032 = CARTESIAN_POINT('',(6.25,1.55,1.));
#2033 = VECTOR('',#2034,1.);
#2034 = DIRECTION('',(-1.,0.,0.));
#2035 = ORIENTED_EDGE('',*,*,#1950,.F.);
#2036 = ORIENTED_EDGE('',*,*,#1031,.F.);
#2037 = PLANE('',#2038);
#2038 = AXIS2_PLACEMENT_3D('',#2039,#2040,#2041);
#2039 = CARTESIAN_POINT('',(6.25,1.55,0.));
#2040 = DIRECTION('',(0.,-1.,0.));
#2041 = DIRECTION('',(-1.,0.,0.));
#2042 = ADVANCED_FACE('',(#2043),#2068,.T.);
#2043 = FACE_BOUND('',#2044,.T.);
#2044 = EDGE_LOOP('',(#2045,#2053,#2061,#2067));
#2045 = ORIENTED_EDGE('',*,*,#2046,.T.);
#2046 = EDGE_CURVE('',#1056,#2047,#2049,.T.);
#2047 = VERTEX_POINT('',#2048);
#2048 = CARTESIAN_POINT('',(7.25,1.55,1.));
#2049 = LINE('',#2050,#2051);
#2050 = CARTESIAN_POINT('',(7.25,1.55,0.));
#2051 = VECTOR('',#2052,1.);
#2052 = DIRECTION('',(0.,0.,1.));
#2053 = ORIENTED_EDGE('',*,*,#2054,.T.);
#2054 = EDGE_CURVE('',#2047,#2055,#2057,.T.);
#2055 = VERTEX_POINT('',#2056);
#2056 = CARTESIAN_POINT('',(7.25,1.05,1.));
#2057 = LINE('',#2058,#2059);
#2058 = CARTESIAN_POINT('',(7.25,1.55,1.));
#2059 = VECTOR('',#2060,1.);
#2060 = DIRECTION('',(0.,-1.,0.));
#2061 = ORIENTED_EDGE('',*,*,#2062,.F.);
#2062 = EDGE_CURVE('',#1058,#2055,#2063,.T.);
#2063 = LINE('',#2064,#2065);
#2064 = CARTESIAN_POINT('',(7.25,1.05,0.));
#2065 = VECTOR('',#2066,1.);
#2066 = DIRECTION('',(0.,0.,1.));
#2067 = ORIENTED_EDGE('',*,*,#1055,.F.);
#2068 = PLANE('',#2069);
#2069 = AXIS2_PLACEMENT_3D('',#2070,#2071,#2072);
#2070 = CARTESIAN_POINT('',(7.25,1.55,0.));
#2071 = DIRECTION('',(1.,0.,-0.));
#2072 = DIRECTION('',(0.,-1.,0.));
#2073 = ADVANCED_FACE('',(#2074),#2092,.T.);
#2074 = FACE_BOUND('',#2075,.T.);
#2075 = EDGE_LOOP('',(#2076,#2077,#2085,#2091));
#2076 = ORIENTED_EDGE('',*,*,#2062,.T.);
#2077 = ORIENTED_EDGE('',*,*,#2078,.T.);
#2078 = EDGE_CURVE('',#2055,#2079,#2081,.T.);
#2079 = VERTEX_POINT('',#2080);
#2080 = CARTESIAN_POINT('',(7.75,1.05,1.));
#2081 = LINE('',#2082,#2083);
#2082 = CARTESIAN_POINT('',(7.25,1.05,1.));
#2083 = VECTOR('',#2084,1.);
#2084 = DIRECTION('',(1.,0.,0.));
#2085 = ORIENTED_EDGE('',*,*,#2086,.F.);
#2086 = EDGE_CURVE('',#1074,#2079,#2087,.T.);
#2087 = LINE('',#2088,#2089);
#2088 = CARTESIAN_POINT('',(7.75,1.05,0.));
#2089 = VECTOR('',#2090,1.);
#2090 = DIRECTION('',(0.,0.,1.));
#2091 = ORIENTED_EDGE('',*,*,#1081,.F.);
#2092 = PLANE('',#2093);
#2093 = AXIS2_PLACEMENT_3D('',#2094,#2095,#2096);
#2094 = CARTESIAN_POINT('',(7.25,1.05,0.));
#2095 = DIRECTION('',(0.,1.,0.));
#2096 = DIRECTION('',(1.,0.,0.));
#2097 = ADVANCED_FACE('',(#2098),#2116,.T.);
#2098 = FACE_BOUND('',#2099,.T.);
#2099 = EDGE_LOOP('',(#2100,#2101,#2109,#2115));
#2100 = ORIENTED_EDGE('',*,*,#2086,.T.);
#2101 = ORIENTED_EDGE('',*,*,#2102,.T.);
#2102 = EDGE_CURVE('',#2079,#2103,#2105,.T.);
#2103 = VERTEX_POINT('',#2104);
#2104 = CARTESIAN_POINT('',(7.75,1.55,1.));
#2105 = LINE('',#2106,#2107);
#2106 = CARTESIAN_POINT('',(7.75,1.05,1.));
#2107 = VECTOR('',#2108,1.);
#2108 = DIRECTION('',(0.,1.,0.));
#2109 = ORIENTED_EDGE('',*,*,#2110,.F.);
#2110 = EDGE_CURVE('',#1066,#2103,#2111,.T.);
#2111 = LINE('',#2112,#2113);
#2112 = CARTESIAN_POINT('',(7.75,1.55,0.));
#2113 = VECTOR('',#2114,1.);
#2114 = DIRECTION('',(0.,0.,1.));
#2115 = ORIENTED_EDGE('',*,*,#1073,.F.);
#2116 = PLANE('',#2117);
#2117 = AXIS2_PLACEMENT_3D('',#2118,#2119,#2120);
#2118 = CARTESIAN_POINT('',(7.75,1.05,0.));
#2119 = DIRECTION('',(-1.,0.,0.));
#2120 = DIRECTION('',(0.,1.,0.));
#2121 = ADVANCED_FACE('',(#2122),#2133,.T.);
#2122 = FACE_BOUND('',#2123,.T.);
#2123 = EDGE_LOOP('',(#2124,#2125,#2131,#2132));
#2124 = ORIENTED_EDGE('',*,*,#2110,.T.);
#2125 = ORIENTED_EDGE('',*,*,#2126,.T.);
#2126 = EDGE_CURVE('',#2103,#2047,#2127,.T.);
#2127 = LINE('',#2128,#2129);
#2128 = CARTESIAN_POINT('',(7.75,1.55,1.));
#2129 = VECTOR('',#2130,1.);
#2130 = DIRECTION('',(-1.,0.,0.));
#2131 = ORIENTED_EDGE('',*,*,#2046,.F.);
#2132 = ORIENTED_EDGE('',*,*,#1065,.F.);
#2133 = PLANE('',#2134);
#2134 = AXIS2_PLACEMENT_3D('',#2135,#2136,#2137);
#2135 = CARTESIAN_POINT('',(7.75,1.55,0.));
#2136 = DIRECTION('',(0.,-1.,0.));
#2137 = DIRECTION('',(-1.,0.,0.));
#2138 = ADVANCED_FACE('',(#2139),#2164,.F.);
#2139 = FACE_BOUND('',#2140,.F.);
#2140 = EDGE_LOOP('',(#2141,#2149,#2157,#2163));
#2141 = ORIENTED_EDGE('',*,*,#2142,.T.);
#2142 = EDGE_CURVE('',#1210,#2143,#2145,.T.);
#2143 = VERTEX_POINT('',#2144);
#2144 = CARTESIAN_POINT('',(0.5,0.15,2.6));
#2145 = LINE('',#2146,#2147);
#2146 = CARTESIAN_POINT('',(0.5,5.773159728051E-16,2.6));
#2147 = VECTOR('',#2148,1.);
#2148 = DIRECTION('',(0.,1.,-2.22044604925E-16));
#2149 = ORIENTED_EDGE('',*,*,#2150,.T.);
#2150 = EDGE_CURVE('',#2143,#2151,#2153,.T.);
#2151 = VERTEX_POINT('',#2152);
#2152 = CARTESIAN_POINT('',(0.5,0.15,1.6));
#2153 = LINE('',#2154,#2155);
#2154 = CARTESIAN_POINT('',(0.5,0.15,2.6));
#2155 = VECTOR('',#2156,1.);
#2156 = DIRECTION('',(0.,-2.22044604925E-16,-1.));
#2157 = ORIENTED_EDGE('',*,*,#2158,.F.);
#2158 = EDGE_CURVE('',#1212,#2151,#2159,.T.);
#2159 = LINE('',#2160,#2161);
#2160 = CARTESIAN_POINT('',(0.5,3.552713678801E-16,1.6));
#2161 = VECTOR('',#2162,1.);
#2162 = DIRECTION('',(0.,1.,-2.22044604925E-16));
#2163 = ORIENTED_EDGE('',*,*,#1209,.F.);
#2164 = PLANE('',#2165);
#2165 = AXIS2_PLACEMENT_3D('',#2166,#2167,#2168);
#2166 = CARTESIAN_POINT('',(0.5,5.773159728051E-16,2.6));
#2167 = DIRECTION('',(-1.,0.,0.));
#2168 = DIRECTION('',(0.,-2.22044604925E-16,-1.));
#2169 = ADVANCED_FACE('',(#2170),#2188,.F.);
#2170 = FACE_BOUND('',#2171,.F.);
#2171 = EDGE_LOOP('',(#2172,#2180,#2186,#2187));
#2172 = ORIENTED_EDGE('',*,*,#2173,.T.);
#2173 = EDGE_CURVE('',#1228,#2174,#2176,.T.);
#2174 = VERTEX_POINT('',#2175);
#2175 = CARTESIAN_POINT('',(1.2,0.15,2.6));
#2176 = LINE('',#2177,#2178);
#2177 = CARTESIAN_POINT('',(1.2,5.773159728051E-16,2.6));
#2178 = VECTOR('',#2179,1.);
#2179 = DIRECTION('',(0.,1.,-2.22044604925E-16));
#2180 = ORIENTED_EDGE('',*,*,#2181,.T.);
#2181 = EDGE_CURVE('',#2174,#2143,#2182,.T.);
#2182 = LINE('',#2183,#2184);
#2183 = CARTESIAN_POINT('',(1.2,0.15,2.6));
#2184 = VECTOR('',#2185,1.);
#2185 = DIRECTION('',(-1.,0.,0.));
#2186 = ORIENTED_EDGE('',*,*,#2142,.F.);
#2187 = ORIENTED_EDGE('',*,*,#1235,.F.);
#2188 = PLANE('',#2189);
#2189 = AXIS2_PLACEMENT_3D('',#2190,#2191,#2192);
#2190 = CARTESIAN_POINT('',(1.2,5.773159728051E-16,2.6));
#2191 = DIRECTION('',(0.,2.22044604925E-16,1.));
#2192 = DIRECTION('',(-1.,0.,0.));
#2193 = ADVANCED_FACE('',(#2194),#2212,.F.);
#2194 = FACE_BOUND('',#2195,.F.);
#2195 = EDGE_LOOP('',(#2196,#2204,#2210,#2211));
#2196 = ORIENTED_EDGE('',*,*,#2197,.T.);
#2197 = EDGE_CURVE('',#1220,#2198,#2200,.T.);
#2198 = VERTEX_POINT('',#2199);
#2199 = CARTESIAN_POINT('',(1.2,0.15,1.6));
#2200 = LINE('',#2201,#2202);
#2201 = CARTESIAN_POINT('',(1.2,3.552713678801E-16,1.6));
#2202 = VECTOR('',#2203,1.);
#2203 = DIRECTION('',(0.,1.,-2.22044604925E-16));
#2204 = ORIENTED_EDGE('',*,*,#2205,.T.);
#2205 = EDGE_CURVE('',#2198,#2174,#2206,.T.);
#2206 = LINE('',#2207,#2208);
#2207 = CARTESIAN_POINT('',(1.2,0.15,1.6));
#2208 = VECTOR('',#2209,1.);
#2209 = DIRECTION('',(0.,2.22044604925E-16,1.));
#2210 = ORIENTED_EDGE('',*,*,#2173,.F.);
#2211 = ORIENTED_EDGE('',*,*,#1227,.F.);
#2212 = PLANE('',#2213);
#2213 = AXIS2_PLACEMENT_3D('',#2214,#2215,#2216);
#2214 = CARTESIAN_POINT('',(1.2,3.552713678801E-16,1.6));
#2215 = DIRECTION('',(1.,0.,0.));
#2216 = DIRECTION('',(0.,2.22044604925E-16,1.));
#2217 = ADVANCED_FACE('',(#2218),#2229,.F.);
#2218 = FACE_BOUND('',#2219,.F.);
#2219 = EDGE_LOOP('',(#2220,#2221,#2227,#2228));
#2220 = ORIENTED_EDGE('',*,*,#2158,.T.);
#2221 = ORIENTED_EDGE('',*,*,#2222,.T.);
#2222 = EDGE_CURVE('',#2151,#2198,#2223,.T.);
#2223 = LINE('',#2224,#2225);
#2224 = CARTESIAN_POINT('',(0.5,0.15,1.6));
#2225 = VECTOR('',#2226,1.);
#2226 = DIRECTION('',(1.,0.,0.));
#2227 = ORIENTED_EDGE('',*,*,#2197,.F.);
#2228 = ORIENTED_EDGE('',*,*,#1219,.F.);
#2229 = PLANE('',#2230);
#2230 = AXIS2_PLACEMENT_3D('',#2231,#2232,#2233);
#2231 = CARTESIAN_POINT('',(0.5,3.552713678801E-16,1.6));
#2232 = DIRECTION('',(0.,-2.22044604925E-16,-1.));
#2233 = DIRECTION('',(1.,0.,0.));
#2234 = ADVANCED_FACE('',(#2235),#2260,.T.);
#2235 = FACE_BOUND('',#2236,.T.);
#2236 = EDGE_LOOP('',(#2237,#2245,#2253,#2259));
#2237 = ORIENTED_EDGE('',*,*,#2238,.T.);
#2238 = EDGE_CURVE('',#1244,#2239,#2241,.T.);
#2239 = VERTEX_POINT('',#2240);
#2240 = CARTESIAN_POINT('',(10.,0.15,1.6));
#2241 = LINE('',#2242,#2243);
#2242 = CARTESIAN_POINT('',(10.,3.552713678801E-16,1.6));
#2243 = VECTOR('',#2244,1.);
#2244 = DIRECTION('',(0.,1.,-2.22044604925E-16));
#2245 = ORIENTED_EDGE('',*,*,#2246,.T.);
#2246 = EDGE_CURVE('',#2239,#2247,#2249,.T.);
#2247 = VERTEX_POINT('',#2248);
#2248 = CARTESIAN_POINT('',(9.3,0.15,1.6));
#2249 = LINE('',#2250,#2251);
#2250 = CARTESIAN_POINT('',(10.,0.15,1.6));
#2251 = VECTOR('',#2252,1.);
#2252 = DIRECTION('',(-1.,0.,0.));
#2253 = ORIENTED_EDGE('',*,*,#2254,.F.);
#2254 = EDGE_CURVE('',#1246,#2247,#2255,.T.);
#2255 = LINE('',#2256,#2257);
#2256 = CARTESIAN_POINT('',(9.3,3.552713678801E-16,1.6));
#2257 = VECTOR('',#2258,1.);
#2258 = DIRECTION('',(0.,1.,-2.22044604925E-16));
#2259 = ORIENTED_EDGE('',*,*,#1243,.F.);
#2260 = PLANE('',#2261);
#2261 = AXIS2_PLACEMENT_3D('',#2262,#2263,#2264);
#2262 = CARTESIAN_POINT('',(10.,3.552713678801E-16,1.6));
#2263 = DIRECTION('',(0.,2.22044604925E-16,1.));
#2264 = DIRECTION('',(-1.,0.,0.));
#2265 = ADVANCED_FACE('',(#2266),#2284,.T.);
#2266 = FACE_BOUND('',#2267,.T.);
#2267 = EDGE_LOOP('',(#2268,#2269,#2277,#2283));
#2268 = ORIENTED_EDGE('',*,*,#2254,.T.);
#2269 = ORIENTED_EDGE('',*,*,#2270,.T.);
#2270 = EDGE_CURVE('',#2247,#2271,#2273,.T.);
#2271 = VERTEX_POINT('',#2272);
#2272 = CARTESIAN_POINT('',(9.3,0.15,2.6));
#2273 = LINE('',#2274,#2275);
#2274 = CARTESIAN_POINT('',(9.3,0.15,1.6));
#2275 = VECTOR('',#2276,1.);
#2276 = DIRECTION('',(0.,2.22044604925E-16,1.));
#2277 = ORIENTED_EDGE('',*,*,#2278,.F.);
#2278 = EDGE_CURVE('',#1262,#2271,#2279,.T.);
#2279 = LINE('',#2280,#2281);
#2280 = CARTESIAN_POINT('',(9.3,5.773159728051E-16,2.6));
#2281 = VECTOR('',#2282,1.);
#2282 = DIRECTION('',(0.,1.,-2.22044604925E-16));
#2283 = ORIENTED_EDGE('',*,*,#1269,.F.);
#2284 = PLANE('',#2285);
#2285 = AXIS2_PLACEMENT_3D('',#2286,#2287,#2288);
#2286 = CARTESIAN_POINT('',(9.3,3.552713678801E-16,1.6));
#2287 = DIRECTION('',(1.,0.,0.));
#2288 = DIRECTION('',(0.,2.22044604925E-16,1.));
#2289 = ADVANCED_FACE('',(#2290),#2308,.T.);
#2290 = FACE_BOUND('',#2291,.T.);
#2291 = EDGE_LOOP('',(#2292,#2293,#2301,#2307));
#2292 = ORIENTED_EDGE('',*,*,#2278,.T.);
#2293 = ORIENTED_EDGE('',*,*,#2294,.T.);
#2294 = EDGE_CURVE('',#2271,#2295,#2297,.T.);
#2295 = VERTEX_POINT('',#2296);
#2296 = CARTESIAN_POINT('',(10.,0.15,2.6));
#2297 = LINE('',#2298,#2299);
#2298 = CARTESIAN_POINT('',(9.3,0.15,2.6));
#2299 = VECTOR('',#2300,1.);
#2300 = DIRECTION('',(1.,0.,0.));
#2301 = ORIENTED_EDGE('',*,*,#2302,.F.);
#2302 = EDGE_CURVE('',#1254,#2295,#2303,.T.);
#2303 = LINE('',#2304,#2305);
#2304 = CARTESIAN_POINT('',(10.,5.773159728051E-16,2.6));
#2305 = VECTOR('',#2306,1.);
#2306 = DIRECTION('',(0.,1.,-2.22044604925E-16));
#2307 = ORIENTED_EDGE('',*,*,#1261,.F.);
#2308 = PLANE('',#2309);
#2309 = AXIS2_PLACEMENT_3D('',#2310,#2311,#2312);
#2310 = CARTESIAN_POINT('',(9.3,5.773159728051E-16,2.6));
#2311 = DIRECTION('',(0.,-2.22044604925E-16,-1.));
#2312 = DIRECTION('',(1.,0.,0.));
#2313 = ADVANCED_FACE('',(#2314),#2325,.T.);
#2314 = FACE_BOUND('',#2315,.T.);
#2315 = EDGE_LOOP('',(#2316,#2317,#2323,#2324));
#2316 = ORIENTED_EDGE('',*,*,#2302,.T.);
#2317 = ORIENTED_EDGE('',*,*,#2318,.T.);
#2318 = EDGE_CURVE('',#2295,#2239,#2319,.T.);
#2319 = LINE('',#2320,#2321);
#2320 = CARTESIAN_POINT('',(10.,0.15,2.6));
#2321 = VECTOR('',#2322,1.);
#2322 = DIRECTION('',(0.,-2.22044604925E-16,-1.));
#2323 = ORIENTED_EDGE('',*,*,#2238,.F.);
#2324 = ORIENTED_EDGE('',*,*,#1253,.F.);
#2325 = PLANE('',#2326);
#2326 = AXIS2_PLACEMENT_3D('',#2327,#2328,#2329);
#2327 = CARTESIAN_POINT('',(10.,5.773159728051E-16,2.6));
#2328 = DIRECTION('',(-1.,0.,0.));
#2329 = DIRECTION('',(0.,-2.22044604925E-16,-1.));
#2330 = ADVANCED_FACE('',(#2331),#2342,.F.);
#2331 = FACE_BOUND('',#2332,.F.);
#2332 = EDGE_LOOP('',(#2333,#2334,#2340,#2341));
#2333 = ORIENTED_EDGE('',*,*,#1349,.T.);
#2334 = ORIENTED_EDGE('',*,*,#2335,.T.);
#2335 = EDGE_CURVE('',#1342,#1494,#2336,.T.);
#2336 = LINE('',#2337,#2338);
#2337 = CARTESIAN_POINT('',(0.4,0.3,1.));
#2338 = VECTOR('',#2339,1.);
#2339 = DIRECTION('',(1.,0.,0.));
#2340 = ORIENTED_EDGE('',*,*,#1493,.F.);
#2341 = ORIENTED_EDGE('',*,*,#1309,.F.);
#2342 = PLANE('',#2343);
#2343 = AXIS2_PLACEMENT_3D('',#2344,#2345,#2346);
#2344 = CARTESIAN_POINT('',(0.4,0.3,4.5));
#2345 = DIRECTION('',(0.,-1.,0.));
#2346 = DIRECTION('',(1.,0.,0.));
#2347 = ADVANCED_FACE('',(#2348),#2359,.F.);
#2348 = FACE_BOUND('',#2349,.F.);
#2349 = EDGE_LOOP('',(#2350,#2351,#2352,#2353));
#2350 = ORIENTED_EDGE('',*,*,#1388,.F.);
#2351 = ORIENTED_EDGE('',*,*,#1293,.T.);
#2352 = ORIENTED_EDGE('',*,*,#1552,.T.);
#2353 = ORIENTED_EDGE('',*,*,#2354,.F.);
#2354 = EDGE_CURVE('',#1389,#1545,#2355,.T.);
#2355 = LINE('',#2356,#2357);
#2356 = CARTESIAN_POINT('',(10.5,1.,4.2));
#2357 = VECTOR('',#2358,1.);
#2358 = DIRECTION('',(-1.,-0.,-0.));
#2359 = PLANE('',#2360);
#2360 = AXIS2_PLACEMENT_3D('',#2361,#2362,#2363);
#2361 = CARTESIAN_POINT('',(10.5,0.85,4.35));
#2362 = DIRECTION('',(4.827584719484E-18,-0.707106781187,-0.707106781187
    ));
#2363 = DIRECTION('',(-1.,-3.413617891899E-18,-3.413617891899E-18));
#2364 = ADVANCED_FACE('',(#2365,#2371,#2377,#2383,#2389,#2395,#2401),
  #2407,.T.);
#2365 = FACE_BOUND('',#2366,.T.);
#2366 = EDGE_LOOP('',(#2367,#2368,#2369,#2370));
#2367 = ORIENTED_EDGE('',*,*,#2335,.T.);
#2368 = ORIENTED_EDGE('',*,*,#1501,.T.);
#2369 = ORIENTED_EDGE('',*,*,#1452,.T.);
#2370 = ORIENTED_EDGE('',*,*,#1341,.T.);
#2371 = FACE_BOUND('',#2372,.T.);
#2372 = EDGE_LOOP('',(#2373,#2374,#2375,#2376));
#2373 = ORIENTED_EDGE('',*,*,#1574,.F.);
#2374 = ORIENTED_EDGE('',*,*,#1646,.F.);
#2375 = ORIENTED_EDGE('',*,*,#1622,.F.);
#2376 = ORIENTED_EDGE('',*,*,#1598,.F.);
#2377 = FACE_BOUND('',#2378,.T.);
#2378 = EDGE_LOOP('',(#2379,#2380,#2381,#2382));
#2379 = ORIENTED_EDGE('',*,*,#1670,.F.);
#2380 = ORIENTED_EDGE('',*,*,#1742,.F.);
#2381 = ORIENTED_EDGE('',*,*,#1718,.F.);
#2382 = ORIENTED_EDGE('',*,*,#1694,.F.);
#2383 = FACE_BOUND('',#2384,.T.);
#2384 = EDGE_LOOP('',(#2385,#2386,#2387,#2388));
#2385 = ORIENTED_EDGE('',*,*,#1766,.F.);
#2386 = ORIENTED_EDGE('',*,*,#1838,.F.);
#2387 = ORIENTED_EDGE('',*,*,#1814,.F.);
#2388 = ORIENTED_EDGE('',*,*,#1790,.F.);
#2389 = FACE_BOUND('',#2390,.T.);
#2390 = EDGE_LOOP('',(#2391,#2392,#2393,#2394));
#2391 = ORIENTED_EDGE('',*,*,#1862,.F.);
#2392 = ORIENTED_EDGE('',*,*,#1934,.F.);
#2393 = ORIENTED_EDGE('',*,*,#1910,.F.);
#2394 = ORIENTED_EDGE('',*,*,#1886,.F.);
#2395 = FACE_BOUND('',#2396,.T.);
#2396 = EDGE_LOOP('',(#2397,#2398,#2399,#2400));
#2397 = ORIENTED_EDGE('',*,*,#1958,.F.);
#2398 = ORIENTED_EDGE('',*,*,#2030,.F.);
#2399 = ORIENTED_EDGE('',*,*,#2006,.F.);
#2400 = ORIENTED_EDGE('',*,*,#1982,.F.);
#2401 = FACE_BOUND('',#2402,.T.);
#2402 = EDGE_LOOP('',(#2403,#2404,#2405,#2406));
#2403 = ORIENTED_EDGE('',*,*,#2054,.F.);
#2404 = ORIENTED_EDGE('',*,*,#2126,.F.);
#2405 = ORIENTED_EDGE('',*,*,#2102,.F.);
#2406 = ORIENTED_EDGE('',*,*,#2078,.F.);
#2407 = PLANE('',#2408);
#2408 = AXIS2_PLACEMENT_3D('',#2409,#2410,#2411);
#2409 = CARTESIAN_POINT('',(5.25,1.75,1.));
#2410 = DIRECTION('',(0.,0.,1.));
#2411 = DIRECTION('',(1.,0.,0.));
#2412 = ADVANCED_FACE('',(#2413),#2424,.F.);
#2413 = FACE_BOUND('',#2414,.F.);
#2414 = EDGE_LOOP('',(#2415,#2416,#2422,#2423));
#2415 = ORIENTED_EDGE('',*,*,#1430,.F.);
#2416 = ORIENTED_EDGE('',*,*,#2417,.T.);
#2417 = EDGE_CURVE('',#1422,#1511,#2418,.T.);
#2418 = LINE('',#2419,#2420);
#2419 = CARTESIAN_POINT('',(10.5,2.1,2.5));
#2420 = VECTOR('',#2421,1.);
#2421 = DIRECTION('',(-1.,-0.,-0.));
#2422 = ORIENTED_EDGE('',*,*,#1510,.T.);
#2423 = ORIENTED_EDGE('',*,*,#1478,.F.);
#2424 = PLANE('',#2425);
#2425 = AXIS2_PLACEMENT_3D('',#2426,#2427,#2428);
#2426 = CARTESIAN_POINT('',(10.5,2.1,2.5));
#2427 = DIRECTION('',(0.,1.,0.));
#2428 = DIRECTION('',(0.,0.,1.));
#2429 = ADVANCED_FACE('',(#2430),#2441,.F.);
#2430 = FACE_BOUND('',#2431,.F.);
#2431 = EDGE_LOOP('',(#2432,#2433,#2439,#2440));
#2432 = ORIENTED_EDGE('',*,*,#1421,.F.);
#2433 = ORIENTED_EDGE('',*,*,#2434,.T.);
#2434 = EDGE_CURVE('',#1414,#1519,#2435,.T.);
#2435 = LINE('',#2436,#2437);
#2436 = CARTESIAN_POINT('',(10.5,1.6,2.));
#2437 = VECTOR('',#2438,1.);
#2438 = DIRECTION('',(-1.,-0.,-0.));
#2439 = ORIENTED_EDGE('',*,*,#1518,.T.);
#2440 = ORIENTED_EDGE('',*,*,#2417,.F.);
#2441 = CYLINDRICAL_SURFACE('',#2442,0.5);
#2442 = AXIS2_PLACEMENT_3D('',#2443,#2444,#2445);
#2443 = CARTESIAN_POINT('',(10.5,1.6,2.5));
#2444 = DIRECTION('',(1.,0.,0.));
#2445 = DIRECTION('',(0.,1.,0.));
#2446 = ADVANCED_FACE('',(#2447),#2458,.F.);
#2447 = FACE_BOUND('',#2448,.F.);
#2448 = EDGE_LOOP('',(#2449,#2450,#2456,#2457));
#2449 = ORIENTED_EDGE('',*,*,#1413,.F.);
#2450 = ORIENTED_EDGE('',*,*,#2451,.T.);
#2451 = EDGE_CURVE('',#1405,#1528,#2452,.T.);
#2452 = LINE('',#2453,#2454);
#2453 = CARTESIAN_POINT('',(10.5,1.5,2.));
#2454 = VECTOR('',#2455,1.);
#2455 = DIRECTION('',(-1.,-0.,-0.));
#2456 = ORIENTED_EDGE('',*,*,#1527,.T.);
#2457 = ORIENTED_EDGE('',*,*,#2434,.F.);
#2458 = PLANE('',#2459);
#2459 = AXIS2_PLACEMENT_3D('',#2460,#2461,#2462);
#2460 = CARTESIAN_POINT('',(10.5,1.5,2.));
#2461 = DIRECTION('',(0.,0.,-1.));
#2462 = DIRECTION('',(0.,1.,0.));
#2463 = ADVANCED_FACE('',(#2464),#2475,.F.);
#2464 = FACE_BOUND('',#2465,.F.);
#2465 = EDGE_LOOP('',(#2466,#2467,#2473,#2474));
#2466 = ORIENTED_EDGE('',*,*,#1404,.F.);
#2467 = ORIENTED_EDGE('',*,*,#2468,.T.);
#2468 = EDGE_CURVE('',#1397,#1536,#2469,.T.);
#2469 = LINE('',#2470,#2471);
#2470 = CARTESIAN_POINT('',(10.5,1.,2.5));
#2471 = VECTOR('',#2472,1.);
#2472 = DIRECTION('',(-1.,-0.,-0.));
#2473 = ORIENTED_EDGE('',*,*,#1535,.T.);
#2474 = ORIENTED_EDGE('',*,*,#2451,.F.);
#2475 = CYLINDRICAL_SURFACE('',#2476,0.5);
#2476 = AXIS2_PLACEMENT_3D('',#2477,#2478,#2479);
#2477 = CARTESIAN_POINT('',(10.5,1.5,2.5));
#2478 = DIRECTION('',(1.,0.,0.));
#2479 = DIRECTION('',(0.,1.,0.));
#2480 = ADVANCED_FACE('',(#2481),#2487,.F.);
#2481 = FACE_BOUND('',#2482,.F.);
#2482 = EDGE_LOOP('',(#2483,#2484,#2485,#2486));
#2483 = ORIENTED_EDGE('',*,*,#1396,.F.);
#2484 = ORIENTED_EDGE('',*,*,#2354,.T.);
#2485 = ORIENTED_EDGE('',*,*,#1544,.T.);
#2486 = ORIENTED_EDGE('',*,*,#2468,.F.);
#2487 = PLANE('',#2488);
#2488 = AXIS2_PLACEMENT_3D('',#2489,#2490,#2491);
#2489 = CARTESIAN_POINT('',(10.5,1.,4.5));
#2490 = DIRECTION('',(0.,-1.,0.));
#2491 = DIRECTION('',(0.,0.,-1.));
#2492 = ADVANCED_FACE('',(#2493),#2499,.F.);
#2493 = FACE_BOUND('',#2494,.T.);
#2494 = EDGE_LOOP('',(#2495,#2496,#2497,#2498));
#2495 = ORIENTED_EDGE('',*,*,#2222,.T.);
#2496 = ORIENTED_EDGE('',*,*,#2205,.T.);
#2497 = ORIENTED_EDGE('',*,*,#2181,.T.);
#2498 = ORIENTED_EDGE('',*,*,#2150,.T.);
#2499 = PLANE('',#2500);
#2500 = AXIS2_PLACEMENT_3D('',#2501,#2502,#2503);
#2501 = CARTESIAN_POINT('',(5.25,0.15,2.1));
#2502 = DIRECTION('',(0.,1.,0.));
#2503 = DIRECTION('',(0.,0.,1.));
#2504 = ADVANCED_FACE('',(#2505),#2511,.F.);
#2505 = FACE_BOUND('',#2506,.F.);
#2506 = EDGE_LOOP('',(#2507,#2508,#2509,#2510));
#2507 = ORIENTED_EDGE('',*,*,#2246,.T.);
#2508 = ORIENTED_EDGE('',*,*,#2270,.T.);
#2509 = ORIENTED_EDGE('',*,*,#2294,.T.);
#2510 = ORIENTED_EDGE('',*,*,#2318,.T.);
#2511 = PLANE('',#2512);
#2512 = AXIS2_PLACEMENT_3D('',#2513,#2514,#2515);
#2513 = CARTESIAN_POINT('',(5.25,0.15,2.1));
#2514 = DIRECTION('',(0.,1.,0.));
#2515 = DIRECTION('',(0.,0.,1.));
#2516 = ( GEOMETRIC_REPRESENTATION_CONTEXT(3) 
GLOBAL_UNCERTAINTY_ASSIGNED_CONTEXT((#2520)) 
GLOBAL_UNIT_ASSIGNED_CONTEXT((#2517,#2518,#2519)) REPRESENTATION_CONTEXT
('Context #1','3D Context with UNIT and UNCERTAINTY') );
#2517 = ( LENGTH_UNIT() NAMED_UNIT(*) SI_UNIT(.MILLI.,.METRE.) );
#2518 = ( NAMED_UNIT(*) PLANE_ANGLE_UNIT() SI_UNIT($,.RADIAN.) );
#2519 = ( NAMED_UNIT(*) SI_UNIT($,.STERADIAN.) SOLID_ANGLE_UNIT() );
#2520 = UNCERTAINTY_MEASURE_WITH_UNIT(LENGTH_MEASURE(1.E-06),#2517,
  'distance_accuracy_value','confusion accuracy');
#2521 = CONTEXT_DEPENDENT_SHAPE_REPRESENTATION(#2522,#2524);
#2522 = ( REPRESENTATION_RELATIONSHIP('','',#465,#10) 
REPRESENTATION_RELATIONSHIP_WITH_TRANSFORMATION(#2523) 
SHAPE_REPRESENTATION_RELATIONSHIP() );
#2523 = ITEM_DEFINED_TRANSFORMATION('','',#11,#19);
#2524 = PRODUCT_DEFINITION_SHAPE('Placement','Placement of an item',
  #2525);
#2525 = NEXT_ASSEMBLY_USAGE_OCCURRENCE('8','Pocket004','',#5,#460,$);
#2526 = PRODUCT_RELATED_PRODUCT_CATEGORY('part',$,(#462));
#2527 = MECHANICAL_DESIGN_GEOMETRIC_PRESENTATION_REPRESENTATION('',(
    #2528),#422);
#2528 = STYLED_ITEM('color',(#2529),#80);
#2529 = PRESENTATION_STYLE_ASSIGNMENT((#2530,#2536));
#2530 = SURFACE_STYLE_USAGE(.BOTH.,#2531);
#2531 = SURFACE_SIDE_STYLE('',(#2532));
#2532 = SURFACE_STYLE_FILL_AREA(#2533);
#2533 = FILL_AREA_STYLE('',(#2534));
#2534 = FILL_AREA_STYLE_COLOUR('',#2535);
#2535 = COLOUR_RGB('',0.925490190256,0.925490190256,0.925490190256);
#2536 = CURVE_STYLE('',#2537,POSITIVE_LENGTH_MEASURE(0.1),#2538);
#2537 = DRAUGHTING_PRE_DEFINED_CURVE_FONT('continuous');
#2538 = COLOUR_RGB('',9.803921802644E-02,9.803921802644E-02,
  9.803921802644E-02);
#2539 = MECHANICAL_DESIGN_GEOMETRIC_PRESENTATION_REPRESENTATION('',(
    #2540),#2516);
#2540 = STYLED_ITEM('color',(#2541),#466);
#2541 = PRESENTATION_STYLE_ASSIGNMENT((#2542,#2548));
#2542 = SURFACE_STYLE_USAGE(.BOTH.,#2543);
#2543 = SURFACE_SIDE_STYLE('',(#2544));
#2544 = SURFACE_STYLE_FILL_AREA(#2545);
#2545 = FILL_AREA_STYLE('',(#2546));
#2546 = FILL_AREA_STYLE_COLOUR('',#2547);
#2547 = COLOUR_RGB('',0.447059003357,0.474510015008,0.501960993452);
#2548 = CURVE_STYLE('',#2549,POSITIVE_LENGTH_MEASURE(0.1),#2538);
#2549 = DRAUGHTING_PRE_DEFINED_CURVE_FONT('continuous');
ENDSEC;
END-ISO-10303-21;
