ISO-10303-21;
HEADER;
FILE_DESCRIPTION(('FreeCAD Model'),'2;1');
FILE_NAME('Open CASCADE Shape Model','2026-01-02T17:54:06',('Author'),(
    ''),'Open CASCADE STEP processor 7.8','FreeCAD','Unknown');
FILE_SCHEMA(('AUTOMOTIVE_DESIGN { 1 0 10303 214 1 1 1 1 }'));
ENDSEC;
DATA;
#1 = APPLICATION_PROTOCOL_DEFINITION('international standard',
  'automotive_design',2000,#2);
#2 = APPLICATION_CONTEXT(
  'core data for automotive mechanical design processes');
#3 = SHAPE_DEFINITION_REPRESENTATION(#4,#10);
#4 = PRODUCT_DEFINITION_SHAPE('','',#5);
#5 = PRODUCT_DEFINITION('design','',#6,#9);
#6 = PRODUCT_DEFINITION_FORMATION('','',#7);
#7 = PRODUCT('Unnamed','Unnamed','',(#8));
#8 = PRODUCT_CONTEXT('',#2,'mechanical');
#9 = PRODUCT_DEFINITION_CONTEXT('part definition',#2,'design');
#10 = SHAPE_REPRESENTATION('',(#11,#15,#19,#23,#27),#31);
#11 = AXIS2_PLACEMENT_3D('',#12,#13,#14);
#12 = CARTESIAN_POINT('',(0.,0.,0.));
#13 = DIRECTION('',(0.,0.,1.));
#14 = DIRECTION('',(1.,0.,-0.));
#15 = AXIS2_PLACEMENT_3D('',#16,#17,#18);
#16 = CARTESIAN_POINT('',(0.,0.,0.));
#17 = DIRECTION('',(0.,0.,1.));
#18 = DIRECTION('',(1.,0.,0.));
#19 = AXIS2_PLACEMENT_3D('',#20,#21,#22);
#20 = CARTESIAN_POINT('',(0.,0.,0.));
#21 = DIRECTION('',(0.,0.,1.));
#22 = DIRECTION('',(1.,0.,0.));
#23 = AXIS2_PLACEMENT_3D('',#24,#25,#26);
#24 = CARTESIAN_POINT('',(0.,0.,0.));
#25 = DIRECTION('',(0.,0.,1.));
#26 = DIRECTION('',(1.,0.,0.));
#27 = AXIS2_PLACEMENT_3D('',#28,#29,#30);
#28 = CARTESIAN_POINT('',(0.,0.,0.));
#29 = DIRECTION('',(0.,0.,1.));
#30 = DIRECTION('',(1.,0.,0.));
#31 = ( GEOMETRIC_REPRESENTATION_CONTEXT(3) 
GLOBAL_UNCERTAINTY_ASSIGNED_CONTEXT((#35)) GLOBAL_UNIT_ASSIGNED_CONTEXT(
(#32,#33,#34)) REPRESENTATION_CONTEXT('Context #1',
  '3D Context with UNIT and UNCERTAINTY') );
#32 = ( LENGTH_UNIT() NAMED_UNIT(*) SI_UNIT(.MILLI.,.METRE.) );
#33 = ( NAMED_UNIT(*) PLANE_ANGLE_UNIT() SI_UNIT($,.RADIAN.) );
#34 = ( NAMED_UNIT(*) SI_UNIT($,.STERADIAN.) SOLID_ANGLE_UNIT() );
#35 = UNCERTAINTY_MEASURE_WITH_UNIT(LENGTH_MEASURE(1.E-07),#32,
  'distance_accuracy_value','confusion accuracy');
#36 = PRODUCT_RELATED_PRODUCT_CATEGORY('part',$,(#7));
#37 = SHAPE_DEFINITION_REPRESENTATION(#38,#44);
#38 = PRODUCT_DEFINITION_SHAPE('','',#39);
#39 = PRODUCT_DEFINITION('design','',#40,#43);
#40 = PRODUCT_DEFINITION_FORMATION('','',#41);
#41 = PRODUCT('Array (Mirror #1)','Array (Mirror #1)','',(#42));
#42 = PRODUCT_CONTEXT('',#2,'mechanical');
#43 = PRODUCT_DEFINITION_CONTEXT('part definition',#2,'design');
#44 = SHAPE_REPRESENTATION('',(#11,#45,#467,#889,#1311,#1733,#2155,#2577
    ,#2999,#3421,#3843,#4265,#4687),#5109);
#45 = MANIFOLD_SOLID_BREP('',#46);
#46 = CLOSED_SHELL('',(#47,#87,#118,#149,#182,#213,#246,#277,#308,#339,
    #372,#403,#427,#447));
#47 = ADVANCED_FACE('',(#48),#82,.F.);
#48 = FACE_BOUND('',#49,.T.);
#49 = EDGE_LOOP('',(#50,#60,#68,#76));
#50 = ORIENTED_EDGE('',*,*,#51,.T.);
#51 = EDGE_CURVE('',#52,#54,#56,.T.);
#52 = VERTEX_POINT('',#53);
#53 = CARTESIAN_POINT('',(-1.289812899001E-16,8.350410611629,
    0.290440044566));
#54 = VERTEX_POINT('',#55);
#55 = CARTESIAN_POINT('',(0.406,8.350410611629,0.290440044566));
#56 = LINE('',#57,#58);
#57 = CARTESIAN_POINT('',(-1.289812899001E-16,8.350410611629,
    0.290440044566));
#58 = VECTOR('',#59,1.);
#59 = DIRECTION('',(1.,2.22044604925E-16,2.22044604925E-16));
#60 = ORIENTED_EDGE('',*,*,#61,.T.);
#61 = EDGE_CURVE('',#54,#62,#64,.T.);
#62 = VERTEX_POINT('',#63);
#63 = CARTESIAN_POINT('',(0.406,8.92,0.25061047452));
#64 = LINE('',#65,#66);
#65 = CARTESIAN_POINT('',(0.406,8.350410611629,0.290440044566));
#66 = VECTOR('',#67,1.);
#67 = DIRECTION('',(-1.750365694669E-16,0.99756405026,
    -6.975647374413E-02));
#68 = ORIENTED_EDGE('',*,*,#69,.F.);
#69 = EDGE_CURVE('',#70,#62,#72,.T.);
#70 = VERTEX_POINT('',#71);
#71 = CARTESIAN_POINT('',(-1.112934076099E-16,8.92,0.25061047452));
#72 = LINE('',#73,#74);
#73 = CARTESIAN_POINT('',(-1.112934076099E-16,8.92,0.25061047452));
#74 = VECTOR('',#75,1.);
#75 = DIRECTION('',(1.,2.22044604925E-16,2.22044604925E-16));
#76 = ORIENTED_EDGE('',*,*,#77,.F.);
#77 = EDGE_CURVE('',#52,#70,#78,.T.);
#78 = LINE('',#79,#80);
#79 = CARTESIAN_POINT('',(-2.047635560071E-15,8.350410611629,
    0.290440044566));
#80 = VECTOR('',#81,1.);
#81 = DIRECTION('',(-1.750365694669E-16,0.99756405026,
    -6.975647374413E-02));
#82 = PLANE('',#83);
#83 = AXIS2_PLACEMENT_3D('',#84,#85,#86);
#84 = CARTESIAN_POINT('',(-1.289812899001E-16,8.350410611629,
    0.290440044566));
#85 = DIRECTION('',(2.369927640808E-16,-6.975647374412E-02,
    -0.99756405026));
#86 = DIRECTION('',(-3.097809730696E-17,-0.99756405026,
    6.975647374412E-02));
#87 = ADVANCED_FACE('',(#88),#113,.F.);
#88 = FACE_BOUND('',#89,.T.);
#89 = EDGE_LOOP('',(#90,#91,#99,#107));
#90 = ORIENTED_EDGE('',*,*,#69,.T.);
#91 = ORIENTED_EDGE('',*,*,#92,.T.);
#92 = EDGE_CURVE('',#62,#93,#95,.T.);
#93 = VERTEX_POINT('',#94);
#94 = CARTESIAN_POINT('',(0.406,8.92,6.563638521584E-16));
#95 = LINE('',#96,#97);
#96 = CARTESIAN_POINT('',(0.406,8.92,0.25061047452));
#97 = VECTOR('',#98,1.);
#98 = DIRECTION('',(6.661338147751E-16,4.440892098501E-16,-1.));
#99 = ORIENTED_EDGE('',*,*,#100,.F.);
#100 = EDGE_CURVE('',#101,#93,#103,.T.);
#101 = VERTEX_POINT('',#102);
#102 = CARTESIAN_POINT('',(-6.162975822039E-32,8.92,5.662137425588E-16)
  );
#103 = LINE('',#104,#105);
#104 = CARTESIAN_POINT('',(-6.162975822039E-32,8.92,5.662137425588E-16)
  );
#105 = VECTOR('',#106,1.);
#106 = DIRECTION('',(1.,2.22044604925E-16,2.22044604925E-16));
#107 = ORIENTED_EDGE('',*,*,#108,.F.);
#108 = EDGE_CURVE('',#70,#101,#109,.T.);
#109 = LINE('',#110,#111);
#110 = CARTESIAN_POINT('',(-2.147577987346E-15,8.92,0.25061047452));
#111 = VECTOR('',#112,1.);
#112 = DIRECTION('',(6.661338147751E-16,4.440892098501E-16,-1.));
#113 = PLANE('',#114);
#114 = AXIS2_PLACEMENT_3D('',#115,#116,#117);
#115 = CARTESIAN_POINT('',(-1.112934076099E-16,8.92,0.25061047452));
#116 = DIRECTION('',(2.22044604925E-16,-1.,-2.22044604925E-16));
#117 = DIRECTION('',(-4.440892098501E-16,-2.22044604925E-16,1.));
#118 = ADVANCED_FACE('',(#119),#144,.F.);
#119 = FACE_BOUND('',#120,.T.);
#120 = EDGE_LOOP('',(#121,#122,#130,#138));
#121 = ORIENTED_EDGE('',*,*,#100,.T.);
#122 = ORIENTED_EDGE('',*,*,#123,.T.);
#123 = EDGE_CURVE('',#93,#124,#126,.T.);
#124 = VERTEX_POINT('',#125);
#125 = CARTESIAN_POINT('',(0.406,8.127632672711,5.540772108551E-02));
#126 = LINE('',#127,#128);
#127 = CARTESIAN_POINT('',(0.406,8.92,-1.324274023773E-15));
#128 = VECTOR('',#129,1.);
#129 = DIRECTION('',(1.750365694669E-16,-0.99756405026,
    6.975647374413E-02));
#130 = ORIENTED_EDGE('',*,*,#131,.F.);
#131 = EDGE_CURVE('',#132,#124,#134,.T.);
#132 = VERTEX_POINT('',#133);
#133 = CARTESIAN_POINT('',(-2.460597107645E-17,8.127632672711,
    5.540772108551E-02));
#134 = LINE('',#135,#136);
#135 = CARTESIAN_POINT('',(-2.460597107645E-17,8.127632672711,
    5.540772108551E-02));
#136 = VECTOR('',#137,1.);
#137 = DIRECTION('',(1.,2.22044604925E-16,2.22044604925E-16));
#138 = ORIENTED_EDGE('',*,*,#139,.F.);
#139 = EDGE_CURVE('',#101,#132,#140,.T.);
#140 = LINE('',#141,#142);
#141 = CARTESIAN_POINT('',(-1.980637875931E-15,8.92,-1.414424133372E-15)
  );
#142 = VECTOR('',#143,1.);
#143 = DIRECTION('',(1.750365694669E-16,-0.99756405026,
    6.975647374413E-02));
#144 = PLANE('',#145);
#145 = AXIS2_PLACEMENT_3D('',#146,#147,#148);
#146 = CARTESIAN_POINT('',(-6.162975822039E-32,8.92,5.662137425588E-16)
  );
#147 = DIRECTION('',(-2.369927640808E-16,6.975647374412E-02,
    0.99756405026));
#148 = DIRECTION('',(3.097809730696E-17,0.99756405026,
    -6.975647374412E-02));
#149 = ADVANCED_FACE('',(#150),#177,.T.);
#150 = FACE_BOUND('',#151,.T.);
#151 = EDGE_LOOP('',(#152,#153,#162,#170));
#152 = ORIENTED_EDGE('',*,*,#131,.T.);
#153 = ORIENTED_EDGE('',*,*,#154,.T.);
#154 = EDGE_CURVE('',#124,#155,#157,.T.);
#155 = VERTEX_POINT('',#156);
#156 = CARTESIAN_POINT('',(0.406,8.12,6.115935252015E-02));
#157 = CIRCLE('',#158,8.773830972728E-03);
#158 = AXIS2_PLACEMENT_3D('',#159,#160,#161);
#159 = CARTESIAN_POINT('',(0.406,8.128244704221,6.416017944695E-02));
#160 = DIRECTION('',(-1.,-2.22044604925E-16,-6.661338147751E-16));
#161 = DIRECTION('',(2.22044604925E-16,-1.,-2.22044604925E-16));
#162 = ORIENTED_EDGE('',*,*,#163,.F.);
#163 = EDGE_CURVE('',#164,#155,#166,.T.);
#164 = VERTEX_POINT('',#165);
#165 = CARTESIAN_POINT('',(-2.716020853561E-17,8.12,6.115935252015E-02)
  );
#166 = LINE('',#167,#168);
#167 = CARTESIAN_POINT('',(-2.716020853561E-17,8.12,6.115935252015E-02)
  );
#168 = VECTOR('',#169,1.);
#169 = DIRECTION('',(1.,2.22044604925E-16,2.22044604925E-16));
#170 = ORIENTED_EDGE('',*,*,#171,.F.);
#171 = EDGE_CURVE('',#132,#164,#172,.T.);
#172 = CIRCLE('',#173,8.773830972728E-03);
#173 = AXIS2_PLACEMENT_3D('',#174,#175,#176);
#174 = CARTESIAN_POINT('',(-1.847572149174E-15,8.128244704221,
    6.416017944695E-02));
#175 = DIRECTION('',(-1.,-2.22044604925E-16,-6.661338147751E-16));
#176 = DIRECTION('',(2.22044604925E-16,-1.,-2.22044604925E-16));
#177 = CYLINDRICAL_SURFACE('',#178,8.773830972728E-03);
#178 = AXIS2_PLACEMENT_3D('',#179,#180,#181);
#179 = CARTESIAN_POINT('',(-2.849284339444E-17,8.128244704221,
    6.416017944696E-02));
#180 = DIRECTION('',(-1.,1.355854680849E-31,-4.440892098501E-16));
#181 = DIRECTION('',(6.162975822039E-32,-1.,-4.440892098501E-16));
#182 = ADVANCED_FACE('',(#183),#208,.F.);
#183 = FACE_BOUND('',#184,.T.);
#184 = EDGE_LOOP('',(#185,#186,#194,#202));
#185 = ORIENTED_EDGE('',*,*,#163,.T.);
#186 = ORIENTED_EDGE('',*,*,#187,.T.);
#187 = EDGE_CURVE('',#155,#188,#190,.T.);
#188 = VERTEX_POINT('',#189);
#189 = CARTESIAN_POINT('',(0.406,7.733659113,1.122622215766));
#190 = LINE('',#191,#192);
#191 = CARTESIAN_POINT('',(0.406,8.12,6.115935252015E-02));
#192 = VECTOR('',#193,1.);
#193 = DIRECTION('',(-5.50017302599E-16,-0.342020143326,0.939692620786)
  );
#194 = ORIENTED_EDGE('',*,*,#195,.F.);
#195 = EDGE_CURVE('',#196,#188,#198,.T.);
#196 = VERTEX_POINT('',#197);
#197 = CARTESIAN_POINT('',(-4.985444127596E-16,7.733659113,
    1.122622215766));
#198 = LINE('',#199,#200);
#199 = CARTESIAN_POINT('',(-4.985444127596E-16,7.733659113,
    1.122622215766));
#200 = VECTOR('',#201,1.);
#201 = DIRECTION('',(1.,2.22044604925E-16,2.22044604925E-16));
#202 = ORIENTED_EDGE('',*,*,#203,.F.);
#203 = EDGE_CURVE('',#164,#196,#204,.T.);
#204 = LINE('',#205,#206);
#205 = CARTESIAN_POINT('',(-1.843742504795E-15,8.12,6.115935252015E-02)
  );
#206 = VECTOR('',#207,1.);
#207 = DIRECTION('',(-5.50017302599E-16,-0.342020143326,0.939692620786)
  );
#208 = PLANE('',#209);
#209 = AXIS2_PLACEMENT_3D('',#210,#211,#212);
#210 = CARTESIAN_POINT('',(-2.716020853561E-17,8.12,6.115935252015E-02)
  );
#211 = DIRECTION('',(-2.845974043345E-16,0.939692620786,0.342020143326)
  );
#212 = DIRECTION('',(4.173073534667E-16,0.342020143326,-0.939692620786)
  );
#213 = ADVANCED_FACE('',(#214),#241,.F.);
#214 = FACE_BOUND('',#215,.F.);
#215 = EDGE_LOOP('',(#216,#226,#233,#234));
#216 = ORIENTED_EDGE('',*,*,#217,.T.);
#217 = EDGE_CURVE('',#218,#220,#222,.T.);
#218 = VERTEX_POINT('',#219);
#219 = CARTESIAN_POINT('',(-5.306866057708E-16,7.630292924713,1.195));
#220 = VERTEX_POINT('',#221);
#221 = CARTESIAN_POINT('',(0.406,7.630292924713,1.195));
#222 = LINE('',#223,#224);
#223 = CARTESIAN_POINT('',(-5.306866057708E-16,7.630292924713,1.195));
#224 = VECTOR('',#225,1.);
#225 = DIRECTION('',(1.,2.22044604925E-16,2.22044604925E-16));
#226 = ORIENTED_EDGE('',*,*,#227,.T.);
#227 = EDGE_CURVE('',#220,#188,#228,.T.);
#228 = CIRCLE('',#229,0.11);
#229 = AXIS2_PLACEMENT_3D('',#230,#231,#232);
#230 = CARTESIAN_POINT('',(0.406,7.630292924713,1.085));
#231 = DIRECTION('',(-1.,-2.22044604925E-16,-6.661338147751E-16));
#232 = DIRECTION('',(2.22044604925E-16,-1.,-2.22044604925E-16));
#233 = ORIENTED_EDGE('',*,*,#195,.F.);
#234 = ORIENTED_EDGE('',*,*,#235,.F.);
#235 = EDGE_CURVE('',#218,#196,#236,.T.);
#236 = CIRCLE('',#237,0.11);
#237 = AXIS2_PLACEMENT_3D('',#238,#239,#240);
#238 = CARTESIAN_POINT('',(-2.417020566961E-15,7.630292924713,1.085));
#239 = DIRECTION('',(-1.,-2.22044604925E-16,-6.661338147751E-16));
#240 = DIRECTION('',(2.22044604925E-16,-1.,-2.22044604925E-16));
#241 = CYLINDRICAL_SURFACE('',#242,0.11);
#242 = AXIS2_PLACEMENT_3D('',#243,#244,#245);
#243 = CARTESIAN_POINT('',(-4.818367926873E-16,7.630292924713,1.085));
#244 = DIRECTION('',(-1.,1.355854680849E-31,-4.440892098501E-16));
#245 = DIRECTION('',(6.162975822039E-32,-1.,-4.440892098501E-16));
#246 = ADVANCED_FACE('',(#247),#272,.F.);
#247 = FACE_BOUND('',#248,.T.);
#248 = EDGE_LOOP('',(#249,#250,#258,#266));
#249 = ORIENTED_EDGE('',*,*,#217,.T.);
#250 = ORIENTED_EDGE('',*,*,#251,.T.);
#251 = EDGE_CURVE('',#220,#252,#254,.T.);
#252 = VERTEX_POINT('',#253);
#253 = CARTESIAN_POINT('',(0.406,7.52,1.195));
#254 = LINE('',#255,#256);
#255 = CARTESIAN_POINT('',(0.406,7.630292924713,1.195));
#256 = VECTOR('',#257,1.);
#257 = DIRECTION('',(2.22044604925E-16,-1.,-2.22044604925E-16));
#258 = ORIENTED_EDGE('',*,*,#259,.F.);
#259 = EDGE_CURVE('',#260,#252,#262,.T.);
#260 = VERTEX_POINT('',#261);
#261 = CARTESIAN_POINT('',(-5.306866057708E-16,7.52,1.195));
#262 = LINE('',#263,#264);
#263 = CARTESIAN_POINT('',(-5.306866057708E-16,7.52,1.195));
#264 = VECTOR('',#265,1.);
#265 = DIRECTION('',(1.,2.22044604925E-16,2.22044604925E-16));
#266 = ORIENTED_EDGE('',*,*,#267,.F.);
#267 = EDGE_CURVE('',#218,#260,#268,.T.);
#268 = LINE('',#269,#270);
#269 = CARTESIAN_POINT('',(-2.490295286586E-15,7.630292924713,1.195));
#270 = VECTOR('',#271,1.);
#271 = DIRECTION('',(2.22044604925E-16,-1.,-2.22044604925E-16));
#272 = PLANE('',#273);
#273 = AXIS2_PLACEMENT_3D('',#274,#275,#276);
#274 = CARTESIAN_POINT('',(-5.306866057708E-16,7.630292924713,1.195));
#275 = DIRECTION('',(-2.22044604925E-16,-4.440892098501E-16,1.));
#276 = DIRECTION('',(-6.162975822039E-32,1.,4.440892098501E-16));
#277 = ADVANCED_FACE('',(#278),#303,.F.);
#278 = FACE_BOUND('',#279,.T.);
#279 = EDGE_LOOP('',(#280,#281,#289,#297));
#280 = ORIENTED_EDGE('',*,*,#259,.T.);
#281 = ORIENTED_EDGE('',*,*,#282,.T.);
#282 = EDGE_CURVE('',#252,#283,#285,.T.);
#283 = VERTEX_POINT('',#284);
#284 = CARTESIAN_POINT('',(0.406,7.52,1.445));
#285 = LINE('',#286,#287);
#286 = CARTESIAN_POINT('',(0.406,7.52,1.195));
#287 = VECTOR('',#288,1.);
#288 = DIRECTION('',(-6.661338147751E-16,-4.227038532122E-16,1.));
#289 = ORIENTED_EDGE('',*,*,#290,.F.);
#290 = EDGE_CURVE('',#291,#283,#293,.T.);
#291 = VERTEX_POINT('',#292);
#292 = CARTESIAN_POINT('',(-6.417089082333E-16,7.52,1.445));
#293 = LINE('',#294,#295);
#294 = CARTESIAN_POINT('',(-6.417089082333E-16,7.52,1.445));
#295 = VECTOR('',#296,1.);
#296 = DIRECTION('',(1.,2.22044604925E-16,2.22044604925E-16));
#297 = ORIENTED_EDGE('',*,*,#298,.F.);
#298 = EDGE_CURVE('',#260,#291,#299,.T.);
#299 = LINE('',#300,#301);
#300 = CARTESIAN_POINT('',(-2.465805337692E-15,7.52,1.195));
#301 = VECTOR('',#302,1.);
#302 = DIRECTION('',(-6.661338147751E-16,-4.227038532122E-16,1.));
#303 = PLANE('',#304);
#304 = AXIS2_PLACEMENT_3D('',#305,#306,#307);
#305 = CARTESIAN_POINT('',(-5.306866057708E-16,7.52,1.195));
#306 = DIRECTION('',(-2.22044604925E-16,1.,2.006592482872E-16));
#307 = DIRECTION('',(4.440892098501E-16,2.006592482872E-16,-1.));
#308 = ADVANCED_FACE('',(#309),#334,.F.);
#309 = FACE_BOUND('',#310,.T.);
#310 = EDGE_LOOP('',(#311,#312,#320,#328));
#311 = ORIENTED_EDGE('',*,*,#290,.T.);
#312 = ORIENTED_EDGE('',*,*,#313,.T.);
#313 = EDGE_CURVE('',#283,#314,#316,.T.);
#314 = VERTEX_POINT('',#315);
#315 = CARTESIAN_POINT('',(0.406,7.85169154622,1.445));
#316 = LINE('',#317,#318);
#317 = CARTESIAN_POINT('',(0.406,7.52,1.445));
#318 = VECTOR('',#319,1.);
#319 = DIRECTION('',(-2.22044604925E-16,1.,2.22044604925E-16));
#320 = ORIENTED_EDGE('',*,*,#321,.F.);
#321 = EDGE_CURVE('',#322,#314,#324,.T.);
#322 = VERTEX_POINT('',#323);
#323 = CARTESIAN_POINT('',(-6.417089082333E-16,7.85169154622,1.445));
#324 = LINE('',#325,#326);
#325 = CARTESIAN_POINT('',(-6.417089082333E-16,7.85169154622,1.445));
#326 = VECTOR('',#327,1.);
#327 = DIRECTION('',(1.,2.22044604925E-16,2.22044604925E-16));
#328 = ORIENTED_EDGE('',*,*,#329,.F.);
#329 = EDGE_CURVE('',#291,#322,#330,.T.);
#330 = LINE('',#331,#332);
#331 = CARTESIAN_POINT('',(-2.632338791386E-15,7.52,1.445));
#332 = VECTOR('',#333,1.);
#333 = DIRECTION('',(-2.22044604925E-16,1.,2.22044604925E-16));
#334 = PLANE('',#335);
#335 = AXIS2_PLACEMENT_3D('',#336,#337,#338);
#336 = CARTESIAN_POINT('',(-6.417089082333E-16,7.52,1.445));
#337 = DIRECTION('',(2.22044604925E-16,4.440892098501E-16,-1.));
#338 = DIRECTION('',(6.162975822039E-32,-1.,-4.440892098501E-16));
#339 = ADVANCED_FACE('',(#340),#367,.T.);
#340 = FACE_BOUND('',#341,.T.);
#341 = EDGE_LOOP('',(#342,#343,#352,#360));
#342 = ORIENTED_EDGE('',*,*,#321,.T.);
#343 = ORIENTED_EDGE('',*,*,#344,.T.);
#344 = EDGE_CURVE('',#314,#345,#347,.T.);
#345 = VERTEX_POINT('',#346);
#346 = CARTESIAN_POINT('',(0.406,7.892859479936,1.416173902479));
#347 = CIRCLE('',#348,4.381E-02);
#348 = AXIS2_PLACEMENT_3D('',#349,#350,#351);
#349 = CARTESIAN_POINT('',(0.406,7.85169154622,1.40119));
#350 = DIRECTION('',(-1.,-2.22044604925E-16,-6.661338147751E-16));
#351 = DIRECTION('',(2.22044604925E-16,-1.,-2.22044604925E-16));
#352 = ORIENTED_EDGE('',*,*,#353,.F.);
#353 = EDGE_CURVE('',#354,#345,#356,.T.);
#354 = VERTEX_POINT('',#355);
#355 = CARTESIAN_POINT('',(-6.289075493622E-16,7.892859479936,
    1.416173902479));
#356 = LINE('',#357,#358);
#357 = CARTESIAN_POINT('',(-6.289075493622E-16,7.892859479936,
    1.416173902479));
#358 = VECTOR('',#359,1.);
#359 = DIRECTION('',(1.,2.22044604925E-16,2.22044604925E-16));
#360 = ORIENTED_EDGE('',*,*,#361,.F.);
#361 = EDGE_CURVE('',#322,#354,#362,.T.);
#362 = CIRCLE('',#363,4.381E-02);
#363 = AXIS2_PLACEMENT_3D('',#364,#365,#366);
#364 = CARTESIAN_POINT('',(-2.676805787298E-15,7.85169154622,1.40119));
#365 = DIRECTION('',(-1.,-2.22044604925E-16,-6.661338147751E-16));
#366 = DIRECTION('',(2.22044604925E-16,-1.,-2.22044604925E-16));
#367 = CYLINDRICAL_SURFACE('',#368,4.381E-02);
#368 = AXIS2_PLACEMENT_3D('',#369,#370,#371);
#369 = CARTESIAN_POINT('',(-6.222533599498E-16,7.85169154622,1.40119));
#370 = DIRECTION('',(-1.,1.355854680849E-31,-4.440892098501E-16));
#371 = DIRECTION('',(6.162975822039E-32,-1.,-4.440892098501E-16));
#372 = ADVANCED_FACE('',(#373),#398,.F.);
#373 = FACE_BOUND('',#374,.T.);
#374 = EDGE_LOOP('',(#375,#376,#384,#392));
#375 = ORIENTED_EDGE('',*,*,#353,.T.);
#376 = ORIENTED_EDGE('',*,*,#377,.T.);
#377 = EDGE_CURVE('',#345,#378,#380,.T.);
#378 = VERTEX_POINT('',#379);
#379 = CARTESIAN_POINT('',(0.406,8.284521647852,0.340090940077));
#380 = LINE('',#381,#382);
#381 = CARTESIAN_POINT('',(0.406,7.892859479936,1.416173902479));
#382 = VECTOR('',#383,1.);
#383 = DIRECTION('',(5.50017302599E-16,0.342020143326,-0.939692620786));
#384 = ORIENTED_EDGE('',*,*,#385,.F.);
#385 = EDGE_CURVE('',#386,#378,#388,.T.);
#386 = VERTEX_POINT('',#387);
#387 = CARTESIAN_POINT('',(-1.51030716856E-16,8.284521647852,
    0.340090940077));
#388 = LINE('',#389,#390);
#389 = CARTESIAN_POINT('',(-1.51030716856E-16,8.284521647852,
    0.340090940077));
#390 = VECTOR('',#391,1.);
#391 = DIRECTION('',(1.,2.22044604925E-16,2.22044604925E-16));
#392 = ORIENTED_EDGE('',*,*,#393,.F.);
#393 = EDGE_CURVE('',#354,#386,#394,.T.);
#394 = LINE('',#395,#396);
#395 = CARTESIAN_POINT('',(-2.695928188995E-15,7.892859479936,
    1.416173902479));
#396 = VECTOR('',#397,1.);
#397 = DIRECTION('',(5.50017302599E-16,0.342020143326,-0.939692620786));
#398 = PLANE('',#399);
#399 = AXIS2_PLACEMENT_3D('',#400,#401,#402);
#400 = CARTESIAN_POINT('',(-6.289075493622E-16,7.892859479936,
    1.416173902479));
#401 = DIRECTION('',(2.845974043345E-16,-0.939692620786,-0.342020143326)
  );
#402 = DIRECTION('',(-4.173073534667E-16,-0.342020143326,0.939692620786)
  );
#403 = ADVANCED_FACE('',(#404),#422,.F.);
#404 = FACE_BOUND('',#405,.F.);
#405 = EDGE_LOOP('',(#406,#407,#414,#415));
#406 = ORIENTED_EDGE('',*,*,#51,.T.);
#407 = ORIENTED_EDGE('',*,*,#408,.T.);
#408 = EDGE_CURVE('',#54,#378,#409,.T.);
#409 = CIRCLE('',#410,7.574E-02);
#410 = AXIS2_PLACEMENT_3D('',#411,#412,#413);
#411 = CARTESIAN_POINT('',(0.406,8.35569396695,0.365995545733));
#412 = DIRECTION('',(-1.,-2.22044604925E-16,-6.661338147751E-16));
#413 = DIRECTION('',(2.22044604925E-16,-1.,-2.22044604925E-16));
#414 = ORIENTED_EDGE('',*,*,#385,.F.);
#415 = ORIENTED_EDGE('',*,*,#416,.F.);
#416 = EDGE_CURVE('',#52,#386,#417,.T.);
#417 = CIRCLE('',#418,7.574E-02);
#418 = AXIS2_PLACEMENT_3D('',#419,#420,#421);
#419 = CARTESIAN_POINT('',(-2.099138774835E-15,8.35569396695,
    0.365995545733));
#420 = DIRECTION('',(-1.,-2.22044604925E-16,-6.661338147751E-16));
#421 = DIRECTION('',(2.22044604925E-16,-1.,-2.22044604925E-16));
#422 = CYLINDRICAL_SURFACE('',#423,7.574E-02);
#423 = AXIS2_PLACEMENT_3D('',#424,#425,#426);
#424 = CARTESIAN_POINT('',(-1.625346727131E-16,8.35569396695,
    0.365995545733));
#425 = DIRECTION('',(-1.,1.355854680849E-31,-4.440892098501E-16));
#426 = DIRECTION('',(6.162975822039E-32,-1.,-4.440892098501E-16));
#427 = ADVANCED_FACE('',(#428),#442,.F.);
#428 = FACE_BOUND('',#429,.T.);
#429 = EDGE_LOOP('',(#430,#431,#432,#433,#434,#435,#436,#437,#438,#439,
    #440,#441));
#430 = ORIENTED_EDGE('',*,*,#77,.T.);
#431 = ORIENTED_EDGE('',*,*,#108,.T.);
#432 = ORIENTED_EDGE('',*,*,#139,.T.);
#433 = ORIENTED_EDGE('',*,*,#171,.T.);
#434 = ORIENTED_EDGE('',*,*,#203,.T.);
#435 = ORIENTED_EDGE('',*,*,#235,.F.);
#436 = ORIENTED_EDGE('',*,*,#267,.T.);
#437 = ORIENTED_EDGE('',*,*,#298,.T.);
#438 = ORIENTED_EDGE('',*,*,#329,.T.);
#439 = ORIENTED_EDGE('',*,*,#361,.T.);
#440 = ORIENTED_EDGE('',*,*,#393,.T.);
#441 = ORIENTED_EDGE('',*,*,#416,.F.);
#442 = PLANE('',#443);
#443 = AXIS2_PLACEMENT_3D('',#444,#445,#446);
#444 = CARTESIAN_POINT('',(-2.232021130316E-15,8.151535391952,
    0.633531379608));
#445 = DIRECTION('',(1.,-9.860761315263E-32,1.972152263053E-31));
#446 = DIRECTION('',(6.661338147751E-16,4.440892098501E-16,-1.));
#447 = ADVANCED_FACE('',(#448),#462,.T.);
#448 = FACE_BOUND('',#449,.F.);
#449 = EDGE_LOOP('',(#450,#451,#452,#453,#454,#455,#456,#457,#458,#459,
    #460,#461));
#450 = ORIENTED_EDGE('',*,*,#61,.T.);
#451 = ORIENTED_EDGE('',*,*,#92,.T.);
#452 = ORIENTED_EDGE('',*,*,#123,.T.);
#453 = ORIENTED_EDGE('',*,*,#154,.T.);
#454 = ORIENTED_EDGE('',*,*,#187,.T.);
#455 = ORIENTED_EDGE('',*,*,#227,.F.);
#456 = ORIENTED_EDGE('',*,*,#251,.T.);
#457 = ORIENTED_EDGE('',*,*,#282,.T.);
#458 = ORIENTED_EDGE('',*,*,#313,.T.);
#459 = ORIENTED_EDGE('',*,*,#344,.T.);
#460 = ORIENTED_EDGE('',*,*,#377,.T.);
#461 = ORIENTED_EDGE('',*,*,#408,.F.);
#462 = PLANE('',#463);
#463 = AXIS2_PLACEMENT_3D('',#464,#465,#466);
#464 = CARTESIAN_POINT('',(0.406,8.151535391952,0.633531379608));
#465 = DIRECTION('',(1.,-9.860761315263E-32,1.972152263053E-31));
#466 = DIRECTION('',(6.661338147751E-16,4.440892098501E-16,-1.));
#467 = MANIFOLD_SOLID_BREP('',#468);
#468 = CLOSED_SHELL('',(#469,#509,#540,#571,#604,#635,#668,#699,#730,
    #761,#794,#825,#849,#869));
#469 = ADVANCED_FACE('',(#470),#504,.F.);
#470 = FACE_BOUND('',#471,.T.);
#471 = EDGE_LOOP('',(#472,#482,#490,#498));
#472 = ORIENTED_EDGE('',*,*,#473,.T.);
#473 = EDGE_CURVE('',#474,#476,#478,.T.);
#474 = VERTEX_POINT('',#475);
#475 = CARTESIAN_POINT('',(1.27,8.350410611629,0.290440044566));
#476 = VERTEX_POINT('',#477);
#477 = CARTESIAN_POINT('',(1.676,8.350410611629,0.290440044566));
#478 = LINE('',#479,#480);
#479 = CARTESIAN_POINT('',(1.27,8.350410611629,0.290440044566));
#480 = VECTOR('',#481,1.);
#481 = DIRECTION('',(1.,2.22044604925E-16,2.22044604925E-16));
#482 = ORIENTED_EDGE('',*,*,#483,.T.);
#483 = EDGE_CURVE('',#476,#484,#486,.T.);
#484 = VERTEX_POINT('',#485);
#485 = CARTESIAN_POINT('',(1.676,8.92,0.25061047452));
#486 = LINE('',#487,#488);
#487 = CARTESIAN_POINT('',(1.676,8.350410611629,0.290440044566));
#488 = VECTOR('',#489,1.);
#489 = DIRECTION('',(-1.750365694669E-16,0.99756405026,
    -6.975647374413E-02));
#490 = ORIENTED_EDGE('',*,*,#491,.F.);
#491 = EDGE_CURVE('',#492,#484,#494,.T.);
#492 = VERTEX_POINT('',#493);
#493 = CARTESIAN_POINT('',(1.27,8.92,0.25061047452));
#494 = LINE('',#495,#496);
#495 = CARTESIAN_POINT('',(1.27,8.92,0.25061047452));
#496 = VECTOR('',#497,1.);
#497 = DIRECTION('',(1.,2.22044604925E-16,2.22044604925E-16));
#498 = ORIENTED_EDGE('',*,*,#499,.F.);
#499 = EDGE_CURVE('',#474,#492,#500,.T.);
#500 = LINE('',#501,#502);
#501 = CARTESIAN_POINT('',(1.27,8.350410611629,0.290440044566));
#502 = VECTOR('',#503,1.);
#503 = DIRECTION('',(-1.750365694669E-16,0.99756405026,
    -6.975647374413E-02));
#504 = PLANE('',#505);
#505 = AXIS2_PLACEMENT_3D('',#506,#507,#508);
#506 = CARTESIAN_POINT('',(1.27,8.350410611629,0.290440044566));
#507 = DIRECTION('',(2.369927640808E-16,-6.975647374412E-02,
    -0.99756405026));
#508 = DIRECTION('',(-3.097809730696E-17,-0.99756405026,
    6.975647374412E-02));
#509 = ADVANCED_FACE('',(#510),#535,.F.);
#510 = FACE_BOUND('',#511,.T.);
#511 = EDGE_LOOP('',(#512,#513,#521,#529));
#512 = ORIENTED_EDGE('',*,*,#491,.T.);
#513 = ORIENTED_EDGE('',*,*,#514,.T.);
#514 = EDGE_CURVE('',#484,#515,#517,.T.);
#515 = VERTEX_POINT('',#516);
#516 = CARTESIAN_POINT('',(1.676,8.92,6.563638521584E-16));
#517 = LINE('',#518,#519);
#518 = CARTESIAN_POINT('',(1.676,8.92,0.25061047452));
#519 = VECTOR('',#520,1.);
#520 = DIRECTION('',(6.661338147751E-16,4.440892098501E-16,-1.));
#521 = ORIENTED_EDGE('',*,*,#522,.F.);
#522 = EDGE_CURVE('',#523,#515,#525,.T.);
#523 = VERTEX_POINT('',#524);
#524 = CARTESIAN_POINT('',(1.27,8.92,5.662137425588E-16));
#525 = LINE('',#526,#527);
#526 = CARTESIAN_POINT('',(1.27,8.92,5.662137425588E-16));
#527 = VECTOR('',#528,1.);
#528 = DIRECTION('',(1.,2.22044604925E-16,2.22044604925E-16));
#529 = ORIENTED_EDGE('',*,*,#530,.F.);
#530 = EDGE_CURVE('',#492,#523,#531,.T.);
#531 = LINE('',#532,#533);
#532 = CARTESIAN_POINT('',(1.27,8.92,0.25061047452));
#533 = VECTOR('',#534,1.);
#534 = DIRECTION('',(6.661338147751E-16,4.440892098501E-16,-1.));
#535 = PLANE('',#536);
#536 = AXIS2_PLACEMENT_3D('',#537,#538,#539);
#537 = CARTESIAN_POINT('',(1.27,8.92,0.25061047452));
#538 = DIRECTION('',(2.22044604925E-16,-1.,-2.22044604925E-16));
#539 = DIRECTION('',(-4.440892098501E-16,-2.22044604925E-16,1.));
#540 = ADVANCED_FACE('',(#541),#566,.F.);
#541 = FACE_BOUND('',#542,.T.);
#542 = EDGE_LOOP('',(#543,#544,#552,#560));
#543 = ORIENTED_EDGE('',*,*,#522,.T.);
#544 = ORIENTED_EDGE('',*,*,#545,.T.);
#545 = EDGE_CURVE('',#515,#546,#548,.T.);
#546 = VERTEX_POINT('',#547);
#547 = CARTESIAN_POINT('',(1.676,8.127632672711,5.540772108551E-02));
#548 = LINE('',#549,#550);
#549 = CARTESIAN_POINT('',(1.676,8.92,-1.324274023773E-15));
#550 = VECTOR('',#551,1.);
#551 = DIRECTION('',(1.750365694669E-16,-0.99756405026,
    6.975647374413E-02));
#552 = ORIENTED_EDGE('',*,*,#553,.F.);
#553 = EDGE_CURVE('',#554,#546,#556,.T.);
#554 = VERTEX_POINT('',#555);
#555 = CARTESIAN_POINT('',(1.27,8.127632672711,5.540772108551E-02));
#556 = LINE('',#557,#558);
#557 = CARTESIAN_POINT('',(1.27,8.127632672711,5.540772108551E-02));
#558 = VECTOR('',#559,1.);
#559 = DIRECTION('',(1.,2.22044604925E-16,2.22044604925E-16));
#560 = ORIENTED_EDGE('',*,*,#561,.F.);
#561 = EDGE_CURVE('',#523,#554,#562,.T.);
#562 = LINE('',#563,#564);
#563 = CARTESIAN_POINT('',(1.27,8.92,-1.414424133372E-15));
#564 = VECTOR('',#565,1.);
#565 = DIRECTION('',(1.750365694669E-16,-0.99756405026,
    6.975647374413E-02));
#566 = PLANE('',#567);
#567 = AXIS2_PLACEMENT_3D('',#568,#569,#570);
#568 = CARTESIAN_POINT('',(1.27,8.92,5.662137425588E-16));
#569 = DIRECTION('',(-2.369927640808E-16,6.975647374412E-02,
    0.99756405026));
#570 = DIRECTION('',(3.097809730696E-17,0.99756405026,
    -6.975647374412E-02));
#571 = ADVANCED_FACE('',(#572),#599,.T.);
#572 = FACE_BOUND('',#573,.T.);
#573 = EDGE_LOOP('',(#574,#575,#584,#592));
#574 = ORIENTED_EDGE('',*,*,#553,.T.);
#575 = ORIENTED_EDGE('',*,*,#576,.T.);
#576 = EDGE_CURVE('',#546,#577,#579,.T.);
#577 = VERTEX_POINT('',#578);
#578 = CARTESIAN_POINT('',(1.676,8.12,6.115935252015E-02));
#579 = CIRCLE('',#580,8.773830972728E-03);
#580 = AXIS2_PLACEMENT_3D('',#581,#582,#583);
#581 = CARTESIAN_POINT('',(1.676,8.128244704221,6.416017944695E-02));
#582 = DIRECTION('',(-1.,-2.22044604925E-16,-6.661338147751E-16));
#583 = DIRECTION('',(2.22044604925E-16,-1.,-2.22044604925E-16));
#584 = ORIENTED_EDGE('',*,*,#585,.F.);
#585 = EDGE_CURVE('',#586,#577,#588,.T.);
#586 = VERTEX_POINT('',#587);
#587 = CARTESIAN_POINT('',(1.27,8.12,6.115935252015E-02));
#588 = LINE('',#589,#590);
#589 = CARTESIAN_POINT('',(1.27,8.12,6.115935252015E-02));
#590 = VECTOR('',#591,1.);
#591 = DIRECTION('',(1.,2.22044604925E-16,2.22044604925E-16));
#592 = ORIENTED_EDGE('',*,*,#593,.F.);
#593 = EDGE_CURVE('',#554,#586,#594,.T.);
#594 = CIRCLE('',#595,8.773830972728E-03);
#595 = AXIS2_PLACEMENT_3D('',#596,#597,#598);
#596 = CARTESIAN_POINT('',(1.27,8.128244704221,6.416017944695E-02));
#597 = DIRECTION('',(-1.,-2.22044604925E-16,-6.661338147751E-16));
#598 = DIRECTION('',(2.22044604925E-16,-1.,-2.22044604925E-16));
#599 = CYLINDRICAL_SURFACE('',#600,8.773830972728E-03);
#600 = AXIS2_PLACEMENT_3D('',#601,#602,#603);
#601 = CARTESIAN_POINT('',(1.27,8.128244704221,6.416017944696E-02));
#602 = DIRECTION('',(-1.,1.355854680849E-31,-4.440892098501E-16));
#603 = DIRECTION('',(6.162975822039E-32,-1.,-4.440892098501E-16));
#604 = ADVANCED_FACE('',(#605),#630,.F.);
#605 = FACE_BOUND('',#606,.T.);
#606 = EDGE_LOOP('',(#607,#608,#616,#624));
#607 = ORIENTED_EDGE('',*,*,#585,.T.);
#608 = ORIENTED_EDGE('',*,*,#609,.T.);
#609 = EDGE_CURVE('',#577,#610,#612,.T.);
#610 = VERTEX_POINT('',#611);
#611 = CARTESIAN_POINT('',(1.676,7.733659113,1.122622215766));
#612 = LINE('',#613,#614);
#613 = CARTESIAN_POINT('',(1.676,8.12,6.115935252015E-02));
#614 = VECTOR('',#615,1.);
#615 = DIRECTION('',(-5.50017302599E-16,-0.342020143326,0.939692620786)
  );
#616 = ORIENTED_EDGE('',*,*,#617,.F.);
#617 = EDGE_CURVE('',#618,#610,#620,.T.);
#618 = VERTEX_POINT('',#619);
#619 = CARTESIAN_POINT('',(1.27,7.733659113,1.122622215766));
#620 = LINE('',#621,#622);
#621 = CARTESIAN_POINT('',(1.27,7.733659113,1.122622215766));
#622 = VECTOR('',#623,1.);
#623 = DIRECTION('',(1.,2.22044604925E-16,2.22044604925E-16));
#624 = ORIENTED_EDGE('',*,*,#625,.F.);
#625 = EDGE_CURVE('',#586,#618,#626,.T.);
#626 = LINE('',#627,#628);
#627 = CARTESIAN_POINT('',(1.27,8.12,6.115935252015E-02));
#628 = VECTOR('',#629,1.);
#629 = DIRECTION('',(-5.50017302599E-16,-0.342020143326,0.939692620786)
  );
#630 = PLANE('',#631);
#631 = AXIS2_PLACEMENT_3D('',#632,#633,#634);
#632 = CARTESIAN_POINT('',(1.27,8.12,6.115935252015E-02));
#633 = DIRECTION('',(-2.845974043345E-16,0.939692620786,0.342020143326)
  );
#634 = DIRECTION('',(4.173073534667E-16,0.342020143326,-0.939692620786)
  );
#635 = ADVANCED_FACE('',(#636),#663,.F.);
#636 = FACE_BOUND('',#637,.F.);
#637 = EDGE_LOOP('',(#638,#648,#655,#656));
#638 = ORIENTED_EDGE('',*,*,#639,.T.);
#639 = EDGE_CURVE('',#640,#642,#644,.T.);
#640 = VERTEX_POINT('',#641);
#641 = CARTESIAN_POINT('',(1.27,7.630292924713,1.195));
#642 = VERTEX_POINT('',#643);
#643 = CARTESIAN_POINT('',(1.676,7.630292924713,1.195));
#644 = LINE('',#645,#646);
#645 = CARTESIAN_POINT('',(1.27,7.630292924713,1.195));
#646 = VECTOR('',#647,1.);
#647 = DIRECTION('',(1.,2.22044604925E-16,2.22044604925E-16));
#648 = ORIENTED_EDGE('',*,*,#649,.T.);
#649 = EDGE_CURVE('',#642,#610,#650,.T.);
#650 = CIRCLE('',#651,0.11);
#651 = AXIS2_PLACEMENT_3D('',#652,#653,#654);
#652 = CARTESIAN_POINT('',(1.676,7.630292924713,1.085));
#653 = DIRECTION('',(-1.,-2.22044604925E-16,-6.661338147751E-16));
#654 = DIRECTION('',(2.22044604925E-16,-1.,-2.22044604925E-16));
#655 = ORIENTED_EDGE('',*,*,#617,.F.);
#656 = ORIENTED_EDGE('',*,*,#657,.F.);
#657 = EDGE_CURVE('',#640,#618,#658,.T.);
#658 = CIRCLE('',#659,0.11);
#659 = AXIS2_PLACEMENT_3D('',#660,#661,#662);
#660 = CARTESIAN_POINT('',(1.27,7.630292924713,1.085));
#661 = DIRECTION('',(-1.,-2.22044604925E-16,-6.661338147751E-16));
#662 = DIRECTION('',(2.22044604925E-16,-1.,-2.22044604925E-16));
#663 = CYLINDRICAL_SURFACE('',#664,0.11);
#664 = AXIS2_PLACEMENT_3D('',#665,#666,#667);
#665 = CARTESIAN_POINT('',(1.27,7.630292924713,1.085));
#666 = DIRECTION('',(-1.,1.355854680849E-31,-4.440892098501E-16));
#667 = DIRECTION('',(6.162975822039E-32,-1.,-4.440892098501E-16));
#668 = ADVANCED_FACE('',(#669),#694,.F.);
#669 = FACE_BOUND('',#670,.T.);
#670 = EDGE_LOOP('',(#671,#672,#680,#688));
#671 = ORIENTED_EDGE('',*,*,#639,.T.);
#672 = ORIENTED_EDGE('',*,*,#673,.T.);
#673 = EDGE_CURVE('',#642,#674,#676,.T.);
#674 = VERTEX_POINT('',#675);
#675 = CARTESIAN_POINT('',(1.676,7.52,1.195));
#676 = LINE('',#677,#678);
#677 = CARTESIAN_POINT('',(1.676,7.630292924713,1.195));
#678 = VECTOR('',#679,1.);
#679 = DIRECTION('',(2.22044604925E-16,-1.,-2.22044604925E-16));
#680 = ORIENTED_EDGE('',*,*,#681,.F.);
#681 = EDGE_CURVE('',#682,#674,#684,.T.);
#682 = VERTEX_POINT('',#683);
#683 = CARTESIAN_POINT('',(1.27,7.52,1.195));
#684 = LINE('',#685,#686);
#685 = CARTESIAN_POINT('',(1.27,7.52,1.195));
#686 = VECTOR('',#687,1.);
#687 = DIRECTION('',(1.,2.22044604925E-16,2.22044604925E-16));
#688 = ORIENTED_EDGE('',*,*,#689,.F.);
#689 = EDGE_CURVE('',#640,#682,#690,.T.);
#690 = LINE('',#691,#692);
#691 = CARTESIAN_POINT('',(1.27,7.630292924713,1.195));
#692 = VECTOR('',#693,1.);
#693 = DIRECTION('',(2.22044604925E-16,-1.,-2.22044604925E-16));
#694 = PLANE('',#695);
#695 = AXIS2_PLACEMENT_3D('',#696,#697,#698);
#696 = CARTESIAN_POINT('',(1.27,7.630292924713,1.195));
#697 = DIRECTION('',(-2.22044604925E-16,-4.440892098501E-16,1.));
#698 = DIRECTION('',(-6.162975822039E-32,1.,4.440892098501E-16));
#699 = ADVANCED_FACE('',(#700),#725,.F.);
#700 = FACE_BOUND('',#701,.T.);
#701 = EDGE_LOOP('',(#702,#703,#711,#719));
#702 = ORIENTED_EDGE('',*,*,#681,.T.);
#703 = ORIENTED_EDGE('',*,*,#704,.T.);
#704 = EDGE_CURVE('',#674,#705,#707,.T.);
#705 = VERTEX_POINT('',#706);
#706 = CARTESIAN_POINT('',(1.676,7.52,1.445));
#707 = LINE('',#708,#709);
#708 = CARTESIAN_POINT('',(1.676,7.52,1.195));
#709 = VECTOR('',#710,1.);
#710 = DIRECTION('',(-6.661338147751E-16,-4.227038532122E-16,1.));
#711 = ORIENTED_EDGE('',*,*,#712,.F.);
#712 = EDGE_CURVE('',#713,#705,#715,.T.);
#713 = VERTEX_POINT('',#714);
#714 = CARTESIAN_POINT('',(1.27,7.52,1.445));
#715 = LINE('',#716,#717);
#716 = CARTESIAN_POINT('',(1.27,7.52,1.445));
#717 = VECTOR('',#718,1.);
#718 = DIRECTION('',(1.,2.22044604925E-16,2.22044604925E-16));
#719 = ORIENTED_EDGE('',*,*,#720,.F.);
#720 = EDGE_CURVE('',#682,#713,#721,.T.);
#721 = LINE('',#722,#723);
#722 = CARTESIAN_POINT('',(1.27,7.52,1.195));
#723 = VECTOR('',#724,1.);
#724 = DIRECTION('',(-6.661338147751E-16,-4.227038532122E-16,1.));
#725 = PLANE('',#726);
#726 = AXIS2_PLACEMENT_3D('',#727,#728,#729);
#727 = CARTESIAN_POINT('',(1.27,7.52,1.195));
#728 = DIRECTION('',(-2.22044604925E-16,1.,2.006592482872E-16));
#729 = DIRECTION('',(4.440892098501E-16,2.006592482872E-16,-1.));
#730 = ADVANCED_FACE('',(#731),#756,.F.);
#731 = FACE_BOUND('',#732,.T.);
#732 = EDGE_LOOP('',(#733,#734,#742,#750));
#733 = ORIENTED_EDGE('',*,*,#712,.T.);
#734 = ORIENTED_EDGE('',*,*,#735,.T.);
#735 = EDGE_CURVE('',#705,#736,#738,.T.);
#736 = VERTEX_POINT('',#737);
#737 = CARTESIAN_POINT('',(1.676,7.85169154622,1.445));
#738 = LINE('',#739,#740);
#739 = CARTESIAN_POINT('',(1.676,7.52,1.445));
#740 = VECTOR('',#741,1.);
#741 = DIRECTION('',(-2.22044604925E-16,1.,2.22044604925E-16));
#742 = ORIENTED_EDGE('',*,*,#743,.F.);
#743 = EDGE_CURVE('',#744,#736,#746,.T.);
#744 = VERTEX_POINT('',#745);
#745 = CARTESIAN_POINT('',(1.27,7.85169154622,1.445));
#746 = LINE('',#747,#748);
#747 = CARTESIAN_POINT('',(1.27,7.85169154622,1.445));
#748 = VECTOR('',#749,1.);
#749 = DIRECTION('',(1.,2.22044604925E-16,2.22044604925E-16));
#750 = ORIENTED_EDGE('',*,*,#751,.F.);
#751 = EDGE_CURVE('',#713,#744,#752,.T.);
#752 = LINE('',#753,#754);
#753 = CARTESIAN_POINT('',(1.27,7.52,1.445));
#754 = VECTOR('',#755,1.);
#755 = DIRECTION('',(-2.22044604925E-16,1.,2.22044604925E-16));
#756 = PLANE('',#757);
#757 = AXIS2_PLACEMENT_3D('',#758,#759,#760);
#758 = CARTESIAN_POINT('',(1.27,7.52,1.445));
#759 = DIRECTION('',(2.22044604925E-16,4.440892098501E-16,-1.));
#760 = DIRECTION('',(6.162975822039E-32,-1.,-4.440892098501E-16));
#761 = ADVANCED_FACE('',(#762),#789,.T.);
#762 = FACE_BOUND('',#763,.T.);
#763 = EDGE_LOOP('',(#764,#765,#774,#782));
#764 = ORIENTED_EDGE('',*,*,#743,.T.);
#765 = ORIENTED_EDGE('',*,*,#766,.T.);
#766 = EDGE_CURVE('',#736,#767,#769,.T.);
#767 = VERTEX_POINT('',#768);
#768 = CARTESIAN_POINT('',(1.676,7.892859479936,1.416173902479));
#769 = CIRCLE('',#770,4.381E-02);
#770 = AXIS2_PLACEMENT_3D('',#771,#772,#773);
#771 = CARTESIAN_POINT('',(1.676,7.85169154622,1.40119));
#772 = DIRECTION('',(-1.,-2.22044604925E-16,-6.661338147751E-16));
#773 = DIRECTION('',(2.22044604925E-16,-1.,-2.22044604925E-16));
#774 = ORIENTED_EDGE('',*,*,#775,.F.);
#775 = EDGE_CURVE('',#776,#767,#778,.T.);
#776 = VERTEX_POINT('',#777);
#777 = CARTESIAN_POINT('',(1.27,7.892859479936,1.416173902479));
#778 = LINE('',#779,#780);
#779 = CARTESIAN_POINT('',(1.27,7.892859479936,1.416173902479));
#780 = VECTOR('',#781,1.);
#781 = DIRECTION('',(1.,2.22044604925E-16,2.22044604925E-16));
#782 = ORIENTED_EDGE('',*,*,#783,.F.);
#783 = EDGE_CURVE('',#744,#776,#784,.T.);
#784 = CIRCLE('',#785,4.381E-02);
#785 = AXIS2_PLACEMENT_3D('',#786,#787,#788);
#786 = CARTESIAN_POINT('',(1.27,7.85169154622,1.40119));
#787 = DIRECTION('',(-1.,-2.22044604925E-16,-6.661338147751E-16));
#788 = DIRECTION('',(2.22044604925E-16,-1.,-2.22044604925E-16));
#789 = CYLINDRICAL_SURFACE('',#790,4.381E-02);
#790 = AXIS2_PLACEMENT_3D('',#791,#792,#793);
#791 = CARTESIAN_POINT('',(1.27,7.85169154622,1.40119));
#792 = DIRECTION('',(-1.,1.355854680849E-31,-4.440892098501E-16));
#793 = DIRECTION('',(6.162975822039E-32,-1.,-4.440892098501E-16));
#794 = ADVANCED_FACE('',(#795),#820,.F.);
#795 = FACE_BOUND('',#796,.T.);
#796 = EDGE_LOOP('',(#797,#798,#806,#814));
#797 = ORIENTED_EDGE('',*,*,#775,.T.);
#798 = ORIENTED_EDGE('',*,*,#799,.T.);
#799 = EDGE_CURVE('',#767,#800,#802,.T.);
#800 = VERTEX_POINT('',#801);
#801 = CARTESIAN_POINT('',(1.676,8.284521647852,0.340090940077));
#802 = LINE('',#803,#804);
#803 = CARTESIAN_POINT('',(1.676,7.892859479936,1.416173902479));
#804 = VECTOR('',#805,1.);
#805 = DIRECTION('',(5.50017302599E-16,0.342020143326,-0.939692620786));
#806 = ORIENTED_EDGE('',*,*,#807,.F.);
#807 = EDGE_CURVE('',#808,#800,#810,.T.);
#808 = VERTEX_POINT('',#809);
#809 = CARTESIAN_POINT('',(1.27,8.284521647852,0.340090940077));
#810 = LINE('',#811,#812);
#811 = CARTESIAN_POINT('',(1.27,8.284521647852,0.340090940077));
#812 = VECTOR('',#813,1.);
#813 = DIRECTION('',(1.,2.22044604925E-16,2.22044604925E-16));
#814 = ORIENTED_EDGE('',*,*,#815,.F.);
#815 = EDGE_CURVE('',#776,#808,#816,.T.);
#816 = LINE('',#817,#818);
#817 = CARTESIAN_POINT('',(1.27,7.892859479936,1.416173902479));
#818 = VECTOR('',#819,1.);
#819 = DIRECTION('',(5.50017302599E-16,0.342020143326,-0.939692620786));
#820 = PLANE('',#821);
#821 = AXIS2_PLACEMENT_3D('',#822,#823,#824);
#822 = CARTESIAN_POINT('',(1.27,7.892859479936,1.416173902479));
#823 = DIRECTION('',(2.845974043345E-16,-0.939692620786,-0.342020143326)
  );
#824 = DIRECTION('',(-4.173073534667E-16,-0.342020143326,0.939692620786)
  );
#825 = ADVANCED_FACE('',(#826),#844,.F.);
#826 = FACE_BOUND('',#827,.F.);
#827 = EDGE_LOOP('',(#828,#829,#836,#837));
#828 = ORIENTED_EDGE('',*,*,#473,.T.);
#829 = ORIENTED_EDGE('',*,*,#830,.T.);
#830 = EDGE_CURVE('',#476,#800,#831,.T.);
#831 = CIRCLE('',#832,7.574E-02);
#832 = AXIS2_PLACEMENT_3D('',#833,#834,#835);
#833 = CARTESIAN_POINT('',(1.676,8.35569396695,0.365995545733));
#834 = DIRECTION('',(-1.,-2.22044604925E-16,-6.661338147751E-16));
#835 = DIRECTION('',(2.22044604925E-16,-1.,-2.22044604925E-16));
#836 = ORIENTED_EDGE('',*,*,#807,.F.);
#837 = ORIENTED_EDGE('',*,*,#838,.F.);
#838 = EDGE_CURVE('',#474,#808,#839,.T.);
#839 = CIRCLE('',#840,7.574E-02);
#840 = AXIS2_PLACEMENT_3D('',#841,#842,#843);
#841 = CARTESIAN_POINT('',(1.27,8.35569396695,0.365995545733));
#842 = DIRECTION('',(-1.,-2.22044604925E-16,-6.661338147751E-16));
#843 = DIRECTION('',(2.22044604925E-16,-1.,-2.22044604925E-16));
#844 = CYLINDRICAL_SURFACE('',#845,7.574E-02);
#845 = AXIS2_PLACEMENT_3D('',#846,#847,#848);
#846 = CARTESIAN_POINT('',(1.27,8.35569396695,0.365995545733));
#847 = DIRECTION('',(-1.,1.355854680849E-31,-4.440892098501E-16));
#848 = DIRECTION('',(6.162975822039E-32,-1.,-4.440892098501E-16));
#849 = ADVANCED_FACE('',(#850),#864,.F.);
#850 = FACE_BOUND('',#851,.T.);
#851 = EDGE_LOOP('',(#852,#853,#854,#855,#856,#857,#858,#859,#860,#861,
    #862,#863));
#852 = ORIENTED_EDGE('',*,*,#499,.T.);
#853 = ORIENTED_EDGE('',*,*,#530,.T.);
#854 = ORIENTED_EDGE('',*,*,#561,.T.);
#855 = ORIENTED_EDGE('',*,*,#593,.T.);
#856 = ORIENTED_EDGE('',*,*,#625,.T.);
#857 = ORIENTED_EDGE('',*,*,#657,.F.);
#858 = ORIENTED_EDGE('',*,*,#689,.T.);
#859 = ORIENTED_EDGE('',*,*,#720,.T.);
#860 = ORIENTED_EDGE('',*,*,#751,.T.);
#861 = ORIENTED_EDGE('',*,*,#783,.T.);
#862 = ORIENTED_EDGE('',*,*,#815,.T.);
#863 = ORIENTED_EDGE('',*,*,#838,.F.);
#864 = PLANE('',#865);
#865 = AXIS2_PLACEMENT_3D('',#866,#867,#868);
#866 = CARTESIAN_POINT('',(1.27,8.151535391952,0.633531379608));
#867 = DIRECTION('',(1.,-9.860761315263E-32,1.972152263053E-31));
#868 = DIRECTION('',(6.661338147751E-16,4.440892098501E-16,-1.));
#869 = ADVANCED_FACE('',(#870),#884,.T.);
#870 = FACE_BOUND('',#871,.F.);
#871 = EDGE_LOOP('',(#872,#873,#874,#875,#876,#877,#878,#879,#880,#881,
    #882,#883));
#872 = ORIENTED_EDGE('',*,*,#483,.T.);
#873 = ORIENTED_EDGE('',*,*,#514,.T.);
#874 = ORIENTED_EDGE('',*,*,#545,.T.);
#875 = ORIENTED_EDGE('',*,*,#576,.T.);
#876 = ORIENTED_EDGE('',*,*,#609,.T.);
#877 = ORIENTED_EDGE('',*,*,#649,.F.);
#878 = ORIENTED_EDGE('',*,*,#673,.T.);
#879 = ORIENTED_EDGE('',*,*,#704,.T.);
#880 = ORIENTED_EDGE('',*,*,#735,.T.);
#881 = ORIENTED_EDGE('',*,*,#766,.T.);
#882 = ORIENTED_EDGE('',*,*,#799,.T.);
#883 = ORIENTED_EDGE('',*,*,#830,.F.);
#884 = PLANE('',#885);
#885 = AXIS2_PLACEMENT_3D('',#886,#887,#888);
#886 = CARTESIAN_POINT('',(1.676,8.151535391952,0.633531379608));
#887 = DIRECTION('',(1.,-9.860761315263E-32,1.972152263053E-31));
#888 = DIRECTION('',(6.661338147751E-16,4.440892098501E-16,-1.));
#889 = MANIFOLD_SOLID_BREP('',#890);
#890 = CLOSED_SHELL('',(#891,#931,#962,#993,#1026,#1057,#1090,#1121,
    #1152,#1183,#1216,#1247,#1271,#1291));
#891 = ADVANCED_FACE('',(#892),#926,.F.);
#892 = FACE_BOUND('',#893,.T.);
#893 = EDGE_LOOP('',(#894,#904,#912,#920));
#894 = ORIENTED_EDGE('',*,*,#895,.T.);
#895 = EDGE_CURVE('',#896,#898,#900,.T.);
#896 = VERTEX_POINT('',#897);
#897 = CARTESIAN_POINT('',(2.54,8.350410611629,0.290440044566));
#898 = VERTEX_POINT('',#899);
#899 = CARTESIAN_POINT('',(2.946,8.350410611629,0.290440044566));
#900 = LINE('',#901,#902);
#901 = CARTESIAN_POINT('',(2.54,8.350410611629,0.290440044566));
#902 = VECTOR('',#903,1.);
#903 = DIRECTION('',(1.,2.22044604925E-16,2.22044604925E-16));
#904 = ORIENTED_EDGE('',*,*,#905,.T.);
#905 = EDGE_CURVE('',#898,#906,#908,.T.);
#906 = VERTEX_POINT('',#907);
#907 = CARTESIAN_POINT('',(2.946,8.92,0.25061047452));
#908 = LINE('',#909,#910);
#909 = CARTESIAN_POINT('',(2.946,8.350410611629,0.290440044566));
#910 = VECTOR('',#911,1.);
#911 = DIRECTION('',(-1.750365694669E-16,0.99756405026,
    -6.975647374413E-02));
#912 = ORIENTED_EDGE('',*,*,#913,.F.);
#913 = EDGE_CURVE('',#914,#906,#916,.T.);
#914 = VERTEX_POINT('',#915);
#915 = CARTESIAN_POINT('',(2.54,8.92,0.25061047452));
#916 = LINE('',#917,#918);
#917 = CARTESIAN_POINT('',(2.54,8.92,0.25061047452));
#918 = VECTOR('',#919,1.);
#919 = DIRECTION('',(1.,2.22044604925E-16,2.22044604925E-16));
#920 = ORIENTED_EDGE('',*,*,#921,.F.);
#921 = EDGE_CURVE('',#896,#914,#922,.T.);
#922 = LINE('',#923,#924);
#923 = CARTESIAN_POINT('',(2.54,8.350410611629,0.290440044566));
#924 = VECTOR('',#925,1.);
#925 = DIRECTION('',(-1.750365694669E-16,0.99756405026,
    -6.975647374413E-02));
#926 = PLANE('',#927);
#927 = AXIS2_PLACEMENT_3D('',#928,#929,#930);
#928 = CARTESIAN_POINT('',(2.54,8.350410611629,0.290440044566));
#929 = DIRECTION('',(2.369927640808E-16,-6.975647374412E-02,
    -0.99756405026));
#930 = DIRECTION('',(-3.097809730696E-17,-0.99756405026,
    6.975647374412E-02));
#931 = ADVANCED_FACE('',(#932),#957,.F.);
#932 = FACE_BOUND('',#933,.T.);
#933 = EDGE_LOOP('',(#934,#935,#943,#951));
#934 = ORIENTED_EDGE('',*,*,#913,.T.);
#935 = ORIENTED_EDGE('',*,*,#936,.T.);
#936 = EDGE_CURVE('',#906,#937,#939,.T.);
#937 = VERTEX_POINT('',#938);
#938 = CARTESIAN_POINT('',(2.946,8.92,6.563638521584E-16));
#939 = LINE('',#940,#941);
#940 = CARTESIAN_POINT('',(2.946,8.92,0.25061047452));
#941 = VECTOR('',#942,1.);
#942 = DIRECTION('',(6.661338147751E-16,4.440892098501E-16,-1.));
#943 = ORIENTED_EDGE('',*,*,#944,.F.);
#944 = EDGE_CURVE('',#945,#937,#947,.T.);
#945 = VERTEX_POINT('',#946);
#946 = CARTESIAN_POINT('',(2.54,8.92,5.662137425588E-16));
#947 = LINE('',#948,#949);
#948 = CARTESIAN_POINT('',(2.54,8.92,5.662137425588E-16));
#949 = VECTOR('',#950,1.);
#950 = DIRECTION('',(1.,2.22044604925E-16,2.22044604925E-16));
#951 = ORIENTED_EDGE('',*,*,#952,.F.);
#952 = EDGE_CURVE('',#914,#945,#953,.T.);
#953 = LINE('',#954,#955);
#954 = CARTESIAN_POINT('',(2.54,8.92,0.25061047452));
#955 = VECTOR('',#956,1.);
#956 = DIRECTION('',(6.661338147751E-16,4.440892098501E-16,-1.));
#957 = PLANE('',#958);
#958 = AXIS2_PLACEMENT_3D('',#959,#960,#961);
#959 = CARTESIAN_POINT('',(2.54,8.92,0.25061047452));
#960 = DIRECTION('',(2.22044604925E-16,-1.,-2.22044604925E-16));
#961 = DIRECTION('',(-4.440892098501E-16,-2.22044604925E-16,1.));
#962 = ADVANCED_FACE('',(#963),#988,.F.);
#963 = FACE_BOUND('',#964,.T.);
#964 = EDGE_LOOP('',(#965,#966,#974,#982));
#965 = ORIENTED_EDGE('',*,*,#944,.T.);
#966 = ORIENTED_EDGE('',*,*,#967,.T.);
#967 = EDGE_CURVE('',#937,#968,#970,.T.);
#968 = VERTEX_POINT('',#969);
#969 = CARTESIAN_POINT('',(2.946,8.127632672711,5.540772108551E-02));
#970 = LINE('',#971,#972);
#971 = CARTESIAN_POINT('',(2.946,8.92,-1.324274023773E-15));
#972 = VECTOR('',#973,1.);
#973 = DIRECTION('',(1.750365694669E-16,-0.99756405026,
    6.975647374413E-02));
#974 = ORIENTED_EDGE('',*,*,#975,.F.);
#975 = EDGE_CURVE('',#976,#968,#978,.T.);
#976 = VERTEX_POINT('',#977);
#977 = CARTESIAN_POINT('',(2.54,8.127632672711,5.540772108551E-02));
#978 = LINE('',#979,#980);
#979 = CARTESIAN_POINT('',(2.54,8.127632672711,5.540772108551E-02));
#980 = VECTOR('',#981,1.);
#981 = DIRECTION('',(1.,2.22044604925E-16,2.22044604925E-16));
#982 = ORIENTED_EDGE('',*,*,#983,.F.);
#983 = EDGE_CURVE('',#945,#976,#984,.T.);
#984 = LINE('',#985,#986);
#985 = CARTESIAN_POINT('',(2.54,8.92,-1.414424133372E-15));
#986 = VECTOR('',#987,1.);
#987 = DIRECTION('',(1.750365694669E-16,-0.99756405026,
    6.975647374413E-02));
#988 = PLANE('',#989);
#989 = AXIS2_PLACEMENT_3D('',#990,#991,#992);
#990 = CARTESIAN_POINT('',(2.54,8.92,5.662137425588E-16));
#991 = DIRECTION('',(-2.369927640808E-16,6.975647374412E-02,
    0.99756405026));
#992 = DIRECTION('',(3.097809730696E-17,0.99756405026,
    -6.975647374412E-02));
#993 = ADVANCED_FACE('',(#994),#1021,.T.);
#994 = FACE_BOUND('',#995,.T.);
#995 = EDGE_LOOP('',(#996,#997,#1006,#1014));
#996 = ORIENTED_EDGE('',*,*,#975,.T.);
#997 = ORIENTED_EDGE('',*,*,#998,.T.);
#998 = EDGE_CURVE('',#968,#999,#1001,.T.);
#999 = VERTEX_POINT('',#1000);
#1000 = CARTESIAN_POINT('',(2.946,8.12,6.115935252015E-02));
#1001 = CIRCLE('',#1002,8.773830972728E-03);
#1002 = AXIS2_PLACEMENT_3D('',#1003,#1004,#1005);
#1003 = CARTESIAN_POINT('',(2.946,8.128244704221,6.416017944695E-02));
#1004 = DIRECTION('',(-1.,-2.22044604925E-16,-6.661338147751E-16));
#1005 = DIRECTION('',(2.22044604925E-16,-1.,-2.22044604925E-16));
#1006 = ORIENTED_EDGE('',*,*,#1007,.F.);
#1007 = EDGE_CURVE('',#1008,#999,#1010,.T.);
#1008 = VERTEX_POINT('',#1009);
#1009 = CARTESIAN_POINT('',(2.54,8.12,6.115935252015E-02));
#1010 = LINE('',#1011,#1012);
#1011 = CARTESIAN_POINT('',(2.54,8.12,6.115935252015E-02));
#1012 = VECTOR('',#1013,1.);
#1013 = DIRECTION('',(1.,2.22044604925E-16,2.22044604925E-16));
#1014 = ORIENTED_EDGE('',*,*,#1015,.F.);
#1015 = EDGE_CURVE('',#976,#1008,#1016,.T.);
#1016 = CIRCLE('',#1017,8.773830972728E-03);
#1017 = AXIS2_PLACEMENT_3D('',#1018,#1019,#1020);
#1018 = CARTESIAN_POINT('',(2.54,8.128244704221,6.416017944695E-02));
#1019 = DIRECTION('',(-1.,-2.22044604925E-16,-6.661338147751E-16));
#1020 = DIRECTION('',(2.22044604925E-16,-1.,-2.22044604925E-16));
#1021 = CYLINDRICAL_SURFACE('',#1022,8.773830972728E-03);
#1022 = AXIS2_PLACEMENT_3D('',#1023,#1024,#1025);
#1023 = CARTESIAN_POINT('',(2.54,8.128244704221,6.416017944696E-02));
#1024 = DIRECTION('',(-1.,1.355854680849E-31,-4.440892098501E-16));
#1025 = DIRECTION('',(6.162975822039E-32,-1.,-4.440892098501E-16));
#1026 = ADVANCED_FACE('',(#1027),#1052,.F.);
#1027 = FACE_BOUND('',#1028,.T.);
#1028 = EDGE_LOOP('',(#1029,#1030,#1038,#1046));
#1029 = ORIENTED_EDGE('',*,*,#1007,.T.);
#1030 = ORIENTED_EDGE('',*,*,#1031,.T.);
#1031 = EDGE_CURVE('',#999,#1032,#1034,.T.);
#1032 = VERTEX_POINT('',#1033);
#1033 = CARTESIAN_POINT('',(2.946,7.733659113,1.122622215766));
#1034 = LINE('',#1035,#1036);
#1035 = CARTESIAN_POINT('',(2.946,8.12,6.115935252015E-02));
#1036 = VECTOR('',#1037,1.);
#1037 = DIRECTION('',(-5.50017302599E-16,-0.342020143326,0.939692620786)
  );
#1038 = ORIENTED_EDGE('',*,*,#1039,.F.);
#1039 = EDGE_CURVE('',#1040,#1032,#1042,.T.);
#1040 = VERTEX_POINT('',#1041);
#1041 = CARTESIAN_POINT('',(2.54,7.733659113,1.122622215766));
#1042 = LINE('',#1043,#1044);
#1043 = CARTESIAN_POINT('',(2.54,7.733659113,1.122622215766));
#1044 = VECTOR('',#1045,1.);
#1045 = DIRECTION('',(1.,2.22044604925E-16,2.22044604925E-16));
#1046 = ORIENTED_EDGE('',*,*,#1047,.F.);
#1047 = EDGE_CURVE('',#1008,#1040,#1048,.T.);
#1048 = LINE('',#1049,#1050);
#1049 = CARTESIAN_POINT('',(2.54,8.12,6.115935252015E-02));
#1050 = VECTOR('',#1051,1.);
#1051 = DIRECTION('',(-5.50017302599E-16,-0.342020143326,0.939692620786)
  );
#1052 = PLANE('',#1053);
#1053 = AXIS2_PLACEMENT_3D('',#1054,#1055,#1056);
#1054 = CARTESIAN_POINT('',(2.54,8.12,6.115935252015E-02));
#1055 = DIRECTION('',(-2.845974043345E-16,0.939692620786,0.342020143326)
  );
#1056 = DIRECTION('',(4.173073534667E-16,0.342020143326,-0.939692620786)
  );
#1057 = ADVANCED_FACE('',(#1058),#1085,.F.);
#1058 = FACE_BOUND('',#1059,.F.);
#1059 = EDGE_LOOP('',(#1060,#1070,#1077,#1078));
#1060 = ORIENTED_EDGE('',*,*,#1061,.T.);
#1061 = EDGE_CURVE('',#1062,#1064,#1066,.T.);
#1062 = VERTEX_POINT('',#1063);
#1063 = CARTESIAN_POINT('',(2.54,7.630292924713,1.195));
#1064 = VERTEX_POINT('',#1065);
#1065 = CARTESIAN_POINT('',(2.946,7.630292924713,1.195));
#1066 = LINE('',#1067,#1068);
#1067 = CARTESIAN_POINT('',(2.54,7.630292924713,1.195));
#1068 = VECTOR('',#1069,1.);
#1069 = DIRECTION('',(1.,2.22044604925E-16,2.22044604925E-16));
#1070 = ORIENTED_EDGE('',*,*,#1071,.T.);
#1071 = EDGE_CURVE('',#1064,#1032,#1072,.T.);
#1072 = CIRCLE('',#1073,0.11);
#1073 = AXIS2_PLACEMENT_3D('',#1074,#1075,#1076);
#1074 = CARTESIAN_POINT('',(2.946,7.630292924713,1.085));
#1075 = DIRECTION('',(-1.,-2.22044604925E-16,-6.661338147751E-16));
#1076 = DIRECTION('',(2.22044604925E-16,-1.,-2.22044604925E-16));
#1077 = ORIENTED_EDGE('',*,*,#1039,.F.);
#1078 = ORIENTED_EDGE('',*,*,#1079,.F.);
#1079 = EDGE_CURVE('',#1062,#1040,#1080,.T.);
#1080 = CIRCLE('',#1081,0.11);
#1081 = AXIS2_PLACEMENT_3D('',#1082,#1083,#1084);
#1082 = CARTESIAN_POINT('',(2.54,7.630292924713,1.085));
#1083 = DIRECTION('',(-1.,-2.22044604925E-16,-6.661338147751E-16));
#1084 = DIRECTION('',(2.22044604925E-16,-1.,-2.22044604925E-16));
#1085 = CYLINDRICAL_SURFACE('',#1086,0.11);
#1086 = AXIS2_PLACEMENT_3D('',#1087,#1088,#1089);
#1087 = CARTESIAN_POINT('',(2.54,7.630292924713,1.085));
#1088 = DIRECTION('',(-1.,1.355854680849E-31,-4.440892098501E-16));
#1089 = DIRECTION('',(6.162975822039E-32,-1.,-4.440892098501E-16));
#1090 = ADVANCED_FACE('',(#1091),#1116,.F.);
#1091 = FACE_BOUND('',#1092,.T.);
#1092 = EDGE_LOOP('',(#1093,#1094,#1102,#1110));
#1093 = ORIENTED_EDGE('',*,*,#1061,.T.);
#1094 = ORIENTED_EDGE('',*,*,#1095,.T.);
#1095 = EDGE_CURVE('',#1064,#1096,#1098,.T.);
#1096 = VERTEX_POINT('',#1097);
#1097 = CARTESIAN_POINT('',(2.946,7.52,1.195));
#1098 = LINE('',#1099,#1100);
#1099 = CARTESIAN_POINT('',(2.946,7.630292924713,1.195));
#1100 = VECTOR('',#1101,1.);
#1101 = DIRECTION('',(2.22044604925E-16,-1.,-2.22044604925E-16));
#1102 = ORIENTED_EDGE('',*,*,#1103,.F.);
#1103 = EDGE_CURVE('',#1104,#1096,#1106,.T.);
#1104 = VERTEX_POINT('',#1105);
#1105 = CARTESIAN_POINT('',(2.54,7.52,1.195));
#1106 = LINE('',#1107,#1108);
#1107 = CARTESIAN_POINT('',(2.54,7.52,1.195));
#1108 = VECTOR('',#1109,1.);
#1109 = DIRECTION('',(1.,2.22044604925E-16,2.22044604925E-16));
#1110 = ORIENTED_EDGE('',*,*,#1111,.F.);
#1111 = EDGE_CURVE('',#1062,#1104,#1112,.T.);
#1112 = LINE('',#1113,#1114);
#1113 = CARTESIAN_POINT('',(2.54,7.630292924713,1.195));
#1114 = VECTOR('',#1115,1.);
#1115 = DIRECTION('',(2.22044604925E-16,-1.,-2.22044604925E-16));
#1116 = PLANE('',#1117);
#1117 = AXIS2_PLACEMENT_3D('',#1118,#1119,#1120);
#1118 = CARTESIAN_POINT('',(2.54,7.630292924713,1.195));
#1119 = DIRECTION('',(-2.22044604925E-16,-4.440892098501E-16,1.));
#1120 = DIRECTION('',(-6.162975822039E-32,1.,4.440892098501E-16));
#1121 = ADVANCED_FACE('',(#1122),#1147,.F.);
#1122 = FACE_BOUND('',#1123,.T.);
#1123 = EDGE_LOOP('',(#1124,#1125,#1133,#1141));
#1124 = ORIENTED_EDGE('',*,*,#1103,.T.);
#1125 = ORIENTED_EDGE('',*,*,#1126,.T.);
#1126 = EDGE_CURVE('',#1096,#1127,#1129,.T.);
#1127 = VERTEX_POINT('',#1128);
#1128 = CARTESIAN_POINT('',(2.946,7.52,1.445));
#1129 = LINE('',#1130,#1131);
#1130 = CARTESIAN_POINT('',(2.946,7.52,1.195));
#1131 = VECTOR('',#1132,1.);
#1132 = DIRECTION('',(-6.661338147751E-16,-4.227038532122E-16,1.));
#1133 = ORIENTED_EDGE('',*,*,#1134,.F.);
#1134 = EDGE_CURVE('',#1135,#1127,#1137,.T.);
#1135 = VERTEX_POINT('',#1136);
#1136 = CARTESIAN_POINT('',(2.54,7.52,1.445));
#1137 = LINE('',#1138,#1139);
#1138 = CARTESIAN_POINT('',(2.54,7.52,1.445));
#1139 = VECTOR('',#1140,1.);
#1140 = DIRECTION('',(1.,2.22044604925E-16,2.22044604925E-16));
#1141 = ORIENTED_EDGE('',*,*,#1142,.F.);
#1142 = EDGE_CURVE('',#1104,#1135,#1143,.T.);
#1143 = LINE('',#1144,#1145);
#1144 = CARTESIAN_POINT('',(2.54,7.52,1.195));
#1145 = VECTOR('',#1146,1.);
#1146 = DIRECTION('',(-6.661338147751E-16,-4.227038532122E-16,1.));
#1147 = PLANE('',#1148);
#1148 = AXIS2_PLACEMENT_3D('',#1149,#1150,#1151);
#1149 = CARTESIAN_POINT('',(2.54,7.52,1.195));
#1150 = DIRECTION('',(-2.22044604925E-16,1.,2.006592482872E-16));
#1151 = DIRECTION('',(4.440892098501E-16,2.006592482872E-16,-1.));
#1152 = ADVANCED_FACE('',(#1153),#1178,.F.);
#1153 = FACE_BOUND('',#1154,.T.);
#1154 = EDGE_LOOP('',(#1155,#1156,#1164,#1172));
#1155 = ORIENTED_EDGE('',*,*,#1134,.T.);
#1156 = ORIENTED_EDGE('',*,*,#1157,.T.);
#1157 = EDGE_CURVE('',#1127,#1158,#1160,.T.);
#1158 = VERTEX_POINT('',#1159);
#1159 = CARTESIAN_POINT('',(2.946,7.85169154622,1.445));
#1160 = LINE('',#1161,#1162);
#1161 = CARTESIAN_POINT('',(2.946,7.52,1.445));
#1162 = VECTOR('',#1163,1.);
#1163 = DIRECTION('',(-2.22044604925E-16,1.,2.22044604925E-16));
#1164 = ORIENTED_EDGE('',*,*,#1165,.F.);
#1165 = EDGE_CURVE('',#1166,#1158,#1168,.T.);
#1166 = VERTEX_POINT('',#1167);
#1167 = CARTESIAN_POINT('',(2.54,7.85169154622,1.445));
#1168 = LINE('',#1169,#1170);
#1169 = CARTESIAN_POINT('',(2.54,7.85169154622,1.445));
#1170 = VECTOR('',#1171,1.);
#1171 = DIRECTION('',(1.,2.22044604925E-16,2.22044604925E-16));
#1172 = ORIENTED_EDGE('',*,*,#1173,.F.);
#1173 = EDGE_CURVE('',#1135,#1166,#1174,.T.);
#1174 = LINE('',#1175,#1176);
#1175 = CARTESIAN_POINT('',(2.54,7.52,1.445));
#1176 = VECTOR('',#1177,1.);
#1177 = DIRECTION('',(-2.22044604925E-16,1.,2.22044604925E-16));
#1178 = PLANE('',#1179);
#1179 = AXIS2_PLACEMENT_3D('',#1180,#1181,#1182);
#1180 = CARTESIAN_POINT('',(2.54,7.52,1.445));
#1181 = DIRECTION('',(2.22044604925E-16,4.440892098501E-16,-1.));
#1182 = DIRECTION('',(6.162975822039E-32,-1.,-4.440892098501E-16));
#1183 = ADVANCED_FACE('',(#1184),#1211,.T.);
#1184 = FACE_BOUND('',#1185,.T.);
#1185 = EDGE_LOOP('',(#1186,#1187,#1196,#1204));
#1186 = ORIENTED_EDGE('',*,*,#1165,.T.);
#1187 = ORIENTED_EDGE('',*,*,#1188,.T.);
#1188 = EDGE_CURVE('',#1158,#1189,#1191,.T.);
#1189 = VERTEX_POINT('',#1190);
#1190 = CARTESIAN_POINT('',(2.946,7.892859479936,1.416173902479));
#1191 = CIRCLE('',#1192,4.381E-02);
#1192 = AXIS2_PLACEMENT_3D('',#1193,#1194,#1195);
#1193 = CARTESIAN_POINT('',(2.946,7.85169154622,1.40119));
#1194 = DIRECTION('',(-1.,-2.22044604925E-16,-6.661338147751E-16));
#1195 = DIRECTION('',(2.22044604925E-16,-1.,-2.22044604925E-16));
#1196 = ORIENTED_EDGE('',*,*,#1197,.F.);
#1197 = EDGE_CURVE('',#1198,#1189,#1200,.T.);
#1198 = VERTEX_POINT('',#1199);
#1199 = CARTESIAN_POINT('',(2.54,7.892859479936,1.416173902479));
#1200 = LINE('',#1201,#1202);
#1201 = CARTESIAN_POINT('',(2.54,7.892859479936,1.416173902479));
#1202 = VECTOR('',#1203,1.);
#1203 = DIRECTION('',(1.,2.22044604925E-16,2.22044604925E-16));
#1204 = ORIENTED_EDGE('',*,*,#1205,.F.);
#1205 = EDGE_CURVE('',#1166,#1198,#1206,.T.);
#1206 = CIRCLE('',#1207,4.381E-02);
#1207 = AXIS2_PLACEMENT_3D('',#1208,#1209,#1210);
#1208 = CARTESIAN_POINT('',(2.54,7.85169154622,1.40119));
#1209 = DIRECTION('',(-1.,-2.22044604925E-16,-6.661338147751E-16));
#1210 = DIRECTION('',(2.22044604925E-16,-1.,-2.22044604925E-16));
#1211 = CYLINDRICAL_SURFACE('',#1212,4.381E-02);
#1212 = AXIS2_PLACEMENT_3D('',#1213,#1214,#1215);
#1213 = CARTESIAN_POINT('',(2.54,7.85169154622,1.40119));
#1214 = DIRECTION('',(-1.,1.355854680849E-31,-4.440892098501E-16));
#1215 = DIRECTION('',(6.162975822039E-32,-1.,-4.440892098501E-16));
#1216 = ADVANCED_FACE('',(#1217),#1242,.F.);
#1217 = FACE_BOUND('',#1218,.T.);
#1218 = EDGE_LOOP('',(#1219,#1220,#1228,#1236));
#1219 = ORIENTED_EDGE('',*,*,#1197,.T.);
#1220 = ORIENTED_EDGE('',*,*,#1221,.T.);
#1221 = EDGE_CURVE('',#1189,#1222,#1224,.T.);
#1222 = VERTEX_POINT('',#1223);
#1223 = CARTESIAN_POINT('',(2.946,8.284521647852,0.340090940077));
#1224 = LINE('',#1225,#1226);
#1225 = CARTESIAN_POINT('',(2.946,7.892859479936,1.416173902479));
#1226 = VECTOR('',#1227,1.);
#1227 = DIRECTION('',(5.50017302599E-16,0.342020143326,-0.939692620786)
  );
#1228 = ORIENTED_EDGE('',*,*,#1229,.F.);
#1229 = EDGE_CURVE('',#1230,#1222,#1232,.T.);
#1230 = VERTEX_POINT('',#1231);
#1231 = CARTESIAN_POINT('',(2.54,8.284521647852,0.340090940077));
#1232 = LINE('',#1233,#1234);
#1233 = CARTESIAN_POINT('',(2.54,8.284521647852,0.340090940077));
#1234 = VECTOR('',#1235,1.);
#1235 = DIRECTION('',(1.,2.22044604925E-16,2.22044604925E-16));
#1236 = ORIENTED_EDGE('',*,*,#1237,.F.);
#1237 = EDGE_CURVE('',#1198,#1230,#1238,.T.);
#1238 = LINE('',#1239,#1240);
#1239 = CARTESIAN_POINT('',(2.54,7.892859479936,1.416173902479));
#1240 = VECTOR('',#1241,1.);
#1241 = DIRECTION('',(5.50017302599E-16,0.342020143326,-0.939692620786)
  );
#1242 = PLANE('',#1243);
#1243 = AXIS2_PLACEMENT_3D('',#1244,#1245,#1246);
#1244 = CARTESIAN_POINT('',(2.54,7.892859479936,1.416173902479));
#1245 = DIRECTION('',(2.845974043345E-16,-0.939692620786,-0.342020143326
    ));
#1246 = DIRECTION('',(-4.173073534667E-16,-0.342020143326,0.939692620786
    ));
#1247 = ADVANCED_FACE('',(#1248),#1266,.F.);
#1248 = FACE_BOUND('',#1249,.F.);
#1249 = EDGE_LOOP('',(#1250,#1251,#1258,#1259));
#1250 = ORIENTED_EDGE('',*,*,#895,.T.);
#1251 = ORIENTED_EDGE('',*,*,#1252,.T.);
#1252 = EDGE_CURVE('',#898,#1222,#1253,.T.);
#1253 = CIRCLE('',#1254,7.574E-02);
#1254 = AXIS2_PLACEMENT_3D('',#1255,#1256,#1257);
#1255 = CARTESIAN_POINT('',(2.946,8.35569396695,0.365995545733));
#1256 = DIRECTION('',(-1.,-2.22044604925E-16,-6.661338147751E-16));
#1257 = DIRECTION('',(2.22044604925E-16,-1.,-2.22044604925E-16));
#1258 = ORIENTED_EDGE('',*,*,#1229,.F.);
#1259 = ORIENTED_EDGE('',*,*,#1260,.F.);
#1260 = EDGE_CURVE('',#896,#1230,#1261,.T.);
#1261 = CIRCLE('',#1262,7.574E-02);
#1262 = AXIS2_PLACEMENT_3D('',#1263,#1264,#1265);
#1263 = CARTESIAN_POINT('',(2.54,8.35569396695,0.365995545733));
#1264 = DIRECTION('',(-1.,-2.22044604925E-16,-6.661338147751E-16));
#1265 = DIRECTION('',(2.22044604925E-16,-1.,-2.22044604925E-16));
#1266 = CYLINDRICAL_SURFACE('',#1267,7.574E-02);
#1267 = AXIS2_PLACEMENT_3D('',#1268,#1269,#1270);
#1268 = CARTESIAN_POINT('',(2.54,8.35569396695,0.365995545733));
#1269 = DIRECTION('',(-1.,1.355854680849E-31,-4.440892098501E-16));
#1270 = DIRECTION('',(6.162975822039E-32,-1.,-4.440892098501E-16));
#1271 = ADVANCED_FACE('',(#1272),#1286,.F.);
#1272 = FACE_BOUND('',#1273,.T.);
#1273 = EDGE_LOOP('',(#1274,#1275,#1276,#1277,#1278,#1279,#1280,#1281,
    #1282,#1283,#1284,#1285));
#1274 = ORIENTED_EDGE('',*,*,#921,.T.);
#1275 = ORIENTED_EDGE('',*,*,#952,.T.);
#1276 = ORIENTED_EDGE('',*,*,#983,.T.);
#1277 = ORIENTED_EDGE('',*,*,#1015,.T.);
#1278 = ORIENTED_EDGE('',*,*,#1047,.T.);
#1279 = ORIENTED_EDGE('',*,*,#1079,.F.);
#1280 = ORIENTED_EDGE('',*,*,#1111,.T.);
#1281 = ORIENTED_EDGE('',*,*,#1142,.T.);
#1282 = ORIENTED_EDGE('',*,*,#1173,.T.);
#1283 = ORIENTED_EDGE('',*,*,#1205,.T.);
#1284 = ORIENTED_EDGE('',*,*,#1237,.T.);
#1285 = ORIENTED_EDGE('',*,*,#1260,.F.);
#1286 = PLANE('',#1287);
#1287 = AXIS2_PLACEMENT_3D('',#1288,#1289,#1290);
#1288 = CARTESIAN_POINT('',(2.54,8.151535391952,0.633531379608));
#1289 = DIRECTION('',(1.,-9.860761315263E-32,1.972152263053E-31));
#1290 = DIRECTION('',(6.661338147751E-16,4.440892098501E-16,-1.));
#1291 = ADVANCED_FACE('',(#1292),#1306,.T.);
#1292 = FACE_BOUND('',#1293,.F.);
#1293 = EDGE_LOOP('',(#1294,#1295,#1296,#1297,#1298,#1299,#1300,#1301,
    #1302,#1303,#1304,#1305));
#1294 = ORIENTED_EDGE('',*,*,#905,.T.);
#1295 = ORIENTED_EDGE('',*,*,#936,.T.);
#1296 = ORIENTED_EDGE('',*,*,#967,.T.);
#1297 = ORIENTED_EDGE('',*,*,#998,.T.);
#1298 = ORIENTED_EDGE('',*,*,#1031,.T.);
#1299 = ORIENTED_EDGE('',*,*,#1071,.F.);
#1300 = ORIENTED_EDGE('',*,*,#1095,.T.);
#1301 = ORIENTED_EDGE('',*,*,#1126,.T.);
#1302 = ORIENTED_EDGE('',*,*,#1157,.T.);
#1303 = ORIENTED_EDGE('',*,*,#1188,.T.);
#1304 = ORIENTED_EDGE('',*,*,#1221,.T.);
#1305 = ORIENTED_EDGE('',*,*,#1252,.F.);
#1306 = PLANE('',#1307);
#1307 = AXIS2_PLACEMENT_3D('',#1308,#1309,#1310);
#1308 = CARTESIAN_POINT('',(2.946,8.151535391952,0.633531379608));
#1309 = DIRECTION('',(1.,-9.860761315263E-32,1.972152263053E-31));
#1310 = DIRECTION('',(6.661338147751E-16,4.440892098501E-16,-1.));
#1311 = MANIFOLD_SOLID_BREP('',#1312);
#1312 = CLOSED_SHELL('',(#1313,#1353,#1384,#1415,#1448,#1479,#1512,#1543
    ,#1574,#1605,#1638,#1669,#1693,#1713));
#1313 = ADVANCED_FACE('',(#1314),#1348,.F.);
#1314 = FACE_BOUND('',#1315,.T.);
#1315 = EDGE_LOOP('',(#1316,#1326,#1334,#1342));
#1316 = ORIENTED_EDGE('',*,*,#1317,.T.);
#1317 = EDGE_CURVE('',#1318,#1320,#1322,.T.);
#1318 = VERTEX_POINT('',#1319);
#1319 = CARTESIAN_POINT('',(3.81,8.350410611629,0.290440044566));
#1320 = VERTEX_POINT('',#1321);
#1321 = CARTESIAN_POINT('',(4.216,8.350410611629,0.290440044566));
#1322 = LINE('',#1323,#1324);
#1323 = CARTESIAN_POINT('',(3.81,8.350410611629,0.290440044566));
#1324 = VECTOR('',#1325,1.);
#1325 = DIRECTION('',(1.,2.22044604925E-16,2.22044604925E-16));
#1326 = ORIENTED_EDGE('',*,*,#1327,.T.);
#1327 = EDGE_CURVE('',#1320,#1328,#1330,.T.);
#1328 = VERTEX_POINT('',#1329);
#1329 = CARTESIAN_POINT('',(4.216,8.92,0.25061047452));
#1330 = LINE('',#1331,#1332);
#1331 = CARTESIAN_POINT('',(4.216,8.350410611629,0.290440044566));
#1332 = VECTOR('',#1333,1.);
#1333 = DIRECTION('',(-1.750365694669E-16,0.99756405026,
    -6.975647374413E-02));
#1334 = ORIENTED_EDGE('',*,*,#1335,.F.);
#1335 = EDGE_CURVE('',#1336,#1328,#1338,.T.);
#1336 = VERTEX_POINT('',#1337);
#1337 = CARTESIAN_POINT('',(3.81,8.92,0.25061047452));
#1338 = LINE('',#1339,#1340);
#1339 = CARTESIAN_POINT('',(3.81,8.92,0.25061047452));
#1340 = VECTOR('',#1341,1.);
#1341 = DIRECTION('',(1.,2.22044604925E-16,2.22044604925E-16));
#1342 = ORIENTED_EDGE('',*,*,#1343,.F.);
#1343 = EDGE_CURVE('',#1318,#1336,#1344,.T.);
#1344 = LINE('',#1345,#1346);
#1345 = CARTESIAN_POINT('',(3.81,8.350410611629,0.290440044566));
#1346 = VECTOR('',#1347,1.);
#1347 = DIRECTION('',(-1.750365694669E-16,0.99756405026,
    -6.975647374413E-02));
#1348 = PLANE('',#1349);
#1349 = AXIS2_PLACEMENT_3D('',#1350,#1351,#1352);
#1350 = CARTESIAN_POINT('',(3.81,8.350410611629,0.290440044566));
#1351 = DIRECTION('',(2.369927640808E-16,-6.975647374412E-02,
    -0.99756405026));
#1352 = DIRECTION('',(-3.097809730696E-17,-0.99756405026,
    6.975647374412E-02));
#1353 = ADVANCED_FACE('',(#1354),#1379,.F.);
#1354 = FACE_BOUND('',#1355,.T.);
#1355 = EDGE_LOOP('',(#1356,#1357,#1365,#1373));
#1356 = ORIENTED_EDGE('',*,*,#1335,.T.);
#1357 = ORIENTED_EDGE('',*,*,#1358,.T.);
#1358 = EDGE_CURVE('',#1328,#1359,#1361,.T.);
#1359 = VERTEX_POINT('',#1360);
#1360 = CARTESIAN_POINT('',(4.216,8.92,6.563638521584E-16));
#1361 = LINE('',#1362,#1363);
#1362 = CARTESIAN_POINT('',(4.216,8.92,0.25061047452));
#1363 = VECTOR('',#1364,1.);
#1364 = DIRECTION('',(6.661338147751E-16,4.440892098501E-16,-1.));
#1365 = ORIENTED_EDGE('',*,*,#1366,.F.);
#1366 = EDGE_CURVE('',#1367,#1359,#1369,.T.);
#1367 = VERTEX_POINT('',#1368);
#1368 = CARTESIAN_POINT('',(3.81,8.92,5.662137425588E-16));
#1369 = LINE('',#1370,#1371);
#1370 = CARTESIAN_POINT('',(3.81,8.92,5.662137425588E-16));
#1371 = VECTOR('',#1372,1.);
#1372 = DIRECTION('',(1.,2.22044604925E-16,2.22044604925E-16));
#1373 = ORIENTED_EDGE('',*,*,#1374,.F.);
#1374 = EDGE_CURVE('',#1336,#1367,#1375,.T.);
#1375 = LINE('',#1376,#1377);
#1376 = CARTESIAN_POINT('',(3.81,8.92,0.25061047452));
#1377 = VECTOR('',#1378,1.);
#1378 = DIRECTION('',(6.661338147751E-16,4.440892098501E-16,-1.));
#1379 = PLANE('',#1380);
#1380 = AXIS2_PLACEMENT_3D('',#1381,#1382,#1383);
#1381 = CARTESIAN_POINT('',(3.81,8.92,0.25061047452));
#1382 = DIRECTION('',(2.22044604925E-16,-1.,-2.22044604925E-16));
#1383 = DIRECTION('',(-4.440892098501E-16,-2.22044604925E-16,1.));
#1384 = ADVANCED_FACE('',(#1385),#1410,.F.);
#1385 = FACE_BOUND('',#1386,.T.);
#1386 = EDGE_LOOP('',(#1387,#1388,#1396,#1404));
#1387 = ORIENTED_EDGE('',*,*,#1366,.T.);
#1388 = ORIENTED_EDGE('',*,*,#1389,.T.);
#1389 = EDGE_CURVE('',#1359,#1390,#1392,.T.);
#1390 = VERTEX_POINT('',#1391);
#1391 = CARTESIAN_POINT('',(4.216,8.127632672711,5.540772108551E-02));
#1392 = LINE('',#1393,#1394);
#1393 = CARTESIAN_POINT('',(4.216,8.92,-1.324274023773E-15));
#1394 = VECTOR('',#1395,1.);
#1395 = DIRECTION('',(1.750365694669E-16,-0.99756405026,
    6.975647374413E-02));
#1396 = ORIENTED_EDGE('',*,*,#1397,.F.);
#1397 = EDGE_CURVE('',#1398,#1390,#1400,.T.);
#1398 = VERTEX_POINT('',#1399);
#1399 = CARTESIAN_POINT('',(3.81,8.127632672711,5.540772108551E-02));
#1400 = LINE('',#1401,#1402);
#1401 = CARTESIAN_POINT('',(3.81,8.127632672711,5.540772108551E-02));
#1402 = VECTOR('',#1403,1.);
#1403 = DIRECTION('',(1.,2.22044604925E-16,2.22044604925E-16));
#1404 = ORIENTED_EDGE('',*,*,#1405,.F.);
#1405 = EDGE_CURVE('',#1367,#1398,#1406,.T.);
#1406 = LINE('',#1407,#1408);
#1407 = CARTESIAN_POINT('',(3.81,8.92,-1.414424133372E-15));
#1408 = VECTOR('',#1409,1.);
#1409 = DIRECTION('',(1.750365694669E-16,-0.99756405026,
    6.975647374413E-02));
#1410 = PLANE('',#1411);
#1411 = AXIS2_PLACEMENT_3D('',#1412,#1413,#1414);
#1412 = CARTESIAN_POINT('',(3.81,8.92,5.662137425588E-16));
#1413 = DIRECTION('',(-2.369927640808E-16,6.975647374412E-02,
    0.99756405026));
#1414 = DIRECTION('',(3.097809730696E-17,0.99756405026,
    -6.975647374412E-02));
#1415 = ADVANCED_FACE('',(#1416),#1443,.T.);
#1416 = FACE_BOUND('',#1417,.T.);
#1417 = EDGE_LOOP('',(#1418,#1419,#1428,#1436));
#1418 = ORIENTED_EDGE('',*,*,#1397,.T.);
#1419 = ORIENTED_EDGE('',*,*,#1420,.T.);
#1420 = EDGE_CURVE('',#1390,#1421,#1423,.T.);
#1421 = VERTEX_POINT('',#1422);
#1422 = CARTESIAN_POINT('',(4.216,8.12,6.115935252015E-02));
#1423 = CIRCLE('',#1424,8.773830972728E-03);
#1424 = AXIS2_PLACEMENT_3D('',#1425,#1426,#1427);
#1425 = CARTESIAN_POINT('',(4.216,8.128244704221,6.416017944695E-02));
#1426 = DIRECTION('',(-1.,-2.22044604925E-16,-6.661338147751E-16));
#1427 = DIRECTION('',(2.22044604925E-16,-1.,-2.22044604925E-16));
#1428 = ORIENTED_EDGE('',*,*,#1429,.F.);
#1429 = EDGE_CURVE('',#1430,#1421,#1432,.T.);
#1430 = VERTEX_POINT('',#1431);
#1431 = CARTESIAN_POINT('',(3.81,8.12,6.115935252015E-02));
#1432 = LINE('',#1433,#1434);
#1433 = CARTESIAN_POINT('',(3.81,8.12,6.115935252015E-02));
#1434 = VECTOR('',#1435,1.);
#1435 = DIRECTION('',(1.,2.22044604925E-16,2.22044604925E-16));
#1436 = ORIENTED_EDGE('',*,*,#1437,.F.);
#1437 = EDGE_CURVE('',#1398,#1430,#1438,.T.);
#1438 = CIRCLE('',#1439,8.773830972728E-03);
#1439 = AXIS2_PLACEMENT_3D('',#1440,#1441,#1442);
#1440 = CARTESIAN_POINT('',(3.81,8.128244704221,6.416017944695E-02));
#1441 = DIRECTION('',(-1.,-2.22044604925E-16,-6.661338147751E-16));
#1442 = DIRECTION('',(2.22044604925E-16,-1.,-2.22044604925E-16));
#1443 = CYLINDRICAL_SURFACE('',#1444,8.773830972728E-03);
#1444 = AXIS2_PLACEMENT_3D('',#1445,#1446,#1447);
#1445 = CARTESIAN_POINT('',(3.81,8.128244704221,6.416017944696E-02));
#1446 = DIRECTION('',(-1.,1.355854680849E-31,-4.440892098501E-16));
#1447 = DIRECTION('',(6.162975822039E-32,-1.,-4.440892098501E-16));
#1448 = ADVANCED_FACE('',(#1449),#1474,.F.);
#1449 = FACE_BOUND('',#1450,.T.);
#1450 = EDGE_LOOP('',(#1451,#1452,#1460,#1468));
#1451 = ORIENTED_EDGE('',*,*,#1429,.T.);
#1452 = ORIENTED_EDGE('',*,*,#1453,.T.);
#1453 = EDGE_CURVE('',#1421,#1454,#1456,.T.);
#1454 = VERTEX_POINT('',#1455);
#1455 = CARTESIAN_POINT('',(4.216,7.733659113,1.122622215766));
#1456 = LINE('',#1457,#1458);
#1457 = CARTESIAN_POINT('',(4.216,8.12,6.115935252015E-02));
#1458 = VECTOR('',#1459,1.);
#1459 = DIRECTION('',(-5.50017302599E-16,-0.342020143326,0.939692620786)
  );
#1460 = ORIENTED_EDGE('',*,*,#1461,.F.);
#1461 = EDGE_CURVE('',#1462,#1454,#1464,.T.);
#1462 = VERTEX_POINT('',#1463);
#1463 = CARTESIAN_POINT('',(3.81,7.733659113,1.122622215766));
#1464 = LINE('',#1465,#1466);
#1465 = CARTESIAN_POINT('',(3.81,7.733659113,1.122622215766));
#1466 = VECTOR('',#1467,1.);
#1467 = DIRECTION('',(1.,2.22044604925E-16,2.22044604925E-16));
#1468 = ORIENTED_EDGE('',*,*,#1469,.F.);
#1469 = EDGE_CURVE('',#1430,#1462,#1470,.T.);
#1470 = LINE('',#1471,#1472);
#1471 = CARTESIAN_POINT('',(3.81,8.12,6.115935252015E-02));
#1472 = VECTOR('',#1473,1.);
#1473 = DIRECTION('',(-5.50017302599E-16,-0.342020143326,0.939692620786)
  );
#1474 = PLANE('',#1475);
#1475 = AXIS2_PLACEMENT_3D('',#1476,#1477,#1478);
#1476 = CARTESIAN_POINT('',(3.81,8.12,6.115935252015E-02));
#1477 = DIRECTION('',(-2.845974043345E-16,0.939692620786,0.342020143326)
  );
#1478 = DIRECTION('',(4.173073534667E-16,0.342020143326,-0.939692620786)
  );
#1479 = ADVANCED_FACE('',(#1480),#1507,.F.);
#1480 = FACE_BOUND('',#1481,.F.);
#1481 = EDGE_LOOP('',(#1482,#1492,#1499,#1500));
#1482 = ORIENTED_EDGE('',*,*,#1483,.T.);
#1483 = EDGE_CURVE('',#1484,#1486,#1488,.T.);
#1484 = VERTEX_POINT('',#1485);
#1485 = CARTESIAN_POINT('',(3.81,7.630292924713,1.195));
#1486 = VERTEX_POINT('',#1487);
#1487 = CARTESIAN_POINT('',(4.216,7.630292924713,1.195));
#1488 = LINE('',#1489,#1490);
#1489 = CARTESIAN_POINT('',(3.81,7.630292924713,1.195));
#1490 = VECTOR('',#1491,1.);
#1491 = DIRECTION('',(1.,2.22044604925E-16,2.22044604925E-16));
#1492 = ORIENTED_EDGE('',*,*,#1493,.T.);
#1493 = EDGE_CURVE('',#1486,#1454,#1494,.T.);
#1494 = CIRCLE('',#1495,0.11);
#1495 = AXIS2_PLACEMENT_3D('',#1496,#1497,#1498);
#1496 = CARTESIAN_POINT('',(4.216,7.630292924713,1.085));
#1497 = DIRECTION('',(-1.,-2.22044604925E-16,-6.661338147751E-16));
#1498 = DIRECTION('',(2.22044604925E-16,-1.,-2.22044604925E-16));
#1499 = ORIENTED_EDGE('',*,*,#1461,.F.);
#1500 = ORIENTED_EDGE('',*,*,#1501,.F.);
#1501 = EDGE_CURVE('',#1484,#1462,#1502,.T.);
#1502 = CIRCLE('',#1503,0.11);
#1503 = AXIS2_PLACEMENT_3D('',#1504,#1505,#1506);
#1504 = CARTESIAN_POINT('',(3.81,7.630292924713,1.085));
#1505 = DIRECTION('',(-1.,-2.22044604925E-16,-6.661338147751E-16));
#1506 = DIRECTION('',(2.22044604925E-16,-1.,-2.22044604925E-16));
#1507 = CYLINDRICAL_SURFACE('',#1508,0.11);
#1508 = AXIS2_PLACEMENT_3D('',#1509,#1510,#1511);
#1509 = CARTESIAN_POINT('',(3.81,7.630292924713,1.085));
#1510 = DIRECTION('',(-1.,1.355854680849E-31,-4.440892098501E-16));
#1511 = DIRECTION('',(6.162975822039E-32,-1.,-4.440892098501E-16));
#1512 = ADVANCED_FACE('',(#1513),#1538,.F.);
#1513 = FACE_BOUND('',#1514,.T.);
#1514 = EDGE_LOOP('',(#1515,#1516,#1524,#1532));
#1515 = ORIENTED_EDGE('',*,*,#1483,.T.);
#1516 = ORIENTED_EDGE('',*,*,#1517,.T.);
#1517 = EDGE_CURVE('',#1486,#1518,#1520,.T.);
#1518 = VERTEX_POINT('',#1519);
#1519 = CARTESIAN_POINT('',(4.216,7.52,1.195));
#1520 = LINE('',#1521,#1522);
#1521 = CARTESIAN_POINT('',(4.216,7.630292924713,1.195));
#1522 = VECTOR('',#1523,1.);
#1523 = DIRECTION('',(2.22044604925E-16,-1.,-2.22044604925E-16));
#1524 = ORIENTED_EDGE('',*,*,#1525,.F.);
#1525 = EDGE_CURVE('',#1526,#1518,#1528,.T.);
#1526 = VERTEX_POINT('',#1527);
#1527 = CARTESIAN_POINT('',(3.81,7.52,1.195));
#1528 = LINE('',#1529,#1530);
#1529 = CARTESIAN_POINT('',(3.81,7.52,1.195));
#1530 = VECTOR('',#1531,1.);
#1531 = DIRECTION('',(1.,2.22044604925E-16,2.22044604925E-16));
#1532 = ORIENTED_EDGE('',*,*,#1533,.F.);
#1533 = EDGE_CURVE('',#1484,#1526,#1534,.T.);
#1534 = LINE('',#1535,#1536);
#1535 = CARTESIAN_POINT('',(3.81,7.630292924713,1.195));
#1536 = VECTOR('',#1537,1.);
#1537 = DIRECTION('',(2.22044604925E-16,-1.,-2.22044604925E-16));
#1538 = PLANE('',#1539);
#1539 = AXIS2_PLACEMENT_3D('',#1540,#1541,#1542);
#1540 = CARTESIAN_POINT('',(3.81,7.630292924713,1.195));
#1541 = DIRECTION('',(-2.22044604925E-16,-4.440892098501E-16,1.));
#1542 = DIRECTION('',(-6.162975822039E-32,1.,4.440892098501E-16));
#1543 = ADVANCED_FACE('',(#1544),#1569,.F.);
#1544 = FACE_BOUND('',#1545,.T.);
#1545 = EDGE_LOOP('',(#1546,#1547,#1555,#1563));
#1546 = ORIENTED_EDGE('',*,*,#1525,.T.);
#1547 = ORIENTED_EDGE('',*,*,#1548,.T.);
#1548 = EDGE_CURVE('',#1518,#1549,#1551,.T.);
#1549 = VERTEX_POINT('',#1550);
#1550 = CARTESIAN_POINT('',(4.216,7.52,1.445));
#1551 = LINE('',#1552,#1553);
#1552 = CARTESIAN_POINT('',(4.216,7.52,1.195));
#1553 = VECTOR('',#1554,1.);
#1554 = DIRECTION('',(-6.661338147751E-16,-4.227038532122E-16,1.));
#1555 = ORIENTED_EDGE('',*,*,#1556,.F.);
#1556 = EDGE_CURVE('',#1557,#1549,#1559,.T.);
#1557 = VERTEX_POINT('',#1558);
#1558 = CARTESIAN_POINT('',(3.81,7.52,1.445));
#1559 = LINE('',#1560,#1561);
#1560 = CARTESIAN_POINT('',(3.81,7.52,1.445));
#1561 = VECTOR('',#1562,1.);
#1562 = DIRECTION('',(1.,2.22044604925E-16,2.22044604925E-16));
#1563 = ORIENTED_EDGE('',*,*,#1564,.F.);
#1564 = EDGE_CURVE('',#1526,#1557,#1565,.T.);
#1565 = LINE('',#1566,#1567);
#1566 = CARTESIAN_POINT('',(3.81,7.52,1.195));
#1567 = VECTOR('',#1568,1.);
#1568 = DIRECTION('',(-6.661338147751E-16,-4.227038532122E-16,1.));
#1569 = PLANE('',#1570);
#1570 = AXIS2_PLACEMENT_3D('',#1571,#1572,#1573);
#1571 = CARTESIAN_POINT('',(3.81,7.52,1.195));
#1572 = DIRECTION('',(-2.22044604925E-16,1.,2.006592482872E-16));
#1573 = DIRECTION('',(4.440892098501E-16,2.006592482872E-16,-1.));
#1574 = ADVANCED_FACE('',(#1575),#1600,.F.);
#1575 = FACE_BOUND('',#1576,.T.);
#1576 = EDGE_LOOP('',(#1577,#1578,#1586,#1594));
#1577 = ORIENTED_EDGE('',*,*,#1556,.T.);
#1578 = ORIENTED_EDGE('',*,*,#1579,.T.);
#1579 = EDGE_CURVE('',#1549,#1580,#1582,.T.);
#1580 = VERTEX_POINT('',#1581);
#1581 = CARTESIAN_POINT('',(4.216,7.85169154622,1.445));
#1582 = LINE('',#1583,#1584);
#1583 = CARTESIAN_POINT('',(4.216,7.52,1.445));
#1584 = VECTOR('',#1585,1.);
#1585 = DIRECTION('',(-2.22044604925E-16,1.,2.22044604925E-16));
#1586 = ORIENTED_EDGE('',*,*,#1587,.F.);
#1587 = EDGE_CURVE('',#1588,#1580,#1590,.T.);
#1588 = VERTEX_POINT('',#1589);
#1589 = CARTESIAN_POINT('',(3.81,7.85169154622,1.445));
#1590 = LINE('',#1591,#1592);
#1591 = CARTESIAN_POINT('',(3.81,7.85169154622,1.445));
#1592 = VECTOR('',#1593,1.);
#1593 = DIRECTION('',(1.,2.22044604925E-16,2.22044604925E-16));
#1594 = ORIENTED_EDGE('',*,*,#1595,.F.);
#1595 = EDGE_CURVE('',#1557,#1588,#1596,.T.);
#1596 = LINE('',#1597,#1598);
#1597 = CARTESIAN_POINT('',(3.81,7.52,1.445));
#1598 = VECTOR('',#1599,1.);
#1599 = DIRECTION('',(-2.22044604925E-16,1.,2.22044604925E-16));
#1600 = PLANE('',#1601);
#1601 = AXIS2_PLACEMENT_3D('',#1602,#1603,#1604);
#1602 = CARTESIAN_POINT('',(3.81,7.52,1.445));
#1603 = DIRECTION('',(2.22044604925E-16,4.440892098501E-16,-1.));
#1604 = DIRECTION('',(6.162975822039E-32,-1.,-4.440892098501E-16));
#1605 = ADVANCED_FACE('',(#1606),#1633,.T.);
#1606 = FACE_BOUND('',#1607,.T.);
#1607 = EDGE_LOOP('',(#1608,#1609,#1618,#1626));
#1608 = ORIENTED_EDGE('',*,*,#1587,.T.);
#1609 = ORIENTED_EDGE('',*,*,#1610,.T.);
#1610 = EDGE_CURVE('',#1580,#1611,#1613,.T.);
#1611 = VERTEX_POINT('',#1612);
#1612 = CARTESIAN_POINT('',(4.216,7.892859479936,1.416173902479));
#1613 = CIRCLE('',#1614,4.381E-02);
#1614 = AXIS2_PLACEMENT_3D('',#1615,#1616,#1617);
#1615 = CARTESIAN_POINT('',(4.216,7.85169154622,1.40119));
#1616 = DIRECTION('',(-1.,-2.22044604925E-16,-6.661338147751E-16));
#1617 = DIRECTION('',(2.22044604925E-16,-1.,-2.22044604925E-16));
#1618 = ORIENTED_EDGE('',*,*,#1619,.F.);
#1619 = EDGE_CURVE('',#1620,#1611,#1622,.T.);
#1620 = VERTEX_POINT('',#1621);
#1621 = CARTESIAN_POINT('',(3.81,7.892859479936,1.416173902479));
#1622 = LINE('',#1623,#1624);
#1623 = CARTESIAN_POINT('',(3.81,7.892859479936,1.416173902479));
#1624 = VECTOR('',#1625,1.);
#1625 = DIRECTION('',(1.,2.22044604925E-16,2.22044604925E-16));
#1626 = ORIENTED_EDGE('',*,*,#1627,.F.);
#1627 = EDGE_CURVE('',#1588,#1620,#1628,.T.);
#1628 = CIRCLE('',#1629,4.381E-02);
#1629 = AXIS2_PLACEMENT_3D('',#1630,#1631,#1632);
#1630 = CARTESIAN_POINT('',(3.81,7.85169154622,1.40119));
#1631 = DIRECTION('',(-1.,-2.22044604925E-16,-6.661338147751E-16));
#1632 = DIRECTION('',(2.22044604925E-16,-1.,-2.22044604925E-16));
#1633 = CYLINDRICAL_SURFACE('',#1634,4.381E-02);
#1634 = AXIS2_PLACEMENT_3D('',#1635,#1636,#1637);
#1635 = CARTESIAN_POINT('',(3.81,7.85169154622,1.40119));
#1636 = DIRECTION('',(-1.,1.355854680849E-31,-4.440892098501E-16));
#1637 = DIRECTION('',(6.162975822039E-32,-1.,-4.440892098501E-16));
#1638 = ADVANCED_FACE('',(#1639),#1664,.F.);
#1639 = FACE_BOUND('',#1640,.T.);
#1640 = EDGE_LOOP('',(#1641,#1642,#1650,#1658));
#1641 = ORIENTED_EDGE('',*,*,#1619,.T.);
#1642 = ORIENTED_EDGE('',*,*,#1643,.T.);
#1643 = EDGE_CURVE('',#1611,#1644,#1646,.T.);
#1644 = VERTEX_POINT('',#1645);
#1645 = CARTESIAN_POINT('',(4.216,8.284521647852,0.340090940077));
#1646 = LINE('',#1647,#1648);
#1647 = CARTESIAN_POINT('',(4.216,7.892859479936,1.416173902479));
#1648 = VECTOR('',#1649,1.);
#1649 = DIRECTION('',(5.50017302599E-16,0.342020143326,-0.939692620786)
  );
#1650 = ORIENTED_EDGE('',*,*,#1651,.F.);
#1651 = EDGE_CURVE('',#1652,#1644,#1654,.T.);
#1652 = VERTEX_POINT('',#1653);
#1653 = CARTESIAN_POINT('',(3.81,8.284521647852,0.340090940077));
#1654 = LINE('',#1655,#1656);
#1655 = CARTESIAN_POINT('',(3.81,8.284521647852,0.340090940077));
#1656 = VECTOR('',#1657,1.);
#1657 = DIRECTION('',(1.,2.22044604925E-16,2.22044604925E-16));
#1658 = ORIENTED_EDGE('',*,*,#1659,.F.);
#1659 = EDGE_CURVE('',#1620,#1652,#1660,.T.);
#1660 = LINE('',#1661,#1662);
#1661 = CARTESIAN_POINT('',(3.81,7.892859479936,1.416173902479));
#1662 = VECTOR('',#1663,1.);
#1663 = DIRECTION('',(5.50017302599E-16,0.342020143326,-0.939692620786)
  );
#1664 = PLANE('',#1665);
#1665 = AXIS2_PLACEMENT_3D('',#1666,#1667,#1668);
#1666 = CARTESIAN_POINT('',(3.81,7.892859479936,1.416173902479));
#1667 = DIRECTION('',(2.845974043345E-16,-0.939692620786,-0.342020143326
    ));
#1668 = DIRECTION('',(-4.173073534667E-16,-0.342020143326,0.939692620786
    ));
#1669 = ADVANCED_FACE('',(#1670),#1688,.F.);
#1670 = FACE_BOUND('',#1671,.F.);
#1671 = EDGE_LOOP('',(#1672,#1673,#1680,#1681));
#1672 = ORIENTED_EDGE('',*,*,#1317,.T.);
#1673 = ORIENTED_EDGE('',*,*,#1674,.T.);
#1674 = EDGE_CURVE('',#1320,#1644,#1675,.T.);
#1675 = CIRCLE('',#1676,7.574E-02);
#1676 = AXIS2_PLACEMENT_3D('',#1677,#1678,#1679);
#1677 = CARTESIAN_POINT('',(4.216,8.35569396695,0.365995545733));
#1678 = DIRECTION('',(-1.,-2.22044604925E-16,-6.661338147751E-16));
#1679 = DIRECTION('',(2.22044604925E-16,-1.,-2.22044604925E-16));
#1680 = ORIENTED_EDGE('',*,*,#1651,.F.);
#1681 = ORIENTED_EDGE('',*,*,#1682,.F.);
#1682 = EDGE_CURVE('',#1318,#1652,#1683,.T.);
#1683 = CIRCLE('',#1684,7.574E-02);
#1684 = AXIS2_PLACEMENT_3D('',#1685,#1686,#1687);
#1685 = CARTESIAN_POINT('',(3.81,8.35569396695,0.365995545733));
#1686 = DIRECTION('',(-1.,-2.22044604925E-16,-6.661338147751E-16));
#1687 = DIRECTION('',(2.22044604925E-16,-1.,-2.22044604925E-16));
#1688 = CYLINDRICAL_SURFACE('',#1689,7.574E-02);
#1689 = AXIS2_PLACEMENT_3D('',#1690,#1691,#1692);
#1690 = CARTESIAN_POINT('',(3.81,8.35569396695,0.365995545733));
#1691 = DIRECTION('',(-1.,1.355854680849E-31,-4.440892098501E-16));
#1692 = DIRECTION('',(6.162975822039E-32,-1.,-4.440892098501E-16));
#1693 = ADVANCED_FACE('',(#1694),#1708,.F.);
#1694 = FACE_BOUND('',#1695,.T.);
#1695 = EDGE_LOOP('',(#1696,#1697,#1698,#1699,#1700,#1701,#1702,#1703,
    #1704,#1705,#1706,#1707));
#1696 = ORIENTED_EDGE('',*,*,#1343,.T.);
#1697 = ORIENTED_EDGE('',*,*,#1374,.T.);
#1698 = ORIENTED_EDGE('',*,*,#1405,.T.);
#1699 = ORIENTED_EDGE('',*,*,#1437,.T.);
#1700 = ORIENTED_EDGE('',*,*,#1469,.T.);
#1701 = ORIENTED_EDGE('',*,*,#1501,.F.);
#1702 = ORIENTED_EDGE('',*,*,#1533,.T.);
#1703 = ORIENTED_EDGE('',*,*,#1564,.T.);
#1704 = ORIENTED_EDGE('',*,*,#1595,.T.);
#1705 = ORIENTED_EDGE('',*,*,#1627,.T.);
#1706 = ORIENTED_EDGE('',*,*,#1659,.T.);
#1707 = ORIENTED_EDGE('',*,*,#1682,.F.);
#1708 = PLANE('',#1709);
#1709 = AXIS2_PLACEMENT_3D('',#1710,#1711,#1712);
#1710 = CARTESIAN_POINT('',(3.81,8.151535391952,0.633531379608));
#1711 = DIRECTION('',(1.,-9.860761315263E-32,1.972152263053E-31));
#1712 = DIRECTION('',(6.661338147751E-16,4.440892098501E-16,-1.));
#1713 = ADVANCED_FACE('',(#1714),#1728,.T.);
#1714 = FACE_BOUND('',#1715,.F.);
#1715 = EDGE_LOOP('',(#1716,#1717,#1718,#1719,#1720,#1721,#1722,#1723,
    #1724,#1725,#1726,#1727));
#1716 = ORIENTED_EDGE('',*,*,#1327,.T.);
#1717 = ORIENTED_EDGE('',*,*,#1358,.T.);
#1718 = ORIENTED_EDGE('',*,*,#1389,.T.);
#1719 = ORIENTED_EDGE('',*,*,#1420,.T.);
#1720 = ORIENTED_EDGE('',*,*,#1453,.T.);
#1721 = ORIENTED_EDGE('',*,*,#1493,.F.);
#1722 = ORIENTED_EDGE('',*,*,#1517,.T.);
#1723 = ORIENTED_EDGE('',*,*,#1548,.T.);
#1724 = ORIENTED_EDGE('',*,*,#1579,.T.);
#1725 = ORIENTED_EDGE('',*,*,#1610,.T.);
#1726 = ORIENTED_EDGE('',*,*,#1643,.T.);
#1727 = ORIENTED_EDGE('',*,*,#1674,.F.);
#1728 = PLANE('',#1729);
#1729 = AXIS2_PLACEMENT_3D('',#1730,#1731,#1732);
#1730 = CARTESIAN_POINT('',(4.216,8.151535391952,0.633531379608));
#1731 = DIRECTION('',(1.,-9.860761315263E-32,1.972152263053E-31));
#1732 = DIRECTION('',(6.661338147751E-16,4.440892098501E-16,-1.));
#1733 = MANIFOLD_SOLID_BREP('',#1734);
#1734 = CLOSED_SHELL('',(#1735,#1775,#1806,#1837,#1870,#1901,#1934,#1965
    ,#1996,#2027,#2060,#2091,#2115,#2135));
#1735 = ADVANCED_FACE('',(#1736),#1770,.F.);
#1736 = FACE_BOUND('',#1737,.T.);
#1737 = EDGE_LOOP('',(#1738,#1748,#1756,#1764));
#1738 = ORIENTED_EDGE('',*,*,#1739,.T.);
#1739 = EDGE_CURVE('',#1740,#1742,#1744,.T.);
#1740 = VERTEX_POINT('',#1741);
#1741 = CARTESIAN_POINT('',(5.08,8.350410611629,0.290440044566));
#1742 = VERTEX_POINT('',#1743);
#1743 = CARTESIAN_POINT('',(5.486,8.350410611629,0.290440044566));
#1744 = LINE('',#1745,#1746);
#1745 = CARTESIAN_POINT('',(5.08,8.350410611629,0.290440044566));
#1746 = VECTOR('',#1747,1.);
#1747 = DIRECTION('',(1.,2.22044604925E-16,2.22044604925E-16));
#1748 = ORIENTED_EDGE('',*,*,#1749,.T.);
#1749 = EDGE_CURVE('',#1742,#1750,#1752,.T.);
#1750 = VERTEX_POINT('',#1751);
#1751 = CARTESIAN_POINT('',(5.486,8.92,0.25061047452));
#1752 = LINE('',#1753,#1754);
#1753 = CARTESIAN_POINT('',(5.486,8.350410611629,0.290440044566));
#1754 = VECTOR('',#1755,1.);
#1755 = DIRECTION('',(-1.750365694669E-16,0.99756405026,
    -6.975647374413E-02));
#1756 = ORIENTED_EDGE('',*,*,#1757,.F.);
#1757 = EDGE_CURVE('',#1758,#1750,#1760,.T.);
#1758 = VERTEX_POINT('',#1759);
#1759 = CARTESIAN_POINT('',(5.08,8.92,0.25061047452));
#1760 = LINE('',#1761,#1762);
#1761 = CARTESIAN_POINT('',(5.08,8.92,0.25061047452));
#1762 = VECTOR('',#1763,1.);
#1763 = DIRECTION('',(1.,2.22044604925E-16,2.22044604925E-16));
#1764 = ORIENTED_EDGE('',*,*,#1765,.F.);
#1765 = EDGE_CURVE('',#1740,#1758,#1766,.T.);
#1766 = LINE('',#1767,#1768);
#1767 = CARTESIAN_POINT('',(5.08,8.350410611629,0.290440044566));
#1768 = VECTOR('',#1769,1.);
#1769 = DIRECTION('',(-1.750365694669E-16,0.99756405026,
    -6.975647374413E-02));
#1770 = PLANE('',#1771);
#1771 = AXIS2_PLACEMENT_3D('',#1772,#1773,#1774);
#1772 = CARTESIAN_POINT('',(5.08,8.350410611629,0.290440044566));
#1773 = DIRECTION('',(2.369927640808E-16,-6.975647374412E-02,
    -0.99756405026));
#1774 = DIRECTION('',(-3.097809730696E-17,-0.99756405026,
    6.975647374412E-02));
#1775 = ADVANCED_FACE('',(#1776),#1801,.F.);
#1776 = FACE_BOUND('',#1777,.T.);
#1777 = EDGE_LOOP('',(#1778,#1779,#1787,#1795));
#1778 = ORIENTED_EDGE('',*,*,#1757,.T.);
#1779 = ORIENTED_EDGE('',*,*,#1780,.T.);
#1780 = EDGE_CURVE('',#1750,#1781,#1783,.T.);
#1781 = VERTEX_POINT('',#1782);
#1782 = CARTESIAN_POINT('',(5.486,8.92,6.563638521584E-16));
#1783 = LINE('',#1784,#1785);
#1784 = CARTESIAN_POINT('',(5.486,8.92,0.25061047452));
#1785 = VECTOR('',#1786,1.);
#1786 = DIRECTION('',(6.661338147751E-16,4.440892098501E-16,-1.));
#1787 = ORIENTED_EDGE('',*,*,#1788,.F.);
#1788 = EDGE_CURVE('',#1789,#1781,#1791,.T.);
#1789 = VERTEX_POINT('',#1790);
#1790 = CARTESIAN_POINT('',(5.08,8.92,5.662137425588E-16));
#1791 = LINE('',#1792,#1793);
#1792 = CARTESIAN_POINT('',(5.08,8.92,5.662137425588E-16));
#1793 = VECTOR('',#1794,1.);
#1794 = DIRECTION('',(1.,2.22044604925E-16,2.22044604925E-16));
#1795 = ORIENTED_EDGE('',*,*,#1796,.F.);
#1796 = EDGE_CURVE('',#1758,#1789,#1797,.T.);
#1797 = LINE('',#1798,#1799);
#1798 = CARTESIAN_POINT('',(5.08,8.92,0.25061047452));
#1799 = VECTOR('',#1800,1.);
#1800 = DIRECTION('',(6.661338147751E-16,4.440892098501E-16,-1.));
#1801 = PLANE('',#1802);
#1802 = AXIS2_PLACEMENT_3D('',#1803,#1804,#1805);
#1803 = CARTESIAN_POINT('',(5.08,8.92,0.25061047452));
#1804 = DIRECTION('',(2.22044604925E-16,-1.,-2.22044604925E-16));
#1805 = DIRECTION('',(-4.440892098501E-16,-2.22044604925E-16,1.));
#1806 = ADVANCED_FACE('',(#1807),#1832,.F.);
#1807 = FACE_BOUND('',#1808,.T.);
#1808 = EDGE_LOOP('',(#1809,#1810,#1818,#1826));
#1809 = ORIENTED_EDGE('',*,*,#1788,.T.);
#1810 = ORIENTED_EDGE('',*,*,#1811,.T.);
#1811 = EDGE_CURVE('',#1781,#1812,#1814,.T.);
#1812 = VERTEX_POINT('',#1813);
#1813 = CARTESIAN_POINT('',(5.486,8.127632672711,5.540772108551E-02));
#1814 = LINE('',#1815,#1816);
#1815 = CARTESIAN_POINT('',(5.486,8.92,-1.324274023773E-15));
#1816 = VECTOR('',#1817,1.);
#1817 = DIRECTION('',(1.750365694669E-16,-0.99756405026,
    6.975647374413E-02));
#1818 = ORIENTED_EDGE('',*,*,#1819,.F.);
#1819 = EDGE_CURVE('',#1820,#1812,#1822,.T.);
#1820 = VERTEX_POINT('',#1821);
#1821 = CARTESIAN_POINT('',(5.08,8.127632672711,5.540772108551E-02));
#1822 = LINE('',#1823,#1824);
#1823 = CARTESIAN_POINT('',(5.08,8.127632672711,5.540772108551E-02));
#1824 = VECTOR('',#1825,1.);
#1825 = DIRECTION('',(1.,2.22044604925E-16,2.22044604925E-16));
#1826 = ORIENTED_EDGE('',*,*,#1827,.F.);
#1827 = EDGE_CURVE('',#1789,#1820,#1828,.T.);
#1828 = LINE('',#1829,#1830);
#1829 = CARTESIAN_POINT('',(5.08,8.92,-1.414424133372E-15));
#1830 = VECTOR('',#1831,1.);
#1831 = DIRECTION('',(1.750365694669E-16,-0.99756405026,
    6.975647374413E-02));
#1832 = PLANE('',#1833);
#1833 = AXIS2_PLACEMENT_3D('',#1834,#1835,#1836);
#1834 = CARTESIAN_POINT('',(5.08,8.92,5.662137425588E-16));
#1835 = DIRECTION('',(-2.369927640808E-16,6.975647374412E-02,
    0.99756405026));
#1836 = DIRECTION('',(3.097809730696E-17,0.99756405026,
    -6.975647374412E-02));
#1837 = ADVANCED_FACE('',(#1838),#1865,.T.);
#1838 = FACE_BOUND('',#1839,.T.);
#1839 = EDGE_LOOP('',(#1840,#1841,#1850,#1858));
#1840 = ORIENTED_EDGE('',*,*,#1819,.T.);
#1841 = ORIENTED_EDGE('',*,*,#1842,.T.);
#1842 = EDGE_CURVE('',#1812,#1843,#1845,.T.);
#1843 = VERTEX_POINT('',#1844);
#1844 = CARTESIAN_POINT('',(5.486,8.12,6.115935252015E-02));
#1845 = CIRCLE('',#1846,8.773830972728E-03);
#1846 = AXIS2_PLACEMENT_3D('',#1847,#1848,#1849);
#1847 = CARTESIAN_POINT('',(5.486,8.128244704221,6.416017944695E-02));
#1848 = DIRECTION('',(-1.,-2.22044604925E-16,-6.661338147751E-16));
#1849 = DIRECTION('',(2.22044604925E-16,-1.,-2.22044604925E-16));
#1850 = ORIENTED_EDGE('',*,*,#1851,.F.);
#1851 = EDGE_CURVE('',#1852,#1843,#1854,.T.);
#1852 = VERTEX_POINT('',#1853);
#1853 = CARTESIAN_POINT('',(5.08,8.12,6.115935252015E-02));
#1854 = LINE('',#1855,#1856);
#1855 = CARTESIAN_POINT('',(5.08,8.12,6.115935252015E-02));
#1856 = VECTOR('',#1857,1.);
#1857 = DIRECTION('',(1.,2.22044604925E-16,2.22044604925E-16));
#1858 = ORIENTED_EDGE('',*,*,#1859,.F.);
#1859 = EDGE_CURVE('',#1820,#1852,#1860,.T.);
#1860 = CIRCLE('',#1861,8.773830972728E-03);
#1861 = AXIS2_PLACEMENT_3D('',#1862,#1863,#1864);
#1862 = CARTESIAN_POINT('',(5.08,8.128244704221,6.416017944695E-02));
#1863 = DIRECTION('',(-1.,-2.22044604925E-16,-6.661338147751E-16));
#1864 = DIRECTION('',(2.22044604925E-16,-1.,-2.22044604925E-16));
#1865 = CYLINDRICAL_SURFACE('',#1866,8.773830972728E-03);
#1866 = AXIS2_PLACEMENT_3D('',#1867,#1868,#1869);
#1867 = CARTESIAN_POINT('',(5.08,8.128244704221,6.416017944696E-02));
#1868 = DIRECTION('',(-1.,1.355854680849E-31,-4.440892098501E-16));
#1869 = DIRECTION('',(6.162975822039E-32,-1.,-4.440892098501E-16));
#1870 = ADVANCED_FACE('',(#1871),#1896,.F.);
#1871 = FACE_BOUND('',#1872,.T.);
#1872 = EDGE_LOOP('',(#1873,#1874,#1882,#1890));
#1873 = ORIENTED_EDGE('',*,*,#1851,.T.);
#1874 = ORIENTED_EDGE('',*,*,#1875,.T.);
#1875 = EDGE_CURVE('',#1843,#1876,#1878,.T.);
#1876 = VERTEX_POINT('',#1877);
#1877 = CARTESIAN_POINT('',(5.486,7.733659113,1.122622215766));
#1878 = LINE('',#1879,#1880);
#1879 = CARTESIAN_POINT('',(5.486,8.12,6.115935252015E-02));
#1880 = VECTOR('',#1881,1.);
#1881 = DIRECTION('',(-5.50017302599E-16,-0.342020143326,0.939692620786)
  );
#1882 = ORIENTED_EDGE('',*,*,#1883,.F.);
#1883 = EDGE_CURVE('',#1884,#1876,#1886,.T.);
#1884 = VERTEX_POINT('',#1885);
#1885 = CARTESIAN_POINT('',(5.08,7.733659113,1.122622215766));
#1886 = LINE('',#1887,#1888);
#1887 = CARTESIAN_POINT('',(5.08,7.733659113,1.122622215766));
#1888 = VECTOR('',#1889,1.);
#1889 = DIRECTION('',(1.,2.22044604925E-16,2.22044604925E-16));
#1890 = ORIENTED_EDGE('',*,*,#1891,.F.);
#1891 = EDGE_CURVE('',#1852,#1884,#1892,.T.);
#1892 = LINE('',#1893,#1894);
#1893 = CARTESIAN_POINT('',(5.08,8.12,6.115935252015E-02));
#1894 = VECTOR('',#1895,1.);
#1895 = DIRECTION('',(-5.50017302599E-16,-0.342020143326,0.939692620786)
  );
#1896 = PLANE('',#1897);
#1897 = AXIS2_PLACEMENT_3D('',#1898,#1899,#1900);
#1898 = CARTESIAN_POINT('',(5.08,8.12,6.115935252015E-02));
#1899 = DIRECTION('',(-2.845974043345E-16,0.939692620786,0.342020143326)
  );
#1900 = DIRECTION('',(4.173073534667E-16,0.342020143326,-0.939692620786)
  );
#1901 = ADVANCED_FACE('',(#1902),#1929,.F.);
#1902 = FACE_BOUND('',#1903,.F.);
#1903 = EDGE_LOOP('',(#1904,#1914,#1921,#1922));
#1904 = ORIENTED_EDGE('',*,*,#1905,.T.);
#1905 = EDGE_CURVE('',#1906,#1908,#1910,.T.);
#1906 = VERTEX_POINT('',#1907);
#1907 = CARTESIAN_POINT('',(5.08,7.630292924713,1.195));
#1908 = VERTEX_POINT('',#1909);
#1909 = CARTESIAN_POINT('',(5.486,7.630292924713,1.195));
#1910 = LINE('',#1911,#1912);
#1911 = CARTESIAN_POINT('',(5.08,7.630292924713,1.195));
#1912 = VECTOR('',#1913,1.);
#1913 = DIRECTION('',(1.,2.22044604925E-16,2.22044604925E-16));
#1914 = ORIENTED_EDGE('',*,*,#1915,.T.);
#1915 = EDGE_CURVE('',#1908,#1876,#1916,.T.);
#1916 = CIRCLE('',#1917,0.11);
#1917 = AXIS2_PLACEMENT_3D('',#1918,#1919,#1920);
#1918 = CARTESIAN_POINT('',(5.486,7.630292924713,1.085));
#1919 = DIRECTION('',(-1.,-2.22044604925E-16,-6.661338147751E-16));
#1920 = DIRECTION('',(2.22044604925E-16,-1.,-2.22044604925E-16));
#1921 = ORIENTED_EDGE('',*,*,#1883,.F.);
#1922 = ORIENTED_EDGE('',*,*,#1923,.F.);
#1923 = EDGE_CURVE('',#1906,#1884,#1924,.T.);
#1924 = CIRCLE('',#1925,0.11);
#1925 = AXIS2_PLACEMENT_3D('',#1926,#1927,#1928);
#1926 = CARTESIAN_POINT('',(5.08,7.630292924713,1.085));
#1927 = DIRECTION('',(-1.,-2.22044604925E-16,-6.661338147751E-16));
#1928 = DIRECTION('',(2.22044604925E-16,-1.,-2.22044604925E-16));
#1929 = CYLINDRICAL_SURFACE('',#1930,0.11);
#1930 = AXIS2_PLACEMENT_3D('',#1931,#1932,#1933);
#1931 = CARTESIAN_POINT('',(5.08,7.630292924713,1.085));
#1932 = DIRECTION('',(-1.,1.355854680849E-31,-4.440892098501E-16));
#1933 = DIRECTION('',(6.162975822039E-32,-1.,-4.440892098501E-16));
#1934 = ADVANCED_FACE('',(#1935),#1960,.F.);
#1935 = FACE_BOUND('',#1936,.T.);
#1936 = EDGE_LOOP('',(#1937,#1938,#1946,#1954));
#1937 = ORIENTED_EDGE('',*,*,#1905,.T.);
#1938 = ORIENTED_EDGE('',*,*,#1939,.T.);
#1939 = EDGE_CURVE('',#1908,#1940,#1942,.T.);
#1940 = VERTEX_POINT('',#1941);
#1941 = CARTESIAN_POINT('',(5.486,7.52,1.195));
#1942 = LINE('',#1943,#1944);
#1943 = CARTESIAN_POINT('',(5.486,7.630292924713,1.195));
#1944 = VECTOR('',#1945,1.);
#1945 = DIRECTION('',(2.22044604925E-16,-1.,-2.22044604925E-16));
#1946 = ORIENTED_EDGE('',*,*,#1947,.F.);
#1947 = EDGE_CURVE('',#1948,#1940,#1950,.T.);
#1948 = VERTEX_POINT('',#1949);
#1949 = CARTESIAN_POINT('',(5.08,7.52,1.195));
#1950 = LINE('',#1951,#1952);
#1951 = CARTESIAN_POINT('',(5.08,7.52,1.195));
#1952 = VECTOR('',#1953,1.);
#1953 = DIRECTION('',(1.,2.22044604925E-16,2.22044604925E-16));
#1954 = ORIENTED_EDGE('',*,*,#1955,.F.);
#1955 = EDGE_CURVE('',#1906,#1948,#1956,.T.);
#1956 = LINE('',#1957,#1958);
#1957 = CARTESIAN_POINT('',(5.08,7.630292924713,1.195));
#1958 = VECTOR('',#1959,1.);
#1959 = DIRECTION('',(2.22044604925E-16,-1.,-2.22044604925E-16));
#1960 = PLANE('',#1961);
#1961 = AXIS2_PLACEMENT_3D('',#1962,#1963,#1964);
#1962 = CARTESIAN_POINT('',(5.08,7.630292924713,1.195));
#1963 = DIRECTION('',(-2.22044604925E-16,-4.440892098501E-16,1.));
#1964 = DIRECTION('',(-6.162975822039E-32,1.,4.440892098501E-16));
#1965 = ADVANCED_FACE('',(#1966),#1991,.F.);
#1966 = FACE_BOUND('',#1967,.T.);
#1967 = EDGE_LOOP('',(#1968,#1969,#1977,#1985));
#1968 = ORIENTED_EDGE('',*,*,#1947,.T.);
#1969 = ORIENTED_EDGE('',*,*,#1970,.T.);
#1970 = EDGE_CURVE('',#1940,#1971,#1973,.T.);
#1971 = VERTEX_POINT('',#1972);
#1972 = CARTESIAN_POINT('',(5.486,7.52,1.445));
#1973 = LINE('',#1974,#1975);
#1974 = CARTESIAN_POINT('',(5.486,7.52,1.195));
#1975 = VECTOR('',#1976,1.);
#1976 = DIRECTION('',(-6.661338147751E-16,-4.227038532122E-16,1.));
#1977 = ORIENTED_EDGE('',*,*,#1978,.F.);
#1978 = EDGE_CURVE('',#1979,#1971,#1981,.T.);
#1979 = VERTEX_POINT('',#1980);
#1980 = CARTESIAN_POINT('',(5.08,7.52,1.445));
#1981 = LINE('',#1982,#1983);
#1982 = CARTESIAN_POINT('',(5.08,7.52,1.445));
#1983 = VECTOR('',#1984,1.);
#1984 = DIRECTION('',(1.,2.22044604925E-16,2.22044604925E-16));
#1985 = ORIENTED_EDGE('',*,*,#1986,.F.);
#1986 = EDGE_CURVE('',#1948,#1979,#1987,.T.);
#1987 = LINE('',#1988,#1989);
#1988 = CARTESIAN_POINT('',(5.08,7.52,1.195));
#1989 = VECTOR('',#1990,1.);
#1990 = DIRECTION('',(-6.661338147751E-16,-4.227038532122E-16,1.));
#1991 = PLANE('',#1992);
#1992 = AXIS2_PLACEMENT_3D('',#1993,#1994,#1995);
#1993 = CARTESIAN_POINT('',(5.08,7.52,1.195));
#1994 = DIRECTION('',(-2.22044604925E-16,1.,2.006592482872E-16));
#1995 = DIRECTION('',(4.440892098501E-16,2.006592482872E-16,-1.));
#1996 = ADVANCED_FACE('',(#1997),#2022,.F.);
#1997 = FACE_BOUND('',#1998,.T.);
#1998 = EDGE_LOOP('',(#1999,#2000,#2008,#2016));
#1999 = ORIENTED_EDGE('',*,*,#1978,.T.);
#2000 = ORIENTED_EDGE('',*,*,#2001,.T.);
#2001 = EDGE_CURVE('',#1971,#2002,#2004,.T.);
#2002 = VERTEX_POINT('',#2003);
#2003 = CARTESIAN_POINT('',(5.486,7.85169154622,1.445));
#2004 = LINE('',#2005,#2006);
#2005 = CARTESIAN_POINT('',(5.486,7.52,1.445));
#2006 = VECTOR('',#2007,1.);
#2007 = DIRECTION('',(-2.22044604925E-16,1.,2.22044604925E-16));
#2008 = ORIENTED_EDGE('',*,*,#2009,.F.);
#2009 = EDGE_CURVE('',#2010,#2002,#2012,.T.);
#2010 = VERTEX_POINT('',#2011);
#2011 = CARTESIAN_POINT('',(5.08,7.85169154622,1.445));
#2012 = LINE('',#2013,#2014);
#2013 = CARTESIAN_POINT('',(5.08,7.85169154622,1.445));
#2014 = VECTOR('',#2015,1.);
#2015 = DIRECTION('',(1.,2.22044604925E-16,2.22044604925E-16));
#2016 = ORIENTED_EDGE('',*,*,#2017,.F.);
#2017 = EDGE_CURVE('',#1979,#2010,#2018,.T.);
#2018 = LINE('',#2019,#2020);
#2019 = CARTESIAN_POINT('',(5.08,7.52,1.445));
#2020 = VECTOR('',#2021,1.);
#2021 = DIRECTION('',(-2.22044604925E-16,1.,2.22044604925E-16));
#2022 = PLANE('',#2023);
#2023 = AXIS2_PLACEMENT_3D('',#2024,#2025,#2026);
#2024 = CARTESIAN_POINT('',(5.08,7.52,1.445));
#2025 = DIRECTION('',(2.22044604925E-16,4.440892098501E-16,-1.));
#2026 = DIRECTION('',(6.162975822039E-32,-1.,-4.440892098501E-16));
#2027 = ADVANCED_FACE('',(#2028),#2055,.T.);
#2028 = FACE_BOUND('',#2029,.T.);
#2029 = EDGE_LOOP('',(#2030,#2031,#2040,#2048));
#2030 = ORIENTED_EDGE('',*,*,#2009,.T.);
#2031 = ORIENTED_EDGE('',*,*,#2032,.T.);
#2032 = EDGE_CURVE('',#2002,#2033,#2035,.T.);
#2033 = VERTEX_POINT('',#2034);
#2034 = CARTESIAN_POINT('',(5.486,7.892859479936,1.416173902479));
#2035 = CIRCLE('',#2036,4.381E-02);
#2036 = AXIS2_PLACEMENT_3D('',#2037,#2038,#2039);
#2037 = CARTESIAN_POINT('',(5.486,7.85169154622,1.40119));
#2038 = DIRECTION('',(-1.,-2.22044604925E-16,-6.661338147751E-16));
#2039 = DIRECTION('',(2.22044604925E-16,-1.,-2.22044604925E-16));
#2040 = ORIENTED_EDGE('',*,*,#2041,.F.);
#2041 = EDGE_CURVE('',#2042,#2033,#2044,.T.);
#2042 = VERTEX_POINT('',#2043);
#2043 = CARTESIAN_POINT('',(5.08,7.892859479936,1.416173902479));
#2044 = LINE('',#2045,#2046);
#2045 = CARTESIAN_POINT('',(5.08,7.892859479936,1.416173902479));
#2046 = VECTOR('',#2047,1.);
#2047 = DIRECTION('',(1.,2.22044604925E-16,2.22044604925E-16));
#2048 = ORIENTED_EDGE('',*,*,#2049,.F.);
#2049 = EDGE_CURVE('',#2010,#2042,#2050,.T.);
#2050 = CIRCLE('',#2051,4.381E-02);
#2051 = AXIS2_PLACEMENT_3D('',#2052,#2053,#2054);
#2052 = CARTESIAN_POINT('',(5.08,7.85169154622,1.40119));
#2053 = DIRECTION('',(-1.,-2.22044604925E-16,-6.661338147751E-16));
#2054 = DIRECTION('',(2.22044604925E-16,-1.,-2.22044604925E-16));
#2055 = CYLINDRICAL_SURFACE('',#2056,4.381E-02);
#2056 = AXIS2_PLACEMENT_3D('',#2057,#2058,#2059);
#2057 = CARTESIAN_POINT('',(5.08,7.85169154622,1.40119));
#2058 = DIRECTION('',(-1.,1.355854680849E-31,-4.440892098501E-16));
#2059 = DIRECTION('',(6.162975822039E-32,-1.,-4.440892098501E-16));
#2060 = ADVANCED_FACE('',(#2061),#2086,.F.);
#2061 = FACE_BOUND('',#2062,.T.);
#2062 = EDGE_LOOP('',(#2063,#2064,#2072,#2080));
#2063 = ORIENTED_EDGE('',*,*,#2041,.T.);
#2064 = ORIENTED_EDGE('',*,*,#2065,.T.);
#2065 = EDGE_CURVE('',#2033,#2066,#2068,.T.);
#2066 = VERTEX_POINT('',#2067);
#2067 = CARTESIAN_POINT('',(5.486,8.284521647852,0.340090940077));
#2068 = LINE('',#2069,#2070);
#2069 = CARTESIAN_POINT('',(5.486,7.892859479936,1.416173902479));
#2070 = VECTOR('',#2071,1.);
#2071 = DIRECTION('',(5.50017302599E-16,0.342020143326,-0.939692620786)
  );
#2072 = ORIENTED_EDGE('',*,*,#2073,.F.);
#2073 = EDGE_CURVE('',#2074,#2066,#2076,.T.);
#2074 = VERTEX_POINT('',#2075);
#2075 = CARTESIAN_POINT('',(5.08,8.284521647852,0.340090940077));
#2076 = LINE('',#2077,#2078);
#2077 = CARTESIAN_POINT('',(5.08,8.284521647852,0.340090940077));
#2078 = VECTOR('',#2079,1.);
#2079 = DIRECTION('',(1.,2.22044604925E-16,2.22044604925E-16));
#2080 = ORIENTED_EDGE('',*,*,#2081,.F.);
#2081 = EDGE_CURVE('',#2042,#2074,#2082,.T.);
#2082 = LINE('',#2083,#2084);
#2083 = CARTESIAN_POINT('',(5.08,7.892859479936,1.416173902479));
#2084 = VECTOR('',#2085,1.);
#2085 = DIRECTION('',(5.50017302599E-16,0.342020143326,-0.939692620786)
  );
#2086 = PLANE('',#2087);
#2087 = AXIS2_PLACEMENT_3D('',#2088,#2089,#2090);
#2088 = CARTESIAN_POINT('',(5.08,7.892859479936,1.416173902479));
#2089 = DIRECTION('',(2.845974043345E-16,-0.939692620786,-0.342020143326
    ));
#2090 = DIRECTION('',(-4.173073534667E-16,-0.342020143326,0.939692620786
    ));
#2091 = ADVANCED_FACE('',(#2092),#2110,.F.);
#2092 = FACE_BOUND('',#2093,.F.);
#2093 = EDGE_LOOP('',(#2094,#2095,#2102,#2103));
#2094 = ORIENTED_EDGE('',*,*,#1739,.T.);
#2095 = ORIENTED_EDGE('',*,*,#2096,.T.);
#2096 = EDGE_CURVE('',#1742,#2066,#2097,.T.);
#2097 = CIRCLE('',#2098,7.574E-02);
#2098 = AXIS2_PLACEMENT_3D('',#2099,#2100,#2101);
#2099 = CARTESIAN_POINT('',(5.486,8.35569396695,0.365995545733));
#2100 = DIRECTION('',(-1.,-2.22044604925E-16,-6.661338147751E-16));
#2101 = DIRECTION('',(2.22044604925E-16,-1.,-2.22044604925E-16));
#2102 = ORIENTED_EDGE('',*,*,#2073,.F.);
#2103 = ORIENTED_EDGE('',*,*,#2104,.F.);
#2104 = EDGE_CURVE('',#1740,#2074,#2105,.T.);
#2105 = CIRCLE('',#2106,7.574E-02);
#2106 = AXIS2_PLACEMENT_3D('',#2107,#2108,#2109);
#2107 = CARTESIAN_POINT('',(5.08,8.35569396695,0.365995545733));
#2108 = DIRECTION('',(-1.,-2.22044604925E-16,-6.661338147751E-16));
#2109 = DIRECTION('',(2.22044604925E-16,-1.,-2.22044604925E-16));
#2110 = CYLINDRICAL_SURFACE('',#2111,7.574E-02);
#2111 = AXIS2_PLACEMENT_3D('',#2112,#2113,#2114);
#2112 = CARTESIAN_POINT('',(5.08,8.35569396695,0.365995545733));
#2113 = DIRECTION('',(-1.,1.355854680849E-31,-4.440892098501E-16));
#2114 = DIRECTION('',(6.162975822039E-32,-1.,-4.440892098501E-16));
#2115 = ADVANCED_FACE('',(#2116),#2130,.F.);
#2116 = FACE_BOUND('',#2117,.T.);
#2117 = EDGE_LOOP('',(#2118,#2119,#2120,#2121,#2122,#2123,#2124,#2125,
    #2126,#2127,#2128,#2129));
#2118 = ORIENTED_EDGE('',*,*,#1765,.T.);
#2119 = ORIENTED_EDGE('',*,*,#1796,.T.);
#2120 = ORIENTED_EDGE('',*,*,#1827,.T.);
#2121 = ORIENTED_EDGE('',*,*,#1859,.T.);
#2122 = ORIENTED_EDGE('',*,*,#1891,.T.);
#2123 = ORIENTED_EDGE('',*,*,#1923,.F.);
#2124 = ORIENTED_EDGE('',*,*,#1955,.T.);
#2125 = ORIENTED_EDGE('',*,*,#1986,.T.);
#2126 = ORIENTED_EDGE('',*,*,#2017,.T.);
#2127 = ORIENTED_EDGE('',*,*,#2049,.T.);
#2128 = ORIENTED_EDGE('',*,*,#2081,.T.);
#2129 = ORIENTED_EDGE('',*,*,#2104,.F.);
#2130 = PLANE('',#2131);
#2131 = AXIS2_PLACEMENT_3D('',#2132,#2133,#2134);
#2132 = CARTESIAN_POINT('',(5.08,8.151535391952,0.633531379608));
#2133 = DIRECTION('',(1.,-9.860761315263E-32,1.972152263053E-31));
#2134 = DIRECTION('',(6.661338147751E-16,4.440892098501E-16,-1.));
#2135 = ADVANCED_FACE('',(#2136),#2150,.T.);
#2136 = FACE_BOUND('',#2137,.F.);
#2137 = EDGE_LOOP('',(#2138,#2139,#2140,#2141,#2142,#2143,#2144,#2145,
    #2146,#2147,#2148,#2149));
#2138 = ORIENTED_EDGE('',*,*,#1749,.T.);
#2139 = ORIENTED_EDGE('',*,*,#1780,.T.);
#2140 = ORIENTED_EDGE('',*,*,#1811,.T.);
#2141 = ORIENTED_EDGE('',*,*,#1842,.T.);
#2142 = ORIENTED_EDGE('',*,*,#1875,.T.);
#2143 = ORIENTED_EDGE('',*,*,#1915,.F.);
#2144 = ORIENTED_EDGE('',*,*,#1939,.T.);
#2145 = ORIENTED_EDGE('',*,*,#1970,.T.);
#2146 = ORIENTED_EDGE('',*,*,#2001,.T.);
#2147 = ORIENTED_EDGE('',*,*,#2032,.T.);
#2148 = ORIENTED_EDGE('',*,*,#2065,.T.);
#2149 = ORIENTED_EDGE('',*,*,#2096,.F.);
#2150 = PLANE('',#2151);
#2151 = AXIS2_PLACEMENT_3D('',#2152,#2153,#2154);
#2152 = CARTESIAN_POINT('',(5.486,8.151535391952,0.633531379608));
#2153 = DIRECTION('',(1.,-9.860761315263E-32,1.972152263053E-31));
#2154 = DIRECTION('',(6.661338147751E-16,4.440892098501E-16,-1.));
#2155 = MANIFOLD_SOLID_BREP('',#2156);
#2156 = CLOSED_SHELL('',(#2157,#2197,#2228,#2259,#2292,#2323,#2356,#2387
    ,#2418,#2449,#2482,#2513,#2537,#2557));
#2157 = ADVANCED_FACE('',(#2158),#2192,.F.);
#2158 = FACE_BOUND('',#2159,.T.);
#2159 = EDGE_LOOP('',(#2160,#2170,#2178,#2186));
#2160 = ORIENTED_EDGE('',*,*,#2161,.T.);
#2161 = EDGE_CURVE('',#2162,#2164,#2166,.T.);
#2162 = VERTEX_POINT('',#2163);
#2163 = CARTESIAN_POINT('',(6.35,8.350410611629,0.290440044566));
#2164 = VERTEX_POINT('',#2165);
#2165 = CARTESIAN_POINT('',(6.756,8.350410611629,0.290440044566));
#2166 = LINE('',#2167,#2168);
#2167 = CARTESIAN_POINT('',(6.35,8.350410611629,0.290440044566));
#2168 = VECTOR('',#2169,1.);
#2169 = DIRECTION('',(1.,2.22044604925E-16,2.22044604925E-16));
#2170 = ORIENTED_EDGE('',*,*,#2171,.T.);
#2171 = EDGE_CURVE('',#2164,#2172,#2174,.T.);
#2172 = VERTEX_POINT('',#2173);
#2173 = CARTESIAN_POINT('',(6.756,8.92,0.25061047452));
#2174 = LINE('',#2175,#2176);
#2175 = CARTESIAN_POINT('',(6.756,8.350410611629,0.290440044566));
#2176 = VECTOR('',#2177,1.);
#2177 = DIRECTION('',(-1.750365694669E-16,0.99756405026,
    -6.975647374413E-02));
#2178 = ORIENTED_EDGE('',*,*,#2179,.F.);
#2179 = EDGE_CURVE('',#2180,#2172,#2182,.T.);
#2180 = VERTEX_POINT('',#2181);
#2181 = CARTESIAN_POINT('',(6.35,8.92,0.25061047452));
#2182 = LINE('',#2183,#2184);
#2183 = CARTESIAN_POINT('',(6.35,8.92,0.25061047452));
#2184 = VECTOR('',#2185,1.);
#2185 = DIRECTION('',(1.,2.22044604925E-16,2.22044604925E-16));
#2186 = ORIENTED_EDGE('',*,*,#2187,.F.);
#2187 = EDGE_CURVE('',#2162,#2180,#2188,.T.);
#2188 = LINE('',#2189,#2190);
#2189 = CARTESIAN_POINT('',(6.35,8.350410611629,0.290440044566));
#2190 = VECTOR('',#2191,1.);
#2191 = DIRECTION('',(-1.750365694669E-16,0.99756405026,
    -6.975647374413E-02));
#2192 = PLANE('',#2193);
#2193 = AXIS2_PLACEMENT_3D('',#2194,#2195,#2196);
#2194 = CARTESIAN_POINT('',(6.35,8.350410611629,0.290440044566));
#2195 = DIRECTION('',(2.369927640808E-16,-6.975647374412E-02,
    -0.99756405026));
#2196 = DIRECTION('',(-3.097809730696E-17,-0.99756405026,
    6.975647374412E-02));
#2197 = ADVANCED_FACE('',(#2198),#2223,.F.);
#2198 = FACE_BOUND('',#2199,.T.);
#2199 = EDGE_LOOP('',(#2200,#2201,#2209,#2217));
#2200 = ORIENTED_EDGE('',*,*,#2179,.T.);
#2201 = ORIENTED_EDGE('',*,*,#2202,.T.);
#2202 = EDGE_CURVE('',#2172,#2203,#2205,.T.);
#2203 = VERTEX_POINT('',#2204);
#2204 = CARTESIAN_POINT('',(6.756,8.92,6.563638521584E-16));
#2205 = LINE('',#2206,#2207);
#2206 = CARTESIAN_POINT('',(6.756,8.92,0.25061047452));
#2207 = VECTOR('',#2208,1.);
#2208 = DIRECTION('',(6.661338147751E-16,4.440892098501E-16,-1.));
#2209 = ORIENTED_EDGE('',*,*,#2210,.F.);
#2210 = EDGE_CURVE('',#2211,#2203,#2213,.T.);
#2211 = VERTEX_POINT('',#2212);
#2212 = CARTESIAN_POINT('',(6.35,8.92,5.662137425588E-16));
#2213 = LINE('',#2214,#2215);
#2214 = CARTESIAN_POINT('',(6.35,8.92,5.662137425588E-16));
#2215 = VECTOR('',#2216,1.);
#2216 = DIRECTION('',(1.,2.22044604925E-16,2.22044604925E-16));
#2217 = ORIENTED_EDGE('',*,*,#2218,.F.);
#2218 = EDGE_CURVE('',#2180,#2211,#2219,.T.);
#2219 = LINE('',#2220,#2221);
#2220 = CARTESIAN_POINT('',(6.35,8.92,0.25061047452));
#2221 = VECTOR('',#2222,1.);
#2222 = DIRECTION('',(6.661338147751E-16,4.440892098501E-16,-1.));
#2223 = PLANE('',#2224);
#2224 = AXIS2_PLACEMENT_3D('',#2225,#2226,#2227);
#2225 = CARTESIAN_POINT('',(6.35,8.92,0.25061047452));
#2226 = DIRECTION('',(2.22044604925E-16,-1.,-2.22044604925E-16));
#2227 = DIRECTION('',(-4.440892098501E-16,-2.22044604925E-16,1.));
#2228 = ADVANCED_FACE('',(#2229),#2254,.F.);
#2229 = FACE_BOUND('',#2230,.T.);
#2230 = EDGE_LOOP('',(#2231,#2232,#2240,#2248));
#2231 = ORIENTED_EDGE('',*,*,#2210,.T.);
#2232 = ORIENTED_EDGE('',*,*,#2233,.T.);
#2233 = EDGE_CURVE('',#2203,#2234,#2236,.T.);
#2234 = VERTEX_POINT('',#2235);
#2235 = CARTESIAN_POINT('',(6.756,8.127632672711,5.540772108551E-02));
#2236 = LINE('',#2237,#2238);
#2237 = CARTESIAN_POINT('',(6.756,8.92,-1.324274023773E-15));
#2238 = VECTOR('',#2239,1.);
#2239 = DIRECTION('',(1.750365694669E-16,-0.99756405026,
    6.975647374413E-02));
#2240 = ORIENTED_EDGE('',*,*,#2241,.F.);
#2241 = EDGE_CURVE('',#2242,#2234,#2244,.T.);
#2242 = VERTEX_POINT('',#2243);
#2243 = CARTESIAN_POINT('',(6.35,8.127632672711,5.540772108551E-02));
#2244 = LINE('',#2245,#2246);
#2245 = CARTESIAN_POINT('',(6.35,8.127632672711,5.540772108551E-02));
#2246 = VECTOR('',#2247,1.);
#2247 = DIRECTION('',(1.,2.22044604925E-16,2.22044604925E-16));
#2248 = ORIENTED_EDGE('',*,*,#2249,.F.);
#2249 = EDGE_CURVE('',#2211,#2242,#2250,.T.);
#2250 = LINE('',#2251,#2252);
#2251 = CARTESIAN_POINT('',(6.35,8.92,-1.414424133372E-15));
#2252 = VECTOR('',#2253,1.);
#2253 = DIRECTION('',(1.750365694669E-16,-0.99756405026,
    6.975647374413E-02));
#2254 = PLANE('',#2255);
#2255 = AXIS2_PLACEMENT_3D('',#2256,#2257,#2258);
#2256 = CARTESIAN_POINT('',(6.35,8.92,5.662137425588E-16));
#2257 = DIRECTION('',(-2.369927640808E-16,6.975647374412E-02,
    0.99756405026));
#2258 = DIRECTION('',(3.097809730696E-17,0.99756405026,
    -6.975647374412E-02));
#2259 = ADVANCED_FACE('',(#2260),#2287,.T.);
#2260 = FACE_BOUND('',#2261,.T.);
#2261 = EDGE_LOOP('',(#2262,#2263,#2272,#2280));
#2262 = ORIENTED_EDGE('',*,*,#2241,.T.);
#2263 = ORIENTED_EDGE('',*,*,#2264,.T.);
#2264 = EDGE_CURVE('',#2234,#2265,#2267,.T.);
#2265 = VERTEX_POINT('',#2266);
#2266 = CARTESIAN_POINT('',(6.756,8.12,6.115935252015E-02));
#2267 = CIRCLE('',#2268,8.773830972728E-03);
#2268 = AXIS2_PLACEMENT_3D('',#2269,#2270,#2271);
#2269 = CARTESIAN_POINT('',(6.756,8.128244704221,6.416017944695E-02));
#2270 = DIRECTION('',(-1.,-2.22044604925E-16,-6.661338147751E-16));
#2271 = DIRECTION('',(2.22044604925E-16,-1.,-2.22044604925E-16));
#2272 = ORIENTED_EDGE('',*,*,#2273,.F.);
#2273 = EDGE_CURVE('',#2274,#2265,#2276,.T.);
#2274 = VERTEX_POINT('',#2275);
#2275 = CARTESIAN_POINT('',(6.35,8.12,6.115935252015E-02));
#2276 = LINE('',#2277,#2278);
#2277 = CARTESIAN_POINT('',(6.35,8.12,6.115935252015E-02));
#2278 = VECTOR('',#2279,1.);
#2279 = DIRECTION('',(1.,2.22044604925E-16,2.22044604925E-16));
#2280 = ORIENTED_EDGE('',*,*,#2281,.F.);
#2281 = EDGE_CURVE('',#2242,#2274,#2282,.T.);
#2282 = CIRCLE('',#2283,8.773830972728E-03);
#2283 = AXIS2_PLACEMENT_3D('',#2284,#2285,#2286);
#2284 = CARTESIAN_POINT('',(6.35,8.128244704221,6.416017944695E-02));
#2285 = DIRECTION('',(-1.,-2.22044604925E-16,-6.661338147751E-16));
#2286 = DIRECTION('',(2.22044604925E-16,-1.,-2.22044604925E-16));
#2287 = CYLINDRICAL_SURFACE('',#2288,8.773830972728E-03);
#2288 = AXIS2_PLACEMENT_3D('',#2289,#2290,#2291);
#2289 = CARTESIAN_POINT('',(6.35,8.128244704221,6.416017944696E-02));
#2290 = DIRECTION('',(-1.,1.355854680849E-31,-4.440892098501E-16));
#2291 = DIRECTION('',(6.162975822039E-32,-1.,-4.440892098501E-16));
#2292 = ADVANCED_FACE('',(#2293),#2318,.F.);
#2293 = FACE_BOUND('',#2294,.T.);
#2294 = EDGE_LOOP('',(#2295,#2296,#2304,#2312));
#2295 = ORIENTED_EDGE('',*,*,#2273,.T.);
#2296 = ORIENTED_EDGE('',*,*,#2297,.T.);
#2297 = EDGE_CURVE('',#2265,#2298,#2300,.T.);
#2298 = VERTEX_POINT('',#2299);
#2299 = CARTESIAN_POINT('',(6.756,7.733659113,1.122622215766));
#2300 = LINE('',#2301,#2302);
#2301 = CARTESIAN_POINT('',(6.756,8.12,6.115935252015E-02));
#2302 = VECTOR('',#2303,1.);
#2303 = DIRECTION('',(-5.50017302599E-16,-0.342020143326,0.939692620786)
  );
#2304 = ORIENTED_EDGE('',*,*,#2305,.F.);
#2305 = EDGE_CURVE('',#2306,#2298,#2308,.T.);
#2306 = VERTEX_POINT('',#2307);
#2307 = CARTESIAN_POINT('',(6.35,7.733659113,1.122622215766));
#2308 = LINE('',#2309,#2310);
#2309 = CARTESIAN_POINT('',(6.35,7.733659113,1.122622215766));
#2310 = VECTOR('',#2311,1.);
#2311 = DIRECTION('',(1.,2.22044604925E-16,2.22044604925E-16));
#2312 = ORIENTED_EDGE('',*,*,#2313,.F.);
#2313 = EDGE_CURVE('',#2274,#2306,#2314,.T.);
#2314 = LINE('',#2315,#2316);
#2315 = CARTESIAN_POINT('',(6.35,8.12,6.115935252015E-02));
#2316 = VECTOR('',#2317,1.);
#2317 = DIRECTION('',(-5.50017302599E-16,-0.342020143326,0.939692620786)
  );
#2318 = PLANE('',#2319);
#2319 = AXIS2_PLACEMENT_3D('',#2320,#2321,#2322);
#2320 = CARTESIAN_POINT('',(6.35,8.12,6.115935252015E-02));
#2321 = DIRECTION('',(-2.845974043345E-16,0.939692620786,0.342020143326)
  );
#2322 = DIRECTION('',(4.173073534667E-16,0.342020143326,-0.939692620786)
  );
#2323 = ADVANCED_FACE('',(#2324),#2351,.F.);
#2324 = FACE_BOUND('',#2325,.F.);
#2325 = EDGE_LOOP('',(#2326,#2336,#2343,#2344));
#2326 = ORIENTED_EDGE('',*,*,#2327,.T.);
#2327 = EDGE_CURVE('',#2328,#2330,#2332,.T.);
#2328 = VERTEX_POINT('',#2329);
#2329 = CARTESIAN_POINT('',(6.35,7.630292924713,1.195));
#2330 = VERTEX_POINT('',#2331);
#2331 = CARTESIAN_POINT('',(6.756,7.630292924713,1.195));
#2332 = LINE('',#2333,#2334);
#2333 = CARTESIAN_POINT('',(6.35,7.630292924713,1.195));
#2334 = VECTOR('',#2335,1.);
#2335 = DIRECTION('',(1.,2.22044604925E-16,2.22044604925E-16));
#2336 = ORIENTED_EDGE('',*,*,#2337,.T.);
#2337 = EDGE_CURVE('',#2330,#2298,#2338,.T.);
#2338 = CIRCLE('',#2339,0.11);
#2339 = AXIS2_PLACEMENT_3D('',#2340,#2341,#2342);
#2340 = CARTESIAN_POINT('',(6.756,7.630292924713,1.085));
#2341 = DIRECTION('',(-1.,-2.22044604925E-16,-6.661338147751E-16));
#2342 = DIRECTION('',(2.22044604925E-16,-1.,-2.22044604925E-16));
#2343 = ORIENTED_EDGE('',*,*,#2305,.F.);
#2344 = ORIENTED_EDGE('',*,*,#2345,.F.);
#2345 = EDGE_CURVE('',#2328,#2306,#2346,.T.);
#2346 = CIRCLE('',#2347,0.11);
#2347 = AXIS2_PLACEMENT_3D('',#2348,#2349,#2350);
#2348 = CARTESIAN_POINT('',(6.35,7.630292924713,1.085));
#2349 = DIRECTION('',(-1.,-2.22044604925E-16,-6.661338147751E-16));
#2350 = DIRECTION('',(2.22044604925E-16,-1.,-2.22044604925E-16));
#2351 = CYLINDRICAL_SURFACE('',#2352,0.11);
#2352 = AXIS2_PLACEMENT_3D('',#2353,#2354,#2355);
#2353 = CARTESIAN_POINT('',(6.35,7.630292924713,1.085));
#2354 = DIRECTION('',(-1.,1.355854680849E-31,-4.440892098501E-16));
#2355 = DIRECTION('',(6.162975822039E-32,-1.,-4.440892098501E-16));
#2356 = ADVANCED_FACE('',(#2357),#2382,.F.);
#2357 = FACE_BOUND('',#2358,.T.);
#2358 = EDGE_LOOP('',(#2359,#2360,#2368,#2376));
#2359 = ORIENTED_EDGE('',*,*,#2327,.T.);
#2360 = ORIENTED_EDGE('',*,*,#2361,.T.);
#2361 = EDGE_CURVE('',#2330,#2362,#2364,.T.);
#2362 = VERTEX_POINT('',#2363);
#2363 = CARTESIAN_POINT('',(6.756,7.52,1.195));
#2364 = LINE('',#2365,#2366);
#2365 = CARTESIAN_POINT('',(6.756,7.630292924713,1.195));
#2366 = VECTOR('',#2367,1.);
#2367 = DIRECTION('',(2.22044604925E-16,-1.,-2.22044604925E-16));
#2368 = ORIENTED_EDGE('',*,*,#2369,.F.);
#2369 = EDGE_CURVE('',#2370,#2362,#2372,.T.);
#2370 = VERTEX_POINT('',#2371);
#2371 = CARTESIAN_POINT('',(6.35,7.52,1.195));
#2372 = LINE('',#2373,#2374);
#2373 = CARTESIAN_POINT('',(6.35,7.52,1.195));
#2374 = VECTOR('',#2375,1.);
#2375 = DIRECTION('',(1.,2.22044604925E-16,2.22044604925E-16));
#2376 = ORIENTED_EDGE('',*,*,#2377,.F.);
#2377 = EDGE_CURVE('',#2328,#2370,#2378,.T.);
#2378 = LINE('',#2379,#2380);
#2379 = CARTESIAN_POINT('',(6.35,7.630292924713,1.195));
#2380 = VECTOR('',#2381,1.);
#2381 = DIRECTION('',(2.22044604925E-16,-1.,-2.22044604925E-16));
#2382 = PLANE('',#2383);
#2383 = AXIS2_PLACEMENT_3D('',#2384,#2385,#2386);
#2384 = CARTESIAN_POINT('',(6.35,7.630292924713,1.195));
#2385 = DIRECTION('',(-2.22044604925E-16,-4.440892098501E-16,1.));
#2386 = DIRECTION('',(-6.162975822039E-32,1.,4.440892098501E-16));
#2387 = ADVANCED_FACE('',(#2388),#2413,.F.);
#2388 = FACE_BOUND('',#2389,.T.);
#2389 = EDGE_LOOP('',(#2390,#2391,#2399,#2407));
#2390 = ORIENTED_EDGE('',*,*,#2369,.T.);
#2391 = ORIENTED_EDGE('',*,*,#2392,.T.);
#2392 = EDGE_CURVE('',#2362,#2393,#2395,.T.);
#2393 = VERTEX_POINT('',#2394);
#2394 = CARTESIAN_POINT('',(6.756,7.52,1.445));
#2395 = LINE('',#2396,#2397);
#2396 = CARTESIAN_POINT('',(6.756,7.52,1.195));
#2397 = VECTOR('',#2398,1.);
#2398 = DIRECTION('',(-6.661338147751E-16,-4.227038532122E-16,1.));
#2399 = ORIENTED_EDGE('',*,*,#2400,.F.);
#2400 = EDGE_CURVE('',#2401,#2393,#2403,.T.);
#2401 = VERTEX_POINT('',#2402);
#2402 = CARTESIAN_POINT('',(6.35,7.52,1.445));
#2403 = LINE('',#2404,#2405);
#2404 = CARTESIAN_POINT('',(6.35,7.52,1.445));
#2405 = VECTOR('',#2406,1.);
#2406 = DIRECTION('',(1.,2.22044604925E-16,2.22044604925E-16));
#2407 = ORIENTED_EDGE('',*,*,#2408,.F.);
#2408 = EDGE_CURVE('',#2370,#2401,#2409,.T.);
#2409 = LINE('',#2410,#2411);
#2410 = CARTESIAN_POINT('',(6.35,7.52,1.195));
#2411 = VECTOR('',#2412,1.);
#2412 = DIRECTION('',(-6.661338147751E-16,-4.227038532122E-16,1.));
#2413 = PLANE('',#2414);
#2414 = AXIS2_PLACEMENT_3D('',#2415,#2416,#2417);
#2415 = CARTESIAN_POINT('',(6.35,7.52,1.195));
#2416 = DIRECTION('',(-2.22044604925E-16,1.,2.006592482872E-16));
#2417 = DIRECTION('',(4.440892098501E-16,2.006592482872E-16,-1.));
#2418 = ADVANCED_FACE('',(#2419),#2444,.F.);
#2419 = FACE_BOUND('',#2420,.T.);
#2420 = EDGE_LOOP('',(#2421,#2422,#2430,#2438));
#2421 = ORIENTED_EDGE('',*,*,#2400,.T.);
#2422 = ORIENTED_EDGE('',*,*,#2423,.T.);
#2423 = EDGE_CURVE('',#2393,#2424,#2426,.T.);
#2424 = VERTEX_POINT('',#2425);
#2425 = CARTESIAN_POINT('',(6.756,7.85169154622,1.445));
#2426 = LINE('',#2427,#2428);
#2427 = CARTESIAN_POINT('',(6.756,7.52,1.445));
#2428 = VECTOR('',#2429,1.);
#2429 = DIRECTION('',(-2.22044604925E-16,1.,2.22044604925E-16));
#2430 = ORIENTED_EDGE('',*,*,#2431,.F.);
#2431 = EDGE_CURVE('',#2432,#2424,#2434,.T.);
#2432 = VERTEX_POINT('',#2433);
#2433 = CARTESIAN_POINT('',(6.35,7.85169154622,1.445));
#2434 = LINE('',#2435,#2436);
#2435 = CARTESIAN_POINT('',(6.35,7.85169154622,1.445));
#2436 = VECTOR('',#2437,1.);
#2437 = DIRECTION('',(1.,2.22044604925E-16,2.22044604925E-16));
#2438 = ORIENTED_EDGE('',*,*,#2439,.F.);
#2439 = EDGE_CURVE('',#2401,#2432,#2440,.T.);
#2440 = LINE('',#2441,#2442);
#2441 = CARTESIAN_POINT('',(6.35,7.52,1.445));
#2442 = VECTOR('',#2443,1.);
#2443 = DIRECTION('',(-2.22044604925E-16,1.,2.22044604925E-16));
#2444 = PLANE('',#2445);
#2445 = AXIS2_PLACEMENT_3D('',#2446,#2447,#2448);
#2446 = CARTESIAN_POINT('',(6.35,7.52,1.445));
#2447 = DIRECTION('',(2.22044604925E-16,4.440892098501E-16,-1.));
#2448 = DIRECTION('',(6.162975822039E-32,-1.,-4.440892098501E-16));
#2449 = ADVANCED_FACE('',(#2450),#2477,.T.);
#2450 = FACE_BOUND('',#2451,.T.);
#2451 = EDGE_LOOP('',(#2452,#2453,#2462,#2470));
#2452 = ORIENTED_EDGE('',*,*,#2431,.T.);
#2453 = ORIENTED_EDGE('',*,*,#2454,.T.);
#2454 = EDGE_CURVE('',#2424,#2455,#2457,.T.);
#2455 = VERTEX_POINT('',#2456);
#2456 = CARTESIAN_POINT('',(6.756,7.892859479936,1.416173902479));
#2457 = CIRCLE('',#2458,4.381E-02);
#2458 = AXIS2_PLACEMENT_3D('',#2459,#2460,#2461);
#2459 = CARTESIAN_POINT('',(6.756,7.85169154622,1.40119));
#2460 = DIRECTION('',(-1.,-2.22044604925E-16,-6.661338147751E-16));
#2461 = DIRECTION('',(2.22044604925E-16,-1.,-2.22044604925E-16));
#2462 = ORIENTED_EDGE('',*,*,#2463,.F.);
#2463 = EDGE_CURVE('',#2464,#2455,#2466,.T.);
#2464 = VERTEX_POINT('',#2465);
#2465 = CARTESIAN_POINT('',(6.35,7.892859479936,1.416173902479));
#2466 = LINE('',#2467,#2468);
#2467 = CARTESIAN_POINT('',(6.35,7.892859479936,1.416173902479));
#2468 = VECTOR('',#2469,1.);
#2469 = DIRECTION('',(1.,2.22044604925E-16,2.22044604925E-16));
#2470 = ORIENTED_EDGE('',*,*,#2471,.F.);
#2471 = EDGE_CURVE('',#2432,#2464,#2472,.T.);
#2472 = CIRCLE('',#2473,4.381E-02);
#2473 = AXIS2_PLACEMENT_3D('',#2474,#2475,#2476);
#2474 = CARTESIAN_POINT('',(6.35,7.85169154622,1.40119));
#2475 = DIRECTION('',(-1.,-2.22044604925E-16,-6.661338147751E-16));
#2476 = DIRECTION('',(2.22044604925E-16,-1.,-2.22044604925E-16));
#2477 = CYLINDRICAL_SURFACE('',#2478,4.381E-02);
#2478 = AXIS2_PLACEMENT_3D('',#2479,#2480,#2481);
#2479 = CARTESIAN_POINT('',(6.35,7.85169154622,1.40119));
#2480 = DIRECTION('',(-1.,1.355854680849E-31,-4.440892098501E-16));
#2481 = DIRECTION('',(6.162975822039E-32,-1.,-4.440892098501E-16));
#2482 = ADVANCED_FACE('',(#2483),#2508,.F.);
#2483 = FACE_BOUND('',#2484,.T.);
#2484 = EDGE_LOOP('',(#2485,#2486,#2494,#2502));
#2485 = ORIENTED_EDGE('',*,*,#2463,.T.);
#2486 = ORIENTED_EDGE('',*,*,#2487,.T.);
#2487 = EDGE_CURVE('',#2455,#2488,#2490,.T.);
#2488 = VERTEX_POINT('',#2489);
#2489 = CARTESIAN_POINT('',(6.756,8.284521647852,0.340090940077));
#2490 = LINE('',#2491,#2492);
#2491 = CARTESIAN_POINT('',(6.756,7.892859479936,1.416173902479));
#2492 = VECTOR('',#2493,1.);
#2493 = DIRECTION('',(5.50017302599E-16,0.342020143326,-0.939692620786)
  );
#2494 = ORIENTED_EDGE('',*,*,#2495,.F.);
#2495 = EDGE_CURVE('',#2496,#2488,#2498,.T.);
#2496 = VERTEX_POINT('',#2497);
#2497 = CARTESIAN_POINT('',(6.35,8.284521647852,0.340090940077));
#2498 = LINE('',#2499,#2500);
#2499 = CARTESIAN_POINT('',(6.35,8.284521647852,0.340090940077));
#2500 = VECTOR('',#2501,1.);
#2501 = DIRECTION('',(1.,2.22044604925E-16,2.22044604925E-16));
#2502 = ORIENTED_EDGE('',*,*,#2503,.F.);
#2503 = EDGE_CURVE('',#2464,#2496,#2504,.T.);
#2504 = LINE('',#2505,#2506);
#2505 = CARTESIAN_POINT('',(6.35,7.892859479936,1.416173902479));
#2506 = VECTOR('',#2507,1.);
#2507 = DIRECTION('',(5.50017302599E-16,0.342020143326,-0.939692620786)
  );
#2508 = PLANE('',#2509);
#2509 = AXIS2_PLACEMENT_3D('',#2510,#2511,#2512);
#2510 = CARTESIAN_POINT('',(6.35,7.892859479936,1.416173902479));
#2511 = DIRECTION('',(2.845974043345E-16,-0.939692620786,-0.342020143326
    ));
#2512 = DIRECTION('',(-4.173073534667E-16,-0.342020143326,0.939692620786
    ));
#2513 = ADVANCED_FACE('',(#2514),#2532,.F.);
#2514 = FACE_BOUND('',#2515,.F.);
#2515 = EDGE_LOOP('',(#2516,#2517,#2524,#2525));
#2516 = ORIENTED_EDGE('',*,*,#2161,.T.);
#2517 = ORIENTED_EDGE('',*,*,#2518,.T.);
#2518 = EDGE_CURVE('',#2164,#2488,#2519,.T.);
#2519 = CIRCLE('',#2520,7.574E-02);
#2520 = AXIS2_PLACEMENT_3D('',#2521,#2522,#2523);
#2521 = CARTESIAN_POINT('',(6.756,8.35569396695,0.365995545733));
#2522 = DIRECTION('',(-1.,-2.22044604925E-16,-6.661338147751E-16));
#2523 = DIRECTION('',(2.22044604925E-16,-1.,-2.22044604925E-16));
#2524 = ORIENTED_EDGE('',*,*,#2495,.F.);
#2525 = ORIENTED_EDGE('',*,*,#2526,.F.);
#2526 = EDGE_CURVE('',#2162,#2496,#2527,.T.);
#2527 = CIRCLE('',#2528,7.574E-02);
#2528 = AXIS2_PLACEMENT_3D('',#2529,#2530,#2531);
#2529 = CARTESIAN_POINT('',(6.35,8.35569396695,0.365995545733));
#2530 = DIRECTION('',(-1.,-2.22044604925E-16,-6.661338147751E-16));
#2531 = DIRECTION('',(2.22044604925E-16,-1.,-2.22044604925E-16));
#2532 = CYLINDRICAL_SURFACE('',#2533,7.574E-02);
#2533 = AXIS2_PLACEMENT_3D('',#2534,#2535,#2536);
#2534 = CARTESIAN_POINT('',(6.35,8.35569396695,0.365995545733));
#2535 = DIRECTION('',(-1.,1.355854680849E-31,-4.440892098501E-16));
#2536 = DIRECTION('',(6.162975822039E-32,-1.,-4.440892098501E-16));
#2537 = ADVANCED_FACE('',(#2538),#2552,.F.);
#2538 = FACE_BOUND('',#2539,.T.);
#2539 = EDGE_LOOP('',(#2540,#2541,#2542,#2543,#2544,#2545,#2546,#2547,
    #2548,#2549,#2550,#2551));
#2540 = ORIENTED_EDGE('',*,*,#2187,.T.);
#2541 = ORIENTED_EDGE('',*,*,#2218,.T.);
#2542 = ORIENTED_EDGE('',*,*,#2249,.T.);
#2543 = ORIENTED_EDGE('',*,*,#2281,.T.);
#2544 = ORIENTED_EDGE('',*,*,#2313,.T.);
#2545 = ORIENTED_EDGE('',*,*,#2345,.F.);
#2546 = ORIENTED_EDGE('',*,*,#2377,.T.);
#2547 = ORIENTED_EDGE('',*,*,#2408,.T.);
#2548 = ORIENTED_EDGE('',*,*,#2439,.T.);
#2549 = ORIENTED_EDGE('',*,*,#2471,.T.);
#2550 = ORIENTED_EDGE('',*,*,#2503,.T.);
#2551 = ORIENTED_EDGE('',*,*,#2526,.F.);
#2552 = PLANE('',#2553);
#2553 = AXIS2_PLACEMENT_3D('',#2554,#2555,#2556);
#2554 = CARTESIAN_POINT('',(6.35,8.151535391952,0.633531379608));
#2555 = DIRECTION('',(1.,-9.860761315263E-32,1.972152263053E-31));
#2556 = DIRECTION('',(6.661338147751E-16,4.440892098501E-16,-1.));
#2557 = ADVANCED_FACE('',(#2558),#2572,.T.);
#2558 = FACE_BOUND('',#2559,.F.);
#2559 = EDGE_LOOP('',(#2560,#2561,#2562,#2563,#2564,#2565,#2566,#2567,
    #2568,#2569,#2570,#2571));
#2560 = ORIENTED_EDGE('',*,*,#2171,.T.);
#2561 = ORIENTED_EDGE('',*,*,#2202,.T.);
#2562 = ORIENTED_EDGE('',*,*,#2233,.T.);
#2563 = ORIENTED_EDGE('',*,*,#2264,.T.);
#2564 = ORIENTED_EDGE('',*,*,#2297,.T.);
#2565 = ORIENTED_EDGE('',*,*,#2337,.F.);
#2566 = ORIENTED_EDGE('',*,*,#2361,.T.);
#2567 = ORIENTED_EDGE('',*,*,#2392,.T.);
#2568 = ORIENTED_EDGE('',*,*,#2423,.T.);
#2569 = ORIENTED_EDGE('',*,*,#2454,.T.);
#2570 = ORIENTED_EDGE('',*,*,#2487,.T.);
#2571 = ORIENTED_EDGE('',*,*,#2518,.F.);
#2572 = PLANE('',#2573);
#2573 = AXIS2_PLACEMENT_3D('',#2574,#2575,#2576);
#2574 = CARTESIAN_POINT('',(6.756,8.151535391952,0.633531379608));
#2575 = DIRECTION('',(1.,-9.860761315263E-32,1.972152263053E-31));
#2576 = DIRECTION('',(6.661338147751E-16,4.440892098501E-16,-1.));
#2577 = MANIFOLD_SOLID_BREP('',#2578);
#2578 = CLOSED_SHELL('',(#2579,#2619,#2650,#2681,#2714,#2745,#2778,#2809
    ,#2840,#2871,#2904,#2935,#2959,#2979));
#2579 = ADVANCED_FACE('',(#2580),#2614,.F.);
#2580 = FACE_BOUND('',#2581,.T.);
#2581 = EDGE_LOOP('',(#2582,#2592,#2600,#2608));
#2582 = ORIENTED_EDGE('',*,*,#2583,.T.);
#2583 = EDGE_CURVE('',#2584,#2586,#2588,.T.);
#2584 = VERTEX_POINT('',#2585);
#2585 = CARTESIAN_POINT('',(7.62,8.350410611629,0.290440044566));
#2586 = VERTEX_POINT('',#2587);
#2587 = CARTESIAN_POINT('',(8.026,8.350410611629,0.290440044566));
#2588 = LINE('',#2589,#2590);
#2589 = CARTESIAN_POINT('',(7.62,8.350410611629,0.290440044566));
#2590 = VECTOR('',#2591,1.);
#2591 = DIRECTION('',(1.,2.22044604925E-16,2.22044604925E-16));
#2592 = ORIENTED_EDGE('',*,*,#2593,.T.);
#2593 = EDGE_CURVE('',#2586,#2594,#2596,.T.);
#2594 = VERTEX_POINT('',#2595);
#2595 = CARTESIAN_POINT('',(8.026,8.92,0.25061047452));
#2596 = LINE('',#2597,#2598);
#2597 = CARTESIAN_POINT('',(8.026,8.350410611629,0.290440044566));
#2598 = VECTOR('',#2599,1.);
#2599 = DIRECTION('',(-1.750365694669E-16,0.99756405026,
    -6.975647374413E-02));
#2600 = ORIENTED_EDGE('',*,*,#2601,.F.);
#2601 = EDGE_CURVE('',#2602,#2594,#2604,.T.);
#2602 = VERTEX_POINT('',#2603);
#2603 = CARTESIAN_POINT('',(7.62,8.92,0.25061047452));
#2604 = LINE('',#2605,#2606);
#2605 = CARTESIAN_POINT('',(7.62,8.92,0.25061047452));
#2606 = VECTOR('',#2607,1.);
#2607 = DIRECTION('',(1.,2.22044604925E-16,2.22044604925E-16));
#2608 = ORIENTED_EDGE('',*,*,#2609,.F.);
#2609 = EDGE_CURVE('',#2584,#2602,#2610,.T.);
#2610 = LINE('',#2611,#2612);
#2611 = CARTESIAN_POINT('',(7.62,8.350410611629,0.290440044566));
#2612 = VECTOR('',#2613,1.);
#2613 = DIRECTION('',(-1.750365694669E-16,0.99756405026,
    -6.975647374413E-02));
#2614 = PLANE('',#2615);
#2615 = AXIS2_PLACEMENT_3D('',#2616,#2617,#2618);
#2616 = CARTESIAN_POINT('',(7.62,8.350410611629,0.290440044566));
#2617 = DIRECTION('',(2.369927640808E-16,-6.975647374412E-02,
    -0.99756405026));
#2618 = DIRECTION('',(-3.097809730696E-17,-0.99756405026,
    6.975647374412E-02));
#2619 = ADVANCED_FACE('',(#2620),#2645,.F.);
#2620 = FACE_BOUND('',#2621,.T.);
#2621 = EDGE_LOOP('',(#2622,#2623,#2631,#2639));
#2622 = ORIENTED_EDGE('',*,*,#2601,.T.);
#2623 = ORIENTED_EDGE('',*,*,#2624,.T.);
#2624 = EDGE_CURVE('',#2594,#2625,#2627,.T.);
#2625 = VERTEX_POINT('',#2626);
#2626 = CARTESIAN_POINT('',(8.026,8.92,6.563638521584E-16));
#2627 = LINE('',#2628,#2629);
#2628 = CARTESIAN_POINT('',(8.026,8.92,0.25061047452));
#2629 = VECTOR('',#2630,1.);
#2630 = DIRECTION('',(6.661338147751E-16,4.440892098501E-16,-1.));
#2631 = ORIENTED_EDGE('',*,*,#2632,.F.);
#2632 = EDGE_CURVE('',#2633,#2625,#2635,.T.);
#2633 = VERTEX_POINT('',#2634);
#2634 = CARTESIAN_POINT('',(7.62,8.92,5.662137425588E-16));
#2635 = LINE('',#2636,#2637);
#2636 = CARTESIAN_POINT('',(7.62,8.92,5.662137425588E-16));
#2637 = VECTOR('',#2638,1.);
#2638 = DIRECTION('',(1.,2.22044604925E-16,2.22044604925E-16));
#2639 = ORIENTED_EDGE('',*,*,#2640,.F.);
#2640 = EDGE_CURVE('',#2602,#2633,#2641,.T.);
#2641 = LINE('',#2642,#2643);
#2642 = CARTESIAN_POINT('',(7.62,8.92,0.25061047452));
#2643 = VECTOR('',#2644,1.);
#2644 = DIRECTION('',(6.661338147751E-16,4.440892098501E-16,-1.));
#2645 = PLANE('',#2646);
#2646 = AXIS2_PLACEMENT_3D('',#2647,#2648,#2649);
#2647 = CARTESIAN_POINT('',(7.62,8.92,0.25061047452));
#2648 = DIRECTION('',(2.22044604925E-16,-1.,-2.22044604925E-16));
#2649 = DIRECTION('',(-4.440892098501E-16,-2.22044604925E-16,1.));
#2650 = ADVANCED_FACE('',(#2651),#2676,.F.);
#2651 = FACE_BOUND('',#2652,.T.);
#2652 = EDGE_LOOP('',(#2653,#2654,#2662,#2670));
#2653 = ORIENTED_EDGE('',*,*,#2632,.T.);
#2654 = ORIENTED_EDGE('',*,*,#2655,.T.);
#2655 = EDGE_CURVE('',#2625,#2656,#2658,.T.);
#2656 = VERTEX_POINT('',#2657);
#2657 = CARTESIAN_POINT('',(8.026,8.127632672711,5.540772108551E-02));
#2658 = LINE('',#2659,#2660);
#2659 = CARTESIAN_POINT('',(8.026,8.92,-1.324274023773E-15));
#2660 = VECTOR('',#2661,1.);
#2661 = DIRECTION('',(1.750365694669E-16,-0.99756405026,
    6.975647374413E-02));
#2662 = ORIENTED_EDGE('',*,*,#2663,.F.);
#2663 = EDGE_CURVE('',#2664,#2656,#2666,.T.);
#2664 = VERTEX_POINT('',#2665);
#2665 = CARTESIAN_POINT('',(7.62,8.127632672711,5.540772108551E-02));
#2666 = LINE('',#2667,#2668);
#2667 = CARTESIAN_POINT('',(7.62,8.127632672711,5.540772108551E-02));
#2668 = VECTOR('',#2669,1.);
#2669 = DIRECTION('',(1.,2.22044604925E-16,2.22044604925E-16));
#2670 = ORIENTED_EDGE('',*,*,#2671,.F.);
#2671 = EDGE_CURVE('',#2633,#2664,#2672,.T.);
#2672 = LINE('',#2673,#2674);
#2673 = CARTESIAN_POINT('',(7.62,8.92,-1.414424133372E-15));
#2674 = VECTOR('',#2675,1.);
#2675 = DIRECTION('',(1.750365694669E-16,-0.99756405026,
    6.975647374413E-02));
#2676 = PLANE('',#2677);
#2677 = AXIS2_PLACEMENT_3D('',#2678,#2679,#2680);
#2678 = CARTESIAN_POINT('',(7.62,8.92,5.662137425588E-16));
#2679 = DIRECTION('',(-2.369927640808E-16,6.975647374412E-02,
    0.99756405026));
#2680 = DIRECTION('',(3.097809730696E-17,0.99756405026,
    -6.975647374412E-02));
#2681 = ADVANCED_FACE('',(#2682),#2709,.T.);
#2682 = FACE_BOUND('',#2683,.T.);
#2683 = EDGE_LOOP('',(#2684,#2685,#2694,#2702));
#2684 = ORIENTED_EDGE('',*,*,#2663,.T.);
#2685 = ORIENTED_EDGE('',*,*,#2686,.T.);
#2686 = EDGE_CURVE('',#2656,#2687,#2689,.T.);
#2687 = VERTEX_POINT('',#2688);
#2688 = CARTESIAN_POINT('',(8.026,8.12,6.115935252015E-02));
#2689 = CIRCLE('',#2690,8.773830972728E-03);
#2690 = AXIS2_PLACEMENT_3D('',#2691,#2692,#2693);
#2691 = CARTESIAN_POINT('',(8.026,8.128244704221,6.416017944695E-02));
#2692 = DIRECTION('',(-1.,-2.22044604925E-16,-6.661338147751E-16));
#2693 = DIRECTION('',(2.22044604925E-16,-1.,-2.22044604925E-16));
#2694 = ORIENTED_EDGE('',*,*,#2695,.F.);
#2695 = EDGE_CURVE('',#2696,#2687,#2698,.T.);
#2696 = VERTEX_POINT('',#2697);
#2697 = CARTESIAN_POINT('',(7.62,8.12,6.115935252015E-02));
#2698 = LINE('',#2699,#2700);
#2699 = CARTESIAN_POINT('',(7.62,8.12,6.115935252015E-02));
#2700 = VECTOR('',#2701,1.);
#2701 = DIRECTION('',(1.,2.22044604925E-16,2.22044604925E-16));
#2702 = ORIENTED_EDGE('',*,*,#2703,.F.);
#2703 = EDGE_CURVE('',#2664,#2696,#2704,.T.);
#2704 = CIRCLE('',#2705,8.773830972728E-03);
#2705 = AXIS2_PLACEMENT_3D('',#2706,#2707,#2708);
#2706 = CARTESIAN_POINT('',(7.62,8.128244704221,6.416017944695E-02));
#2707 = DIRECTION('',(-1.,-2.22044604925E-16,-6.661338147751E-16));
#2708 = DIRECTION('',(2.22044604925E-16,-1.,-2.22044604925E-16));
#2709 = CYLINDRICAL_SURFACE('',#2710,8.773830972728E-03);
#2710 = AXIS2_PLACEMENT_3D('',#2711,#2712,#2713);
#2711 = CARTESIAN_POINT('',(7.62,8.128244704221,6.416017944696E-02));
#2712 = DIRECTION('',(-1.,1.355854680849E-31,-4.440892098501E-16));
#2713 = DIRECTION('',(6.162975822039E-32,-1.,-4.440892098501E-16));
#2714 = ADVANCED_FACE('',(#2715),#2740,.F.);
#2715 = FACE_BOUND('',#2716,.T.);
#2716 = EDGE_LOOP('',(#2717,#2718,#2726,#2734));
#2717 = ORIENTED_EDGE('',*,*,#2695,.T.);
#2718 = ORIENTED_EDGE('',*,*,#2719,.T.);
#2719 = EDGE_CURVE('',#2687,#2720,#2722,.T.);
#2720 = VERTEX_POINT('',#2721);
#2721 = CARTESIAN_POINT('',(8.026,7.733659113,1.122622215766));
#2722 = LINE('',#2723,#2724);
#2723 = CARTESIAN_POINT('',(8.026,8.12,6.115935252015E-02));
#2724 = VECTOR('',#2725,1.);
#2725 = DIRECTION('',(-5.50017302599E-16,-0.342020143326,0.939692620786)
  );
#2726 = ORIENTED_EDGE('',*,*,#2727,.F.);
#2727 = EDGE_CURVE('',#2728,#2720,#2730,.T.);
#2728 = VERTEX_POINT('',#2729);
#2729 = CARTESIAN_POINT('',(7.62,7.733659113,1.122622215766));
#2730 = LINE('',#2731,#2732);
#2731 = CARTESIAN_POINT('',(7.62,7.733659113,1.122622215766));
#2732 = VECTOR('',#2733,1.);
#2733 = DIRECTION('',(1.,2.22044604925E-16,2.22044604925E-16));
#2734 = ORIENTED_EDGE('',*,*,#2735,.F.);
#2735 = EDGE_CURVE('',#2696,#2728,#2736,.T.);
#2736 = LINE('',#2737,#2738);
#2737 = CARTESIAN_POINT('',(7.62,8.12,6.115935252015E-02));
#2738 = VECTOR('',#2739,1.);
#2739 = DIRECTION('',(-5.50017302599E-16,-0.342020143326,0.939692620786)
  );
#2740 = PLANE('',#2741);
#2741 = AXIS2_PLACEMENT_3D('',#2742,#2743,#2744);
#2742 = CARTESIAN_POINT('',(7.62,8.12,6.115935252015E-02));
#2743 = DIRECTION('',(-2.845974043345E-16,0.939692620786,0.342020143326)
  );
#2744 = DIRECTION('',(4.173073534667E-16,0.342020143326,-0.939692620786)
  );
#2745 = ADVANCED_FACE('',(#2746),#2773,.F.);
#2746 = FACE_BOUND('',#2747,.F.);
#2747 = EDGE_LOOP('',(#2748,#2758,#2765,#2766));
#2748 = ORIENTED_EDGE('',*,*,#2749,.T.);
#2749 = EDGE_CURVE('',#2750,#2752,#2754,.T.);
#2750 = VERTEX_POINT('',#2751);
#2751 = CARTESIAN_POINT('',(7.62,7.630292924713,1.195));
#2752 = VERTEX_POINT('',#2753);
#2753 = CARTESIAN_POINT('',(8.026,7.630292924713,1.195));
#2754 = LINE('',#2755,#2756);
#2755 = CARTESIAN_POINT('',(7.62,7.630292924713,1.195));
#2756 = VECTOR('',#2757,1.);
#2757 = DIRECTION('',(1.,2.22044604925E-16,2.22044604925E-16));
#2758 = ORIENTED_EDGE('',*,*,#2759,.T.);
#2759 = EDGE_CURVE('',#2752,#2720,#2760,.T.);
#2760 = CIRCLE('',#2761,0.11);
#2761 = AXIS2_PLACEMENT_3D('',#2762,#2763,#2764);
#2762 = CARTESIAN_POINT('',(8.026,7.630292924713,1.085));
#2763 = DIRECTION('',(-1.,-2.22044604925E-16,-6.661338147751E-16));
#2764 = DIRECTION('',(2.22044604925E-16,-1.,-2.22044604925E-16));
#2765 = ORIENTED_EDGE('',*,*,#2727,.F.);
#2766 = ORIENTED_EDGE('',*,*,#2767,.F.);
#2767 = EDGE_CURVE('',#2750,#2728,#2768,.T.);
#2768 = CIRCLE('',#2769,0.11);
#2769 = AXIS2_PLACEMENT_3D('',#2770,#2771,#2772);
#2770 = CARTESIAN_POINT('',(7.62,7.630292924713,1.085));
#2771 = DIRECTION('',(-1.,-2.22044604925E-16,-6.661338147751E-16));
#2772 = DIRECTION('',(2.22044604925E-16,-1.,-2.22044604925E-16));
#2773 = CYLINDRICAL_SURFACE('',#2774,0.11);
#2774 = AXIS2_PLACEMENT_3D('',#2775,#2776,#2777);
#2775 = CARTESIAN_POINT('',(7.62,7.630292924713,1.085));
#2776 = DIRECTION('',(-1.,1.355854680849E-31,-4.440892098501E-16));
#2777 = DIRECTION('',(6.162975822039E-32,-1.,-4.440892098501E-16));
#2778 = ADVANCED_FACE('',(#2779),#2804,.F.);
#2779 = FACE_BOUND('',#2780,.T.);
#2780 = EDGE_LOOP('',(#2781,#2782,#2790,#2798));
#2781 = ORIENTED_EDGE('',*,*,#2749,.T.);
#2782 = ORIENTED_EDGE('',*,*,#2783,.T.);
#2783 = EDGE_CURVE('',#2752,#2784,#2786,.T.);
#2784 = VERTEX_POINT('',#2785);
#2785 = CARTESIAN_POINT('',(8.026,7.52,1.195));
#2786 = LINE('',#2787,#2788);
#2787 = CARTESIAN_POINT('',(8.026,7.630292924713,1.195));
#2788 = VECTOR('',#2789,1.);
#2789 = DIRECTION('',(2.22044604925E-16,-1.,-2.22044604925E-16));
#2790 = ORIENTED_EDGE('',*,*,#2791,.F.);
#2791 = EDGE_CURVE('',#2792,#2784,#2794,.T.);
#2792 = VERTEX_POINT('',#2793);
#2793 = CARTESIAN_POINT('',(7.62,7.52,1.195));
#2794 = LINE('',#2795,#2796);
#2795 = CARTESIAN_POINT('',(7.62,7.52,1.195));
#2796 = VECTOR('',#2797,1.);
#2797 = DIRECTION('',(1.,2.22044604925E-16,2.22044604925E-16));
#2798 = ORIENTED_EDGE('',*,*,#2799,.F.);
#2799 = EDGE_CURVE('',#2750,#2792,#2800,.T.);
#2800 = LINE('',#2801,#2802);
#2801 = CARTESIAN_POINT('',(7.62,7.630292924713,1.195));
#2802 = VECTOR('',#2803,1.);
#2803 = DIRECTION('',(2.22044604925E-16,-1.,-2.22044604925E-16));
#2804 = PLANE('',#2805);
#2805 = AXIS2_PLACEMENT_3D('',#2806,#2807,#2808);
#2806 = CARTESIAN_POINT('',(7.62,7.630292924713,1.195));
#2807 = DIRECTION('',(-2.22044604925E-16,-4.440892098501E-16,1.));
#2808 = DIRECTION('',(-6.162975822039E-32,1.,4.440892098501E-16));
#2809 = ADVANCED_FACE('',(#2810),#2835,.F.);
#2810 = FACE_BOUND('',#2811,.T.);
#2811 = EDGE_LOOP('',(#2812,#2813,#2821,#2829));
#2812 = ORIENTED_EDGE('',*,*,#2791,.T.);
#2813 = ORIENTED_EDGE('',*,*,#2814,.T.);
#2814 = EDGE_CURVE('',#2784,#2815,#2817,.T.);
#2815 = VERTEX_POINT('',#2816);
#2816 = CARTESIAN_POINT('',(8.026,7.52,1.445));
#2817 = LINE('',#2818,#2819);
#2818 = CARTESIAN_POINT('',(8.026,7.52,1.195));
#2819 = VECTOR('',#2820,1.);
#2820 = DIRECTION('',(-6.661338147751E-16,-4.227038532122E-16,1.));
#2821 = ORIENTED_EDGE('',*,*,#2822,.F.);
#2822 = EDGE_CURVE('',#2823,#2815,#2825,.T.);
#2823 = VERTEX_POINT('',#2824);
#2824 = CARTESIAN_POINT('',(7.62,7.52,1.445));
#2825 = LINE('',#2826,#2827);
#2826 = CARTESIAN_POINT('',(7.62,7.52,1.445));
#2827 = VECTOR('',#2828,1.);
#2828 = DIRECTION('',(1.,2.22044604925E-16,2.22044604925E-16));
#2829 = ORIENTED_EDGE('',*,*,#2830,.F.);
#2830 = EDGE_CURVE('',#2792,#2823,#2831,.T.);
#2831 = LINE('',#2832,#2833);
#2832 = CARTESIAN_POINT('',(7.62,7.52,1.195));
#2833 = VECTOR('',#2834,1.);
#2834 = DIRECTION('',(-6.661338147751E-16,-4.227038532122E-16,1.));
#2835 = PLANE('',#2836);
#2836 = AXIS2_PLACEMENT_3D('',#2837,#2838,#2839);
#2837 = CARTESIAN_POINT('',(7.62,7.52,1.195));
#2838 = DIRECTION('',(-2.22044604925E-16,1.,2.006592482872E-16));
#2839 = DIRECTION('',(4.440892098501E-16,2.006592482872E-16,-1.));
#2840 = ADVANCED_FACE('',(#2841),#2866,.F.);
#2841 = FACE_BOUND('',#2842,.T.);
#2842 = EDGE_LOOP('',(#2843,#2844,#2852,#2860));
#2843 = ORIENTED_EDGE('',*,*,#2822,.T.);
#2844 = ORIENTED_EDGE('',*,*,#2845,.T.);
#2845 = EDGE_CURVE('',#2815,#2846,#2848,.T.);
#2846 = VERTEX_POINT('',#2847);
#2847 = CARTESIAN_POINT('',(8.026,7.85169154622,1.445));
#2848 = LINE('',#2849,#2850);
#2849 = CARTESIAN_POINT('',(8.026,7.52,1.445));
#2850 = VECTOR('',#2851,1.);
#2851 = DIRECTION('',(-2.22044604925E-16,1.,2.22044604925E-16));
#2852 = ORIENTED_EDGE('',*,*,#2853,.F.);
#2853 = EDGE_CURVE('',#2854,#2846,#2856,.T.);
#2854 = VERTEX_POINT('',#2855);
#2855 = CARTESIAN_POINT('',(7.62,7.85169154622,1.445));
#2856 = LINE('',#2857,#2858);
#2857 = CARTESIAN_POINT('',(7.62,7.85169154622,1.445));
#2858 = VECTOR('',#2859,1.);
#2859 = DIRECTION('',(1.,2.22044604925E-16,2.22044604925E-16));
#2860 = ORIENTED_EDGE('',*,*,#2861,.F.);
#2861 = EDGE_CURVE('',#2823,#2854,#2862,.T.);
#2862 = LINE('',#2863,#2864);
#2863 = CARTESIAN_POINT('',(7.62,7.52,1.445));
#2864 = VECTOR('',#2865,1.);
#2865 = DIRECTION('',(-2.22044604925E-16,1.,2.22044604925E-16));
#2866 = PLANE('',#2867);
#2867 = AXIS2_PLACEMENT_3D('',#2868,#2869,#2870);
#2868 = CARTESIAN_POINT('',(7.62,7.52,1.445));
#2869 = DIRECTION('',(2.22044604925E-16,4.440892098501E-16,-1.));
#2870 = DIRECTION('',(6.162975822039E-32,-1.,-4.440892098501E-16));
#2871 = ADVANCED_FACE('',(#2872),#2899,.T.);
#2872 = FACE_BOUND('',#2873,.T.);
#2873 = EDGE_LOOP('',(#2874,#2875,#2884,#2892));
#2874 = ORIENTED_EDGE('',*,*,#2853,.T.);
#2875 = ORIENTED_EDGE('',*,*,#2876,.T.);
#2876 = EDGE_CURVE('',#2846,#2877,#2879,.T.);
#2877 = VERTEX_POINT('',#2878);
#2878 = CARTESIAN_POINT('',(8.026,7.892859479936,1.416173902479));
#2879 = CIRCLE('',#2880,4.381E-02);
#2880 = AXIS2_PLACEMENT_3D('',#2881,#2882,#2883);
#2881 = CARTESIAN_POINT('',(8.026,7.85169154622,1.40119));
#2882 = DIRECTION('',(-1.,-2.22044604925E-16,-6.661338147751E-16));
#2883 = DIRECTION('',(2.22044604925E-16,-1.,-2.22044604925E-16));
#2884 = ORIENTED_EDGE('',*,*,#2885,.F.);
#2885 = EDGE_CURVE('',#2886,#2877,#2888,.T.);
#2886 = VERTEX_POINT('',#2887);
#2887 = CARTESIAN_POINT('',(7.62,7.892859479936,1.416173902479));
#2888 = LINE('',#2889,#2890);
#2889 = CARTESIAN_POINT('',(7.62,7.892859479936,1.416173902479));
#2890 = VECTOR('',#2891,1.);
#2891 = DIRECTION('',(1.,2.22044604925E-16,2.22044604925E-16));
#2892 = ORIENTED_EDGE('',*,*,#2893,.F.);
#2893 = EDGE_CURVE('',#2854,#2886,#2894,.T.);
#2894 = CIRCLE('',#2895,4.381E-02);
#2895 = AXIS2_PLACEMENT_3D('',#2896,#2897,#2898);
#2896 = CARTESIAN_POINT('',(7.62,7.85169154622,1.40119));
#2897 = DIRECTION('',(-1.,-2.22044604925E-16,-6.661338147751E-16));
#2898 = DIRECTION('',(2.22044604925E-16,-1.,-2.22044604925E-16));
#2899 = CYLINDRICAL_SURFACE('',#2900,4.381E-02);
#2900 = AXIS2_PLACEMENT_3D('',#2901,#2902,#2903);
#2901 = CARTESIAN_POINT('',(7.62,7.85169154622,1.40119));
#2902 = DIRECTION('',(-1.,1.355854680849E-31,-4.440892098501E-16));
#2903 = DIRECTION('',(6.162975822039E-32,-1.,-4.440892098501E-16));
#2904 = ADVANCED_FACE('',(#2905),#2930,.F.);
#2905 = FACE_BOUND('',#2906,.T.);
#2906 = EDGE_LOOP('',(#2907,#2908,#2916,#2924));
#2907 = ORIENTED_EDGE('',*,*,#2885,.T.);
#2908 = ORIENTED_EDGE('',*,*,#2909,.T.);
#2909 = EDGE_CURVE('',#2877,#2910,#2912,.T.);
#2910 = VERTEX_POINT('',#2911);
#2911 = CARTESIAN_POINT('',(8.026,8.284521647852,0.340090940077));
#2912 = LINE('',#2913,#2914);
#2913 = CARTESIAN_POINT('',(8.026,7.892859479936,1.416173902479));
#2914 = VECTOR('',#2915,1.);
#2915 = DIRECTION('',(5.50017302599E-16,0.342020143326,-0.939692620786)
  );
#2916 = ORIENTED_EDGE('',*,*,#2917,.F.);
#2917 = EDGE_CURVE('',#2918,#2910,#2920,.T.);
#2918 = VERTEX_POINT('',#2919);
#2919 = CARTESIAN_POINT('',(7.62,8.284521647852,0.340090940077));
#2920 = LINE('',#2921,#2922);
#2921 = CARTESIAN_POINT('',(7.62,8.284521647852,0.340090940077));
#2922 = VECTOR('',#2923,1.);
#2923 = DIRECTION('',(1.,2.22044604925E-16,2.22044604925E-16));
#2924 = ORIENTED_EDGE('',*,*,#2925,.F.);
#2925 = EDGE_CURVE('',#2886,#2918,#2926,.T.);
#2926 = LINE('',#2927,#2928);
#2927 = CARTESIAN_POINT('',(7.62,7.892859479936,1.416173902479));
#2928 = VECTOR('',#2929,1.);
#2929 = DIRECTION('',(5.50017302599E-16,0.342020143326,-0.939692620786)
  );
#2930 = PLANE('',#2931);
#2931 = AXIS2_PLACEMENT_3D('',#2932,#2933,#2934);
#2932 = CARTESIAN_POINT('',(7.62,7.892859479936,1.416173902479));
#2933 = DIRECTION('',(2.845974043345E-16,-0.939692620786,-0.342020143326
    ));
#2934 = DIRECTION('',(-4.173073534667E-16,-0.342020143326,0.939692620786
    ));
#2935 = ADVANCED_FACE('',(#2936),#2954,.F.);
#2936 = FACE_BOUND('',#2937,.F.);
#2937 = EDGE_LOOP('',(#2938,#2939,#2946,#2947));
#2938 = ORIENTED_EDGE('',*,*,#2583,.T.);
#2939 = ORIENTED_EDGE('',*,*,#2940,.T.);
#2940 = EDGE_CURVE('',#2586,#2910,#2941,.T.);
#2941 = CIRCLE('',#2942,7.574E-02);
#2942 = AXIS2_PLACEMENT_3D('',#2943,#2944,#2945);
#2943 = CARTESIAN_POINT('',(8.026,8.35569396695,0.365995545733));
#2944 = DIRECTION('',(-1.,-2.22044604925E-16,-6.661338147751E-16));
#2945 = DIRECTION('',(2.22044604925E-16,-1.,-2.22044604925E-16));
#2946 = ORIENTED_EDGE('',*,*,#2917,.F.);
#2947 = ORIENTED_EDGE('',*,*,#2948,.F.);
#2948 = EDGE_CURVE('',#2584,#2918,#2949,.T.);
#2949 = CIRCLE('',#2950,7.574E-02);
#2950 = AXIS2_PLACEMENT_3D('',#2951,#2952,#2953);
#2951 = CARTESIAN_POINT('',(7.62,8.35569396695,0.365995545733));
#2952 = DIRECTION('',(-1.,-2.22044604925E-16,-6.661338147751E-16));
#2953 = DIRECTION('',(2.22044604925E-16,-1.,-2.22044604925E-16));
#2954 = CYLINDRICAL_SURFACE('',#2955,7.574E-02);
#2955 = AXIS2_PLACEMENT_3D('',#2956,#2957,#2958);
#2956 = CARTESIAN_POINT('',(7.62,8.35569396695,0.365995545733));
#2957 = DIRECTION('',(-1.,1.355854680849E-31,-4.440892098501E-16));
#2958 = DIRECTION('',(6.162975822039E-32,-1.,-4.440892098501E-16));
#2959 = ADVANCED_FACE('',(#2960),#2974,.F.);
#2960 = FACE_BOUND('',#2961,.T.);
#2961 = EDGE_LOOP('',(#2962,#2963,#2964,#2965,#2966,#2967,#2968,#2969,
    #2970,#2971,#2972,#2973));
#2962 = ORIENTED_EDGE('',*,*,#2609,.T.);
#2963 = ORIENTED_EDGE('',*,*,#2640,.T.);
#2964 = ORIENTED_EDGE('',*,*,#2671,.T.);
#2965 = ORIENTED_EDGE('',*,*,#2703,.T.);
#2966 = ORIENTED_EDGE('',*,*,#2735,.T.);
#2967 = ORIENTED_EDGE('',*,*,#2767,.F.);
#2968 = ORIENTED_EDGE('',*,*,#2799,.T.);
#2969 = ORIENTED_EDGE('',*,*,#2830,.T.);
#2970 = ORIENTED_EDGE('',*,*,#2861,.T.);
#2971 = ORIENTED_EDGE('',*,*,#2893,.T.);
#2972 = ORIENTED_EDGE('',*,*,#2925,.T.);
#2973 = ORIENTED_EDGE('',*,*,#2948,.F.);
#2974 = PLANE('',#2975);
#2975 = AXIS2_PLACEMENT_3D('',#2976,#2977,#2978);
#2976 = CARTESIAN_POINT('',(7.62,8.151535391952,0.633531379608));
#2977 = DIRECTION('',(1.,-9.860761315263E-32,1.972152263053E-31));
#2978 = DIRECTION('',(6.661338147751E-16,4.440892098501E-16,-1.));
#2979 = ADVANCED_FACE('',(#2980),#2994,.T.);
#2980 = FACE_BOUND('',#2981,.F.);
#2981 = EDGE_LOOP('',(#2982,#2983,#2984,#2985,#2986,#2987,#2988,#2989,
    #2990,#2991,#2992,#2993));
#2982 = ORIENTED_EDGE('',*,*,#2593,.T.);
#2983 = ORIENTED_EDGE('',*,*,#2624,.T.);
#2984 = ORIENTED_EDGE('',*,*,#2655,.T.);
#2985 = ORIENTED_EDGE('',*,*,#2686,.T.);
#2986 = ORIENTED_EDGE('',*,*,#2719,.T.);
#2987 = ORIENTED_EDGE('',*,*,#2759,.F.);
#2988 = ORIENTED_EDGE('',*,*,#2783,.T.);
#2989 = ORIENTED_EDGE('',*,*,#2814,.T.);
#2990 = ORIENTED_EDGE('',*,*,#2845,.T.);
#2991 = ORIENTED_EDGE('',*,*,#2876,.T.);
#2992 = ORIENTED_EDGE('',*,*,#2909,.T.);
#2993 = ORIENTED_EDGE('',*,*,#2940,.F.);
#2994 = PLANE('',#2995);
#2995 = AXIS2_PLACEMENT_3D('',#2996,#2997,#2998);
#2996 = CARTESIAN_POINT('',(8.026,8.151535391952,0.633531379608));
#2997 = DIRECTION('',(1.,-9.860761315263E-32,1.972152263053E-31));
#2998 = DIRECTION('',(6.661338147751E-16,4.440892098501E-16,-1.));
#2999 = MANIFOLD_SOLID_BREP('',#3000);
#3000 = CLOSED_SHELL('',(#3001,#3041,#3072,#3103,#3136,#3167,#3200,#3231
    ,#3262,#3293,#3326,#3357,#3381,#3401));
#3001 = ADVANCED_FACE('',(#3002),#3036,.F.);
#3002 = FACE_BOUND('',#3003,.T.);
#3003 = EDGE_LOOP('',(#3004,#3014,#3022,#3030));
#3004 = ORIENTED_EDGE('',*,*,#3005,.T.);
#3005 = EDGE_CURVE('',#3006,#3008,#3010,.T.);
#3006 = VERTEX_POINT('',#3007);
#3007 = CARTESIAN_POINT('',(8.89,8.350410611629,0.290440044566));
#3008 = VERTEX_POINT('',#3009);
#3009 = CARTESIAN_POINT('',(9.296,8.350410611629,0.290440044566));
#3010 = LINE('',#3011,#3012);
#3011 = CARTESIAN_POINT('',(8.89,8.350410611629,0.290440044566));
#3012 = VECTOR('',#3013,1.);
#3013 = DIRECTION('',(1.,2.22044604925E-16,2.22044604925E-16));
#3014 = ORIENTED_EDGE('',*,*,#3015,.T.);
#3015 = EDGE_CURVE('',#3008,#3016,#3018,.T.);
#3016 = VERTEX_POINT('',#3017);
#3017 = CARTESIAN_POINT('',(9.296,8.92,0.25061047452));
#3018 = LINE('',#3019,#3020);
#3019 = CARTESIAN_POINT('',(9.296,8.350410611629,0.290440044566));
#3020 = VECTOR('',#3021,1.);
#3021 = DIRECTION('',(-1.750365694669E-16,0.99756405026,
    -6.975647374413E-02));
#3022 = ORIENTED_EDGE('',*,*,#3023,.F.);
#3023 = EDGE_CURVE('',#3024,#3016,#3026,.T.);
#3024 = VERTEX_POINT('',#3025);
#3025 = CARTESIAN_POINT('',(8.89,8.92,0.25061047452));
#3026 = LINE('',#3027,#3028);
#3027 = CARTESIAN_POINT('',(8.89,8.92,0.25061047452));
#3028 = VECTOR('',#3029,1.);
#3029 = DIRECTION('',(1.,2.22044604925E-16,2.22044604925E-16));
#3030 = ORIENTED_EDGE('',*,*,#3031,.F.);
#3031 = EDGE_CURVE('',#3006,#3024,#3032,.T.);
#3032 = LINE('',#3033,#3034);
#3033 = CARTESIAN_POINT('',(8.89,8.350410611629,0.290440044566));
#3034 = VECTOR('',#3035,1.);
#3035 = DIRECTION('',(-1.750365694669E-16,0.99756405026,
    -6.975647374413E-02));
#3036 = PLANE('',#3037);
#3037 = AXIS2_PLACEMENT_3D('',#3038,#3039,#3040);
#3038 = CARTESIAN_POINT('',(8.89,8.350410611629,0.290440044566));
#3039 = DIRECTION('',(2.369927640808E-16,-6.975647374412E-02,
    -0.99756405026));
#3040 = DIRECTION('',(-3.097809730696E-17,-0.99756405026,
    6.975647374412E-02));
#3041 = ADVANCED_FACE('',(#3042),#3067,.F.);
#3042 = FACE_BOUND('',#3043,.T.);
#3043 = EDGE_LOOP('',(#3044,#3045,#3053,#3061));
#3044 = ORIENTED_EDGE('',*,*,#3023,.T.);
#3045 = ORIENTED_EDGE('',*,*,#3046,.T.);
#3046 = EDGE_CURVE('',#3016,#3047,#3049,.T.);
#3047 = VERTEX_POINT('',#3048);
#3048 = CARTESIAN_POINT('',(9.296,8.92,6.563638521584E-16));
#3049 = LINE('',#3050,#3051);
#3050 = CARTESIAN_POINT('',(9.296,8.92,0.25061047452));
#3051 = VECTOR('',#3052,1.);
#3052 = DIRECTION('',(6.661338147751E-16,4.440892098501E-16,-1.));
#3053 = ORIENTED_EDGE('',*,*,#3054,.F.);
#3054 = EDGE_CURVE('',#3055,#3047,#3057,.T.);
#3055 = VERTEX_POINT('',#3056);
#3056 = CARTESIAN_POINT('',(8.89,8.92,5.662137425588E-16));
#3057 = LINE('',#3058,#3059);
#3058 = CARTESIAN_POINT('',(8.89,8.92,5.662137425588E-16));
#3059 = VECTOR('',#3060,1.);
#3060 = DIRECTION('',(1.,2.22044604925E-16,2.22044604925E-16));
#3061 = ORIENTED_EDGE('',*,*,#3062,.F.);
#3062 = EDGE_CURVE('',#3024,#3055,#3063,.T.);
#3063 = LINE('',#3064,#3065);
#3064 = CARTESIAN_POINT('',(8.89,8.92,0.25061047452));
#3065 = VECTOR('',#3066,1.);
#3066 = DIRECTION('',(6.661338147751E-16,4.440892098501E-16,-1.));
#3067 = PLANE('',#3068);
#3068 = AXIS2_PLACEMENT_3D('',#3069,#3070,#3071);
#3069 = CARTESIAN_POINT('',(8.89,8.92,0.25061047452));
#3070 = DIRECTION('',(2.22044604925E-16,-1.,-2.22044604925E-16));
#3071 = DIRECTION('',(-4.440892098501E-16,-2.22044604925E-16,1.));
#3072 = ADVANCED_FACE('',(#3073),#3098,.F.);
#3073 = FACE_BOUND('',#3074,.T.);
#3074 = EDGE_LOOP('',(#3075,#3076,#3084,#3092));
#3075 = ORIENTED_EDGE('',*,*,#3054,.T.);
#3076 = ORIENTED_EDGE('',*,*,#3077,.T.);
#3077 = EDGE_CURVE('',#3047,#3078,#3080,.T.);
#3078 = VERTEX_POINT('',#3079);
#3079 = CARTESIAN_POINT('',(9.296,8.127632672711,5.540772108551E-02));
#3080 = LINE('',#3081,#3082);
#3081 = CARTESIAN_POINT('',(9.296,8.92,-1.324274023773E-15));
#3082 = VECTOR('',#3083,1.);
#3083 = DIRECTION('',(1.750365694669E-16,-0.99756405026,
    6.975647374413E-02));
#3084 = ORIENTED_EDGE('',*,*,#3085,.F.);
#3085 = EDGE_CURVE('',#3086,#3078,#3088,.T.);
#3086 = VERTEX_POINT('',#3087);
#3087 = CARTESIAN_POINT('',(8.89,8.127632672711,5.540772108551E-02));
#3088 = LINE('',#3089,#3090);
#3089 = CARTESIAN_POINT('',(8.89,8.127632672711,5.540772108551E-02));
#3090 = VECTOR('',#3091,1.);
#3091 = DIRECTION('',(1.,2.22044604925E-16,2.22044604925E-16));
#3092 = ORIENTED_EDGE('',*,*,#3093,.F.);
#3093 = EDGE_CURVE('',#3055,#3086,#3094,.T.);
#3094 = LINE('',#3095,#3096);
#3095 = CARTESIAN_POINT('',(8.89,8.92,-1.414424133372E-15));
#3096 = VECTOR('',#3097,1.);
#3097 = DIRECTION('',(1.750365694669E-16,-0.99756405026,
    6.975647374413E-02));
#3098 = PLANE('',#3099);
#3099 = AXIS2_PLACEMENT_3D('',#3100,#3101,#3102);
#3100 = CARTESIAN_POINT('',(8.89,8.92,5.662137425588E-16));
#3101 = DIRECTION('',(-2.369927640808E-16,6.975647374412E-02,
    0.99756405026));
#3102 = DIRECTION('',(3.097809730696E-17,0.99756405026,
    -6.975647374412E-02));
#3103 = ADVANCED_FACE('',(#3104),#3131,.T.);
#3104 = FACE_BOUND('',#3105,.T.);
#3105 = EDGE_LOOP('',(#3106,#3107,#3116,#3124));
#3106 = ORIENTED_EDGE('',*,*,#3085,.T.);
#3107 = ORIENTED_EDGE('',*,*,#3108,.T.);
#3108 = EDGE_CURVE('',#3078,#3109,#3111,.T.);
#3109 = VERTEX_POINT('',#3110);
#3110 = CARTESIAN_POINT('',(9.296,8.12,6.115935252015E-02));
#3111 = CIRCLE('',#3112,8.773830972728E-03);
#3112 = AXIS2_PLACEMENT_3D('',#3113,#3114,#3115);
#3113 = CARTESIAN_POINT('',(9.296,8.128244704221,6.416017944695E-02));
#3114 = DIRECTION('',(-1.,-2.22044604925E-16,-6.661338147751E-16));
#3115 = DIRECTION('',(2.22044604925E-16,-1.,-2.22044604925E-16));
#3116 = ORIENTED_EDGE('',*,*,#3117,.F.);
#3117 = EDGE_CURVE('',#3118,#3109,#3120,.T.);
#3118 = VERTEX_POINT('',#3119);
#3119 = CARTESIAN_POINT('',(8.89,8.12,6.115935252015E-02));
#3120 = LINE('',#3121,#3122);
#3121 = CARTESIAN_POINT('',(8.89,8.12,6.115935252015E-02));
#3122 = VECTOR('',#3123,1.);
#3123 = DIRECTION('',(1.,2.22044604925E-16,2.22044604925E-16));
#3124 = ORIENTED_EDGE('',*,*,#3125,.F.);
#3125 = EDGE_CURVE('',#3086,#3118,#3126,.T.);
#3126 = CIRCLE('',#3127,8.773830972728E-03);
#3127 = AXIS2_PLACEMENT_3D('',#3128,#3129,#3130);
#3128 = CARTESIAN_POINT('',(8.89,8.128244704221,6.416017944695E-02));
#3129 = DIRECTION('',(-1.,-2.22044604925E-16,-6.661338147751E-16));
#3130 = DIRECTION('',(2.22044604925E-16,-1.,-2.22044604925E-16));
#3131 = CYLINDRICAL_SURFACE('',#3132,8.773830972728E-03);
#3132 = AXIS2_PLACEMENT_3D('',#3133,#3134,#3135);
#3133 = CARTESIAN_POINT('',(8.89,8.128244704221,6.416017944696E-02));
#3134 = DIRECTION('',(-1.,1.355854680849E-31,-4.440892098501E-16));
#3135 = DIRECTION('',(6.162975822039E-32,-1.,-4.440892098501E-16));
#3136 = ADVANCED_FACE('',(#3137),#3162,.F.);
#3137 = FACE_BOUND('',#3138,.T.);
#3138 = EDGE_LOOP('',(#3139,#3140,#3148,#3156));
#3139 = ORIENTED_EDGE('',*,*,#3117,.T.);
#3140 = ORIENTED_EDGE('',*,*,#3141,.T.);
#3141 = EDGE_CURVE('',#3109,#3142,#3144,.T.);
#3142 = VERTEX_POINT('',#3143);
#3143 = CARTESIAN_POINT('',(9.296,7.733659113,1.122622215766));
#3144 = LINE('',#3145,#3146);
#3145 = CARTESIAN_POINT('',(9.296,8.12,6.115935252015E-02));
#3146 = VECTOR('',#3147,1.);
#3147 = DIRECTION('',(-5.50017302599E-16,-0.342020143326,0.939692620786)
  );
#3148 = ORIENTED_EDGE('',*,*,#3149,.F.);
#3149 = EDGE_CURVE('',#3150,#3142,#3152,.T.);
#3150 = VERTEX_POINT('',#3151);
#3151 = CARTESIAN_POINT('',(8.89,7.733659113,1.122622215766));
#3152 = LINE('',#3153,#3154);
#3153 = CARTESIAN_POINT('',(8.89,7.733659113,1.122622215766));
#3154 = VECTOR('',#3155,1.);
#3155 = DIRECTION('',(1.,2.22044604925E-16,2.22044604925E-16));
#3156 = ORIENTED_EDGE('',*,*,#3157,.F.);
#3157 = EDGE_CURVE('',#3118,#3150,#3158,.T.);
#3158 = LINE('',#3159,#3160);
#3159 = CARTESIAN_POINT('',(8.89,8.12,6.115935252015E-02));
#3160 = VECTOR('',#3161,1.);
#3161 = DIRECTION('',(-5.50017302599E-16,-0.342020143326,0.939692620786)
  );
#3162 = PLANE('',#3163);
#3163 = AXIS2_PLACEMENT_3D('',#3164,#3165,#3166);
#3164 = CARTESIAN_POINT('',(8.89,8.12,6.115935252015E-02));
#3165 = DIRECTION('',(-2.845974043345E-16,0.939692620786,0.342020143326)
  );
#3166 = DIRECTION('',(4.173073534667E-16,0.342020143326,-0.939692620786)
  );
#3167 = ADVANCED_FACE('',(#3168),#3195,.F.);
#3168 = FACE_BOUND('',#3169,.F.);
#3169 = EDGE_LOOP('',(#3170,#3180,#3187,#3188));
#3170 = ORIENTED_EDGE('',*,*,#3171,.T.);
#3171 = EDGE_CURVE('',#3172,#3174,#3176,.T.);
#3172 = VERTEX_POINT('',#3173);
#3173 = CARTESIAN_POINT('',(8.89,7.630292924713,1.195));
#3174 = VERTEX_POINT('',#3175);
#3175 = CARTESIAN_POINT('',(9.296,7.630292924713,1.195));
#3176 = LINE('',#3177,#3178);
#3177 = CARTESIAN_POINT('',(8.89,7.630292924713,1.195));
#3178 = VECTOR('',#3179,1.);
#3179 = DIRECTION('',(1.,2.22044604925E-16,2.22044604925E-16));
#3180 = ORIENTED_EDGE('',*,*,#3181,.T.);
#3181 = EDGE_CURVE('',#3174,#3142,#3182,.T.);
#3182 = CIRCLE('',#3183,0.11);
#3183 = AXIS2_PLACEMENT_3D('',#3184,#3185,#3186);
#3184 = CARTESIAN_POINT('',(9.296,7.630292924713,1.085));
#3185 = DIRECTION('',(-1.,-2.22044604925E-16,-6.661338147751E-16));
#3186 = DIRECTION('',(2.22044604925E-16,-1.,-2.22044604925E-16));
#3187 = ORIENTED_EDGE('',*,*,#3149,.F.);
#3188 = ORIENTED_EDGE('',*,*,#3189,.F.);
#3189 = EDGE_CURVE('',#3172,#3150,#3190,.T.);
#3190 = CIRCLE('',#3191,0.11);
#3191 = AXIS2_PLACEMENT_3D('',#3192,#3193,#3194);
#3192 = CARTESIAN_POINT('',(8.89,7.630292924713,1.085));
#3193 = DIRECTION('',(-1.,-2.22044604925E-16,-6.661338147751E-16));
#3194 = DIRECTION('',(2.22044604925E-16,-1.,-2.22044604925E-16));
#3195 = CYLINDRICAL_SURFACE('',#3196,0.11);
#3196 = AXIS2_PLACEMENT_3D('',#3197,#3198,#3199);
#3197 = CARTESIAN_POINT('',(8.89,7.630292924713,1.085));
#3198 = DIRECTION('',(-1.,1.355854680849E-31,-4.440892098501E-16));
#3199 = DIRECTION('',(6.162975822039E-32,-1.,-4.440892098501E-16));
#3200 = ADVANCED_FACE('',(#3201),#3226,.F.);
#3201 = FACE_BOUND('',#3202,.T.);
#3202 = EDGE_LOOP('',(#3203,#3204,#3212,#3220));
#3203 = ORIENTED_EDGE('',*,*,#3171,.T.);
#3204 = ORIENTED_EDGE('',*,*,#3205,.T.);
#3205 = EDGE_CURVE('',#3174,#3206,#3208,.T.);
#3206 = VERTEX_POINT('',#3207);
#3207 = CARTESIAN_POINT('',(9.296,7.52,1.195));
#3208 = LINE('',#3209,#3210);
#3209 = CARTESIAN_POINT('',(9.296,7.630292924713,1.195));
#3210 = VECTOR('',#3211,1.);
#3211 = DIRECTION('',(2.22044604925E-16,-1.,-2.22044604925E-16));
#3212 = ORIENTED_EDGE('',*,*,#3213,.F.);
#3213 = EDGE_CURVE('',#3214,#3206,#3216,.T.);
#3214 = VERTEX_POINT('',#3215);
#3215 = CARTESIAN_POINT('',(8.89,7.52,1.195));
#3216 = LINE('',#3217,#3218);
#3217 = CARTESIAN_POINT('',(8.89,7.52,1.195));
#3218 = VECTOR('',#3219,1.);
#3219 = DIRECTION('',(1.,2.22044604925E-16,2.22044604925E-16));
#3220 = ORIENTED_EDGE('',*,*,#3221,.F.);
#3221 = EDGE_CURVE('',#3172,#3214,#3222,.T.);
#3222 = LINE('',#3223,#3224);
#3223 = CARTESIAN_POINT('',(8.89,7.630292924713,1.195));
#3224 = VECTOR('',#3225,1.);
#3225 = DIRECTION('',(2.22044604925E-16,-1.,-2.22044604925E-16));
#3226 = PLANE('',#3227);
#3227 = AXIS2_PLACEMENT_3D('',#3228,#3229,#3230);
#3228 = CARTESIAN_POINT('',(8.89,7.630292924713,1.195));
#3229 = DIRECTION('',(-2.22044604925E-16,-4.440892098501E-16,1.));
#3230 = DIRECTION('',(-6.162975822039E-32,1.,4.440892098501E-16));
#3231 = ADVANCED_FACE('',(#3232),#3257,.F.);
#3232 = FACE_BOUND('',#3233,.T.);
#3233 = EDGE_LOOP('',(#3234,#3235,#3243,#3251));
#3234 = ORIENTED_EDGE('',*,*,#3213,.T.);
#3235 = ORIENTED_EDGE('',*,*,#3236,.T.);
#3236 = EDGE_CURVE('',#3206,#3237,#3239,.T.);
#3237 = VERTEX_POINT('',#3238);
#3238 = CARTESIAN_POINT('',(9.296,7.52,1.445));
#3239 = LINE('',#3240,#3241);
#3240 = CARTESIAN_POINT('',(9.296,7.52,1.195));
#3241 = VECTOR('',#3242,1.);
#3242 = DIRECTION('',(-6.661338147751E-16,-4.227038532122E-16,1.));
#3243 = ORIENTED_EDGE('',*,*,#3244,.F.);
#3244 = EDGE_CURVE('',#3245,#3237,#3247,.T.);
#3245 = VERTEX_POINT('',#3246);
#3246 = CARTESIAN_POINT('',(8.89,7.52,1.445));
#3247 = LINE('',#3248,#3249);
#3248 = CARTESIAN_POINT('',(8.89,7.52,1.445));
#3249 = VECTOR('',#3250,1.);
#3250 = DIRECTION('',(1.,2.22044604925E-16,2.22044604925E-16));
#3251 = ORIENTED_EDGE('',*,*,#3252,.F.);
#3252 = EDGE_CURVE('',#3214,#3245,#3253,.T.);
#3253 = LINE('',#3254,#3255);
#3254 = CARTESIAN_POINT('',(8.89,7.52,1.195));
#3255 = VECTOR('',#3256,1.);
#3256 = DIRECTION('',(-6.661338147751E-16,-4.227038532122E-16,1.));
#3257 = PLANE('',#3258);
#3258 = AXIS2_PLACEMENT_3D('',#3259,#3260,#3261);
#3259 = CARTESIAN_POINT('',(8.89,7.52,1.195));
#3260 = DIRECTION('',(-2.22044604925E-16,1.,2.006592482872E-16));
#3261 = DIRECTION('',(4.440892098501E-16,2.006592482872E-16,-1.));
#3262 = ADVANCED_FACE('',(#3263),#3288,.F.);
#3263 = FACE_BOUND('',#3264,.T.);
#3264 = EDGE_LOOP('',(#3265,#3266,#3274,#3282));
#3265 = ORIENTED_EDGE('',*,*,#3244,.T.);
#3266 = ORIENTED_EDGE('',*,*,#3267,.T.);
#3267 = EDGE_CURVE('',#3237,#3268,#3270,.T.);
#3268 = VERTEX_POINT('',#3269);
#3269 = CARTESIAN_POINT('',(9.296,7.85169154622,1.445));
#3270 = LINE('',#3271,#3272);
#3271 = CARTESIAN_POINT('',(9.296,7.52,1.445));
#3272 = VECTOR('',#3273,1.);
#3273 = DIRECTION('',(-2.22044604925E-16,1.,2.22044604925E-16));
#3274 = ORIENTED_EDGE('',*,*,#3275,.F.);
#3275 = EDGE_CURVE('',#3276,#3268,#3278,.T.);
#3276 = VERTEX_POINT('',#3277);
#3277 = CARTESIAN_POINT('',(8.89,7.85169154622,1.445));
#3278 = LINE('',#3279,#3280);
#3279 = CARTESIAN_POINT('',(8.89,7.85169154622,1.445));
#3280 = VECTOR('',#3281,1.);
#3281 = DIRECTION('',(1.,2.22044604925E-16,2.22044604925E-16));
#3282 = ORIENTED_EDGE('',*,*,#3283,.F.);
#3283 = EDGE_CURVE('',#3245,#3276,#3284,.T.);
#3284 = LINE('',#3285,#3286);
#3285 = CARTESIAN_POINT('',(8.89,7.52,1.445));
#3286 = VECTOR('',#3287,1.);
#3287 = DIRECTION('',(-2.22044604925E-16,1.,2.22044604925E-16));
#3288 = PLANE('',#3289);
#3289 = AXIS2_PLACEMENT_3D('',#3290,#3291,#3292);
#3290 = CARTESIAN_POINT('',(8.89,7.52,1.445));
#3291 = DIRECTION('',(2.22044604925E-16,4.440892098501E-16,-1.));
#3292 = DIRECTION('',(6.162975822039E-32,-1.,-4.440892098501E-16));
#3293 = ADVANCED_FACE('',(#3294),#3321,.T.);
#3294 = FACE_BOUND('',#3295,.T.);
#3295 = EDGE_LOOP('',(#3296,#3297,#3306,#3314));
#3296 = ORIENTED_EDGE('',*,*,#3275,.T.);
#3297 = ORIENTED_EDGE('',*,*,#3298,.T.);
#3298 = EDGE_CURVE('',#3268,#3299,#3301,.T.);
#3299 = VERTEX_POINT('',#3300);
#3300 = CARTESIAN_POINT('',(9.296,7.892859479936,1.416173902479));
#3301 = CIRCLE('',#3302,4.381E-02);
#3302 = AXIS2_PLACEMENT_3D('',#3303,#3304,#3305);
#3303 = CARTESIAN_POINT('',(9.296,7.85169154622,1.40119));
#3304 = DIRECTION('',(-1.,-2.22044604925E-16,-6.661338147751E-16));
#3305 = DIRECTION('',(2.22044604925E-16,-1.,-2.22044604925E-16));
#3306 = ORIENTED_EDGE('',*,*,#3307,.F.);
#3307 = EDGE_CURVE('',#3308,#3299,#3310,.T.);
#3308 = VERTEX_POINT('',#3309);
#3309 = CARTESIAN_POINT('',(8.89,7.892859479936,1.416173902479));
#3310 = LINE('',#3311,#3312);
#3311 = CARTESIAN_POINT('',(8.89,7.892859479936,1.416173902479));
#3312 = VECTOR('',#3313,1.);
#3313 = DIRECTION('',(1.,2.22044604925E-16,2.22044604925E-16));
#3314 = ORIENTED_EDGE('',*,*,#3315,.F.);
#3315 = EDGE_CURVE('',#3276,#3308,#3316,.T.);
#3316 = CIRCLE('',#3317,4.381E-02);
#3317 = AXIS2_PLACEMENT_3D('',#3318,#3319,#3320);
#3318 = CARTESIAN_POINT('',(8.89,7.85169154622,1.40119));
#3319 = DIRECTION('',(-1.,-2.22044604925E-16,-6.661338147751E-16));
#3320 = DIRECTION('',(2.22044604925E-16,-1.,-2.22044604925E-16));
#3321 = CYLINDRICAL_SURFACE('',#3322,4.381E-02);
#3322 = AXIS2_PLACEMENT_3D('',#3323,#3324,#3325);
#3323 = CARTESIAN_POINT('',(8.89,7.85169154622,1.40119));
#3324 = DIRECTION('',(-1.,1.355854680849E-31,-4.440892098501E-16));
#3325 = DIRECTION('',(6.162975822039E-32,-1.,-4.440892098501E-16));
#3326 = ADVANCED_FACE('',(#3327),#3352,.F.);
#3327 = FACE_BOUND('',#3328,.T.);
#3328 = EDGE_LOOP('',(#3329,#3330,#3338,#3346));
#3329 = ORIENTED_EDGE('',*,*,#3307,.T.);
#3330 = ORIENTED_EDGE('',*,*,#3331,.T.);
#3331 = EDGE_CURVE('',#3299,#3332,#3334,.T.);
#3332 = VERTEX_POINT('',#3333);
#3333 = CARTESIAN_POINT('',(9.296,8.284521647852,0.340090940077));
#3334 = LINE('',#3335,#3336);
#3335 = CARTESIAN_POINT('',(9.296,7.892859479936,1.416173902479));
#3336 = VECTOR('',#3337,1.);
#3337 = DIRECTION('',(5.50017302599E-16,0.342020143326,-0.939692620786)
  );
#3338 = ORIENTED_EDGE('',*,*,#3339,.F.);
#3339 = EDGE_CURVE('',#3340,#3332,#3342,.T.);
#3340 = VERTEX_POINT('',#3341);
#3341 = CARTESIAN_POINT('',(8.89,8.284521647852,0.340090940077));
#3342 = LINE('',#3343,#3344);
#3343 = CARTESIAN_POINT('',(8.89,8.284521647852,0.340090940077));
#3344 = VECTOR('',#3345,1.);
#3345 = DIRECTION('',(1.,2.22044604925E-16,2.22044604925E-16));
#3346 = ORIENTED_EDGE('',*,*,#3347,.F.);
#3347 = EDGE_CURVE('',#3308,#3340,#3348,.T.);
#3348 = LINE('',#3349,#3350);
#3349 = CARTESIAN_POINT('',(8.89,7.892859479936,1.416173902479));
#3350 = VECTOR('',#3351,1.);
#3351 = DIRECTION('',(5.50017302599E-16,0.342020143326,-0.939692620786)
  );
#3352 = PLANE('',#3353);
#3353 = AXIS2_PLACEMENT_3D('',#3354,#3355,#3356);
#3354 = CARTESIAN_POINT('',(8.89,7.892859479936,1.416173902479));
#3355 = DIRECTION('',(2.845974043345E-16,-0.939692620786,-0.342020143326
    ));
#3356 = DIRECTION('',(-4.173073534667E-16,-0.342020143326,0.939692620786
    ));
#3357 = ADVANCED_FACE('',(#3358),#3376,.F.);
#3358 = FACE_BOUND('',#3359,.F.);
#3359 = EDGE_LOOP('',(#3360,#3361,#3368,#3369));
#3360 = ORIENTED_EDGE('',*,*,#3005,.T.);
#3361 = ORIENTED_EDGE('',*,*,#3362,.T.);
#3362 = EDGE_CURVE('',#3008,#3332,#3363,.T.);
#3363 = CIRCLE('',#3364,7.574E-02);
#3364 = AXIS2_PLACEMENT_3D('',#3365,#3366,#3367);
#3365 = CARTESIAN_POINT('',(9.296,8.35569396695,0.365995545733));
#3366 = DIRECTION('',(-1.,-2.22044604925E-16,-6.661338147751E-16));
#3367 = DIRECTION('',(2.22044604925E-16,-1.,-2.22044604925E-16));
#3368 = ORIENTED_EDGE('',*,*,#3339,.F.);
#3369 = ORIENTED_EDGE('',*,*,#3370,.F.);
#3370 = EDGE_CURVE('',#3006,#3340,#3371,.T.);
#3371 = CIRCLE('',#3372,7.574E-02);
#3372 = AXIS2_PLACEMENT_3D('',#3373,#3374,#3375);
#3373 = CARTESIAN_POINT('',(8.89,8.35569396695,0.365995545733));
#3374 = DIRECTION('',(-1.,-2.22044604925E-16,-6.661338147751E-16));
#3375 = DIRECTION('',(2.22044604925E-16,-1.,-2.22044604925E-16));
#3376 = CYLINDRICAL_SURFACE('',#3377,7.574E-02);
#3377 = AXIS2_PLACEMENT_3D('',#3378,#3379,#3380);
#3378 = CARTESIAN_POINT('',(8.89,8.35569396695,0.365995545733));
#3379 = DIRECTION('',(-1.,1.355854680849E-31,-4.440892098501E-16));
#3380 = DIRECTION('',(6.162975822039E-32,-1.,-4.440892098501E-16));
#3381 = ADVANCED_FACE('',(#3382),#3396,.F.);
#3382 = FACE_BOUND('',#3383,.T.);
#3383 = EDGE_LOOP('',(#3384,#3385,#3386,#3387,#3388,#3389,#3390,#3391,
    #3392,#3393,#3394,#3395));
#3384 = ORIENTED_EDGE('',*,*,#3031,.T.);
#3385 = ORIENTED_EDGE('',*,*,#3062,.T.);
#3386 = ORIENTED_EDGE('',*,*,#3093,.T.);
#3387 = ORIENTED_EDGE('',*,*,#3125,.T.);
#3388 = ORIENTED_EDGE('',*,*,#3157,.T.);
#3389 = ORIENTED_EDGE('',*,*,#3189,.F.);
#3390 = ORIENTED_EDGE('',*,*,#3221,.T.);
#3391 = ORIENTED_EDGE('',*,*,#3252,.T.);
#3392 = ORIENTED_EDGE('',*,*,#3283,.T.);
#3393 = ORIENTED_EDGE('',*,*,#3315,.T.);
#3394 = ORIENTED_EDGE('',*,*,#3347,.T.);
#3395 = ORIENTED_EDGE('',*,*,#3370,.F.);
#3396 = PLANE('',#3397);
#3397 = AXIS2_PLACEMENT_3D('',#3398,#3399,#3400);
#3398 = CARTESIAN_POINT('',(8.89,8.151535391952,0.633531379608));
#3399 = DIRECTION('',(1.,-9.860761315263E-32,1.972152263053E-31));
#3400 = DIRECTION('',(6.661338147751E-16,4.440892098501E-16,-1.));
#3401 = ADVANCED_FACE('',(#3402),#3416,.T.);
#3402 = FACE_BOUND('',#3403,.F.);
#3403 = EDGE_LOOP('',(#3404,#3405,#3406,#3407,#3408,#3409,#3410,#3411,
    #3412,#3413,#3414,#3415));
#3404 = ORIENTED_EDGE('',*,*,#3015,.T.);
#3405 = ORIENTED_EDGE('',*,*,#3046,.T.);
#3406 = ORIENTED_EDGE('',*,*,#3077,.T.);
#3407 = ORIENTED_EDGE('',*,*,#3108,.T.);
#3408 = ORIENTED_EDGE('',*,*,#3141,.T.);
#3409 = ORIENTED_EDGE('',*,*,#3181,.F.);
#3410 = ORIENTED_EDGE('',*,*,#3205,.T.);
#3411 = ORIENTED_EDGE('',*,*,#3236,.T.);
#3412 = ORIENTED_EDGE('',*,*,#3267,.T.);
#3413 = ORIENTED_EDGE('',*,*,#3298,.T.);
#3414 = ORIENTED_EDGE('',*,*,#3331,.T.);
#3415 = ORIENTED_EDGE('',*,*,#3362,.F.);
#3416 = PLANE('',#3417);
#3417 = AXIS2_PLACEMENT_3D('',#3418,#3419,#3420);
#3418 = CARTESIAN_POINT('',(9.296,8.151535391952,0.633531379608));
#3419 = DIRECTION('',(1.,-9.860761315263E-32,1.972152263053E-31));
#3420 = DIRECTION('',(6.661338147751E-16,4.440892098501E-16,-1.));
#3421 = MANIFOLD_SOLID_BREP('',#3422);
#3422 = CLOSED_SHELL('',(#3423,#3463,#3494,#3525,#3558,#3589,#3622,#3653
    ,#3684,#3715,#3748,#3779,#3803,#3823));
#3423 = ADVANCED_FACE('',(#3424),#3458,.F.);
#3424 = FACE_BOUND('',#3425,.T.);
#3425 = EDGE_LOOP('',(#3426,#3436,#3444,#3452));
#3426 = ORIENTED_EDGE('',*,*,#3427,.T.);
#3427 = EDGE_CURVE('',#3428,#3430,#3432,.T.);
#3428 = VERTEX_POINT('',#3429);
#3429 = CARTESIAN_POINT('',(10.16,8.350410611629,0.290440044566));
#3430 = VERTEX_POINT('',#3431);
#3431 = CARTESIAN_POINT('',(10.566,8.350410611629,0.290440044566));
#3432 = LINE('',#3433,#3434);
#3433 = CARTESIAN_POINT('',(10.16,8.350410611629,0.290440044566));
#3434 = VECTOR('',#3435,1.);
#3435 = DIRECTION('',(1.,2.22044604925E-16,2.22044604925E-16));
#3436 = ORIENTED_EDGE('',*,*,#3437,.T.);
#3437 = EDGE_CURVE('',#3430,#3438,#3440,.T.);
#3438 = VERTEX_POINT('',#3439);
#3439 = CARTESIAN_POINT('',(10.566,8.92,0.25061047452));
#3440 = LINE('',#3441,#3442);
#3441 = CARTESIAN_POINT('',(10.566,8.350410611629,0.290440044566));
#3442 = VECTOR('',#3443,1.);
#3443 = DIRECTION('',(-1.750365694669E-16,0.99756405026,
    -6.975647374413E-02));
#3444 = ORIENTED_EDGE('',*,*,#3445,.F.);
#3445 = EDGE_CURVE('',#3446,#3438,#3448,.T.);
#3446 = VERTEX_POINT('',#3447);
#3447 = CARTESIAN_POINT('',(10.16,8.92,0.25061047452));
#3448 = LINE('',#3449,#3450);
#3449 = CARTESIAN_POINT('',(10.16,8.92,0.25061047452));
#3450 = VECTOR('',#3451,1.);
#3451 = DIRECTION('',(1.,2.22044604925E-16,2.22044604925E-16));
#3452 = ORIENTED_EDGE('',*,*,#3453,.F.);
#3453 = EDGE_CURVE('',#3428,#3446,#3454,.T.);
#3454 = LINE('',#3455,#3456);
#3455 = CARTESIAN_POINT('',(10.16,8.350410611629,0.290440044566));
#3456 = VECTOR('',#3457,1.);
#3457 = DIRECTION('',(-1.750365694669E-16,0.99756405026,
    -6.975647374413E-02));
#3458 = PLANE('',#3459);
#3459 = AXIS2_PLACEMENT_3D('',#3460,#3461,#3462);
#3460 = CARTESIAN_POINT('',(10.16,8.350410611629,0.290440044566));
#3461 = DIRECTION('',(2.369927640808E-16,-6.975647374412E-02,
    -0.99756405026));
#3462 = DIRECTION('',(-3.097809730696E-17,-0.99756405026,
    6.975647374412E-02));
#3463 = ADVANCED_FACE('',(#3464),#3489,.F.);
#3464 = FACE_BOUND('',#3465,.T.);
#3465 = EDGE_LOOP('',(#3466,#3467,#3475,#3483));
#3466 = ORIENTED_EDGE('',*,*,#3445,.T.);
#3467 = ORIENTED_EDGE('',*,*,#3468,.T.);
#3468 = EDGE_CURVE('',#3438,#3469,#3471,.T.);
#3469 = VERTEX_POINT('',#3470);
#3470 = CARTESIAN_POINT('',(10.566,8.92,6.563638521584E-16));
#3471 = LINE('',#3472,#3473);
#3472 = CARTESIAN_POINT('',(10.566,8.92,0.25061047452));
#3473 = VECTOR('',#3474,1.);
#3474 = DIRECTION('',(6.661338147751E-16,4.440892098501E-16,-1.));
#3475 = ORIENTED_EDGE('',*,*,#3476,.F.);
#3476 = EDGE_CURVE('',#3477,#3469,#3479,.T.);
#3477 = VERTEX_POINT('',#3478);
#3478 = CARTESIAN_POINT('',(10.16,8.92,5.662137425588E-16));
#3479 = LINE('',#3480,#3481);
#3480 = CARTESIAN_POINT('',(10.16,8.92,5.662137425588E-16));
#3481 = VECTOR('',#3482,1.);
#3482 = DIRECTION('',(1.,2.22044604925E-16,2.22044604925E-16));
#3483 = ORIENTED_EDGE('',*,*,#3484,.F.);
#3484 = EDGE_CURVE('',#3446,#3477,#3485,.T.);
#3485 = LINE('',#3486,#3487);
#3486 = CARTESIAN_POINT('',(10.16,8.92,0.25061047452));
#3487 = VECTOR('',#3488,1.);
#3488 = DIRECTION('',(6.661338147751E-16,4.440892098501E-16,-1.));
#3489 = PLANE('',#3490);
#3490 = AXIS2_PLACEMENT_3D('',#3491,#3492,#3493);
#3491 = CARTESIAN_POINT('',(10.16,8.92,0.25061047452));
#3492 = DIRECTION('',(2.22044604925E-16,-1.,-2.22044604925E-16));
#3493 = DIRECTION('',(-4.440892098501E-16,-2.22044604925E-16,1.));
#3494 = ADVANCED_FACE('',(#3495),#3520,.F.);
#3495 = FACE_BOUND('',#3496,.T.);
#3496 = EDGE_LOOP('',(#3497,#3498,#3506,#3514));
#3497 = ORIENTED_EDGE('',*,*,#3476,.T.);
#3498 = ORIENTED_EDGE('',*,*,#3499,.T.);
#3499 = EDGE_CURVE('',#3469,#3500,#3502,.T.);
#3500 = VERTEX_POINT('',#3501);
#3501 = CARTESIAN_POINT('',(10.566,8.127632672711,5.540772108551E-02));
#3502 = LINE('',#3503,#3504);
#3503 = CARTESIAN_POINT('',(10.566,8.92,-1.324274023773E-15));
#3504 = VECTOR('',#3505,1.);
#3505 = DIRECTION('',(1.750365694669E-16,-0.99756405026,
    6.975647374413E-02));
#3506 = ORIENTED_EDGE('',*,*,#3507,.F.);
#3507 = EDGE_CURVE('',#3508,#3500,#3510,.T.);
#3508 = VERTEX_POINT('',#3509);
#3509 = CARTESIAN_POINT('',(10.16,8.127632672711,5.540772108551E-02));
#3510 = LINE('',#3511,#3512);
#3511 = CARTESIAN_POINT('',(10.16,8.127632672711,5.540772108551E-02));
#3512 = VECTOR('',#3513,1.);
#3513 = DIRECTION('',(1.,2.22044604925E-16,2.22044604925E-16));
#3514 = ORIENTED_EDGE('',*,*,#3515,.F.);
#3515 = EDGE_CURVE('',#3477,#3508,#3516,.T.);
#3516 = LINE('',#3517,#3518);
#3517 = CARTESIAN_POINT('',(10.16,8.92,-1.414424133372E-15));
#3518 = VECTOR('',#3519,1.);
#3519 = DIRECTION('',(1.750365694669E-16,-0.99756405026,
    6.975647374413E-02));
#3520 = PLANE('',#3521);
#3521 = AXIS2_PLACEMENT_3D('',#3522,#3523,#3524);
#3522 = CARTESIAN_POINT('',(10.16,8.92,5.662137425588E-16));
#3523 = DIRECTION('',(-2.369927640808E-16,6.975647374412E-02,
    0.99756405026));
#3524 = DIRECTION('',(3.097809730696E-17,0.99756405026,
    -6.975647374412E-02));
#3525 = ADVANCED_FACE('',(#3526),#3553,.T.);
#3526 = FACE_BOUND('',#3527,.T.);
#3527 = EDGE_LOOP('',(#3528,#3529,#3538,#3546));
#3528 = ORIENTED_EDGE('',*,*,#3507,.T.);
#3529 = ORIENTED_EDGE('',*,*,#3530,.T.);
#3530 = EDGE_CURVE('',#3500,#3531,#3533,.T.);
#3531 = VERTEX_POINT('',#3532);
#3532 = CARTESIAN_POINT('',(10.566,8.12,6.115935252015E-02));
#3533 = CIRCLE('',#3534,8.773830972728E-03);
#3534 = AXIS2_PLACEMENT_3D('',#3535,#3536,#3537);
#3535 = CARTESIAN_POINT('',(10.566,8.128244704221,6.416017944695E-02));
#3536 = DIRECTION('',(-1.,-2.22044604925E-16,-6.661338147751E-16));
#3537 = DIRECTION('',(2.22044604925E-16,-1.,-2.22044604925E-16));
#3538 = ORIENTED_EDGE('',*,*,#3539,.F.);
#3539 = EDGE_CURVE('',#3540,#3531,#3542,.T.);
#3540 = VERTEX_POINT('',#3541);
#3541 = CARTESIAN_POINT('',(10.16,8.12,6.115935252015E-02));
#3542 = LINE('',#3543,#3544);
#3543 = CARTESIAN_POINT('',(10.16,8.12,6.115935252015E-02));
#3544 = VECTOR('',#3545,1.);
#3545 = DIRECTION('',(1.,2.22044604925E-16,2.22044604925E-16));
#3546 = ORIENTED_EDGE('',*,*,#3547,.F.);
#3547 = EDGE_CURVE('',#3508,#3540,#3548,.T.);
#3548 = CIRCLE('',#3549,8.773830972728E-03);
#3549 = AXIS2_PLACEMENT_3D('',#3550,#3551,#3552);
#3550 = CARTESIAN_POINT('',(10.16,8.128244704221,6.416017944695E-02));
#3551 = DIRECTION('',(-1.,-2.22044604925E-16,-6.661338147751E-16));
#3552 = DIRECTION('',(2.22044604925E-16,-1.,-2.22044604925E-16));
#3553 = CYLINDRICAL_SURFACE('',#3554,8.773830972728E-03);
#3554 = AXIS2_PLACEMENT_3D('',#3555,#3556,#3557);
#3555 = CARTESIAN_POINT('',(10.16,8.128244704221,6.416017944696E-02));
#3556 = DIRECTION('',(-1.,1.355854680849E-31,-4.440892098501E-16));
#3557 = DIRECTION('',(6.162975822039E-32,-1.,-4.440892098501E-16));
#3558 = ADVANCED_FACE('',(#3559),#3584,.F.);
#3559 = FACE_BOUND('',#3560,.T.);
#3560 = EDGE_LOOP('',(#3561,#3562,#3570,#3578));
#3561 = ORIENTED_EDGE('',*,*,#3539,.T.);
#3562 = ORIENTED_EDGE('',*,*,#3563,.T.);
#3563 = EDGE_CURVE('',#3531,#3564,#3566,.T.);
#3564 = VERTEX_POINT('',#3565);
#3565 = CARTESIAN_POINT('',(10.566,7.733659113,1.122622215766));
#3566 = LINE('',#3567,#3568);
#3567 = CARTESIAN_POINT('',(10.566,8.12,6.115935252015E-02));
#3568 = VECTOR('',#3569,1.);
#3569 = DIRECTION('',(-5.50017302599E-16,-0.342020143326,0.939692620786)
  );
#3570 = ORIENTED_EDGE('',*,*,#3571,.F.);
#3571 = EDGE_CURVE('',#3572,#3564,#3574,.T.);
#3572 = VERTEX_POINT('',#3573);
#3573 = CARTESIAN_POINT('',(10.16,7.733659113,1.122622215766));
#3574 = LINE('',#3575,#3576);
#3575 = CARTESIAN_POINT('',(10.16,7.733659113,1.122622215766));
#3576 = VECTOR('',#3577,1.);
#3577 = DIRECTION('',(1.,2.22044604925E-16,2.22044604925E-16));
#3578 = ORIENTED_EDGE('',*,*,#3579,.F.);
#3579 = EDGE_CURVE('',#3540,#3572,#3580,.T.);
#3580 = LINE('',#3581,#3582);
#3581 = CARTESIAN_POINT('',(10.16,8.12,6.115935252015E-02));
#3582 = VECTOR('',#3583,1.);
#3583 = DIRECTION('',(-5.50017302599E-16,-0.342020143326,0.939692620786)
  );
#3584 = PLANE('',#3585);
#3585 = AXIS2_PLACEMENT_3D('',#3586,#3587,#3588);
#3586 = CARTESIAN_POINT('',(10.16,8.12,6.115935252015E-02));
#3587 = DIRECTION('',(-2.845974043345E-16,0.939692620786,0.342020143326)
  );
#3588 = DIRECTION('',(4.173073534667E-16,0.342020143326,-0.939692620786)
  );
#3589 = ADVANCED_FACE('',(#3590),#3617,.F.);
#3590 = FACE_BOUND('',#3591,.F.);
#3591 = EDGE_LOOP('',(#3592,#3602,#3609,#3610));
#3592 = ORIENTED_EDGE('',*,*,#3593,.T.);
#3593 = EDGE_CURVE('',#3594,#3596,#3598,.T.);
#3594 = VERTEX_POINT('',#3595);
#3595 = CARTESIAN_POINT('',(10.16,7.630292924713,1.195));
#3596 = VERTEX_POINT('',#3597);
#3597 = CARTESIAN_POINT('',(10.566,7.630292924713,1.195));
#3598 = LINE('',#3599,#3600);
#3599 = CARTESIAN_POINT('',(10.16,7.630292924713,1.195));
#3600 = VECTOR('',#3601,1.);
#3601 = DIRECTION('',(1.,2.22044604925E-16,2.22044604925E-16));
#3602 = ORIENTED_EDGE('',*,*,#3603,.T.);
#3603 = EDGE_CURVE('',#3596,#3564,#3604,.T.);
#3604 = CIRCLE('',#3605,0.11);
#3605 = AXIS2_PLACEMENT_3D('',#3606,#3607,#3608);
#3606 = CARTESIAN_POINT('',(10.566,7.630292924713,1.085));
#3607 = DIRECTION('',(-1.,-2.22044604925E-16,-6.661338147751E-16));
#3608 = DIRECTION('',(2.22044604925E-16,-1.,-2.22044604925E-16));
#3609 = ORIENTED_EDGE('',*,*,#3571,.F.);
#3610 = ORIENTED_EDGE('',*,*,#3611,.F.);
#3611 = EDGE_CURVE('',#3594,#3572,#3612,.T.);
#3612 = CIRCLE('',#3613,0.11);
#3613 = AXIS2_PLACEMENT_3D('',#3614,#3615,#3616);
#3614 = CARTESIAN_POINT('',(10.16,7.630292924713,1.085));
#3615 = DIRECTION('',(-1.,-2.22044604925E-16,-6.661338147751E-16));
#3616 = DIRECTION('',(2.22044604925E-16,-1.,-2.22044604925E-16));
#3617 = CYLINDRICAL_SURFACE('',#3618,0.11);
#3618 = AXIS2_PLACEMENT_3D('',#3619,#3620,#3621);
#3619 = CARTESIAN_POINT('',(10.16,7.630292924713,1.085));
#3620 = DIRECTION('',(-1.,1.355854680849E-31,-4.440892098501E-16));
#3621 = DIRECTION('',(6.162975822039E-32,-1.,-4.440892098501E-16));
#3622 = ADVANCED_FACE('',(#3623),#3648,.F.);
#3623 = FACE_BOUND('',#3624,.T.);
#3624 = EDGE_LOOP('',(#3625,#3626,#3634,#3642));
#3625 = ORIENTED_EDGE('',*,*,#3593,.T.);
#3626 = ORIENTED_EDGE('',*,*,#3627,.T.);
#3627 = EDGE_CURVE('',#3596,#3628,#3630,.T.);
#3628 = VERTEX_POINT('',#3629);
#3629 = CARTESIAN_POINT('',(10.566,7.52,1.195));
#3630 = LINE('',#3631,#3632);
#3631 = CARTESIAN_POINT('',(10.566,7.630292924713,1.195));
#3632 = VECTOR('',#3633,1.);
#3633 = DIRECTION('',(2.22044604925E-16,-1.,-2.22044604925E-16));
#3634 = ORIENTED_EDGE('',*,*,#3635,.F.);
#3635 = EDGE_CURVE('',#3636,#3628,#3638,.T.);
#3636 = VERTEX_POINT('',#3637);
#3637 = CARTESIAN_POINT('',(10.16,7.52,1.195));
#3638 = LINE('',#3639,#3640);
#3639 = CARTESIAN_POINT('',(10.16,7.52,1.195));
#3640 = VECTOR('',#3641,1.);
#3641 = DIRECTION('',(1.,2.22044604925E-16,2.22044604925E-16));
#3642 = ORIENTED_EDGE('',*,*,#3643,.F.);
#3643 = EDGE_CURVE('',#3594,#3636,#3644,.T.);
#3644 = LINE('',#3645,#3646);
#3645 = CARTESIAN_POINT('',(10.16,7.630292924713,1.195));
#3646 = VECTOR('',#3647,1.);
#3647 = DIRECTION('',(2.22044604925E-16,-1.,-2.22044604925E-16));
#3648 = PLANE('',#3649);
#3649 = AXIS2_PLACEMENT_3D('',#3650,#3651,#3652);
#3650 = CARTESIAN_POINT('',(10.16,7.630292924713,1.195));
#3651 = DIRECTION('',(-2.22044604925E-16,-4.440892098501E-16,1.));
#3652 = DIRECTION('',(-6.162975822039E-32,1.,4.440892098501E-16));
#3653 = ADVANCED_FACE('',(#3654),#3679,.F.);
#3654 = FACE_BOUND('',#3655,.T.);
#3655 = EDGE_LOOP('',(#3656,#3657,#3665,#3673));
#3656 = ORIENTED_EDGE('',*,*,#3635,.T.);
#3657 = ORIENTED_EDGE('',*,*,#3658,.T.);
#3658 = EDGE_CURVE('',#3628,#3659,#3661,.T.);
#3659 = VERTEX_POINT('',#3660);
#3660 = CARTESIAN_POINT('',(10.566,7.52,1.445));
#3661 = LINE('',#3662,#3663);
#3662 = CARTESIAN_POINT('',(10.566,7.52,1.195));
#3663 = VECTOR('',#3664,1.);
#3664 = DIRECTION('',(-6.661338147751E-16,-4.227038532122E-16,1.));
#3665 = ORIENTED_EDGE('',*,*,#3666,.F.);
#3666 = EDGE_CURVE('',#3667,#3659,#3669,.T.);
#3667 = VERTEX_POINT('',#3668);
#3668 = CARTESIAN_POINT('',(10.16,7.52,1.445));
#3669 = LINE('',#3670,#3671);
#3670 = CARTESIAN_POINT('',(10.16,7.52,1.445));
#3671 = VECTOR('',#3672,1.);
#3672 = DIRECTION('',(1.,2.22044604925E-16,2.22044604925E-16));
#3673 = ORIENTED_EDGE('',*,*,#3674,.F.);
#3674 = EDGE_CURVE('',#3636,#3667,#3675,.T.);
#3675 = LINE('',#3676,#3677);
#3676 = CARTESIAN_POINT('',(10.16,7.52,1.195));
#3677 = VECTOR('',#3678,1.);
#3678 = DIRECTION('',(-6.661338147751E-16,-4.227038532122E-16,1.));
#3679 = PLANE('',#3680);
#3680 = AXIS2_PLACEMENT_3D('',#3681,#3682,#3683);
#3681 = CARTESIAN_POINT('',(10.16,7.52,1.195));
#3682 = DIRECTION('',(-2.22044604925E-16,1.,2.006592482872E-16));
#3683 = DIRECTION('',(4.440892098501E-16,2.006592482872E-16,-1.));
#3684 = ADVANCED_FACE('',(#3685),#3710,.F.);
#3685 = FACE_BOUND('',#3686,.T.);
#3686 = EDGE_LOOP('',(#3687,#3688,#3696,#3704));
#3687 = ORIENTED_EDGE('',*,*,#3666,.T.);
#3688 = ORIENTED_EDGE('',*,*,#3689,.T.);
#3689 = EDGE_CURVE('',#3659,#3690,#3692,.T.);
#3690 = VERTEX_POINT('',#3691);
#3691 = CARTESIAN_POINT('',(10.566,7.85169154622,1.445));
#3692 = LINE('',#3693,#3694);
#3693 = CARTESIAN_POINT('',(10.566,7.52,1.445));
#3694 = VECTOR('',#3695,1.);
#3695 = DIRECTION('',(-2.22044604925E-16,1.,2.22044604925E-16));
#3696 = ORIENTED_EDGE('',*,*,#3697,.F.);
#3697 = EDGE_CURVE('',#3698,#3690,#3700,.T.);
#3698 = VERTEX_POINT('',#3699);
#3699 = CARTESIAN_POINT('',(10.16,7.85169154622,1.445));
#3700 = LINE('',#3701,#3702);
#3701 = CARTESIAN_POINT('',(10.16,7.85169154622,1.445));
#3702 = VECTOR('',#3703,1.);
#3703 = DIRECTION('',(1.,2.22044604925E-16,2.22044604925E-16));
#3704 = ORIENTED_EDGE('',*,*,#3705,.F.);
#3705 = EDGE_CURVE('',#3667,#3698,#3706,.T.);
#3706 = LINE('',#3707,#3708);
#3707 = CARTESIAN_POINT('',(10.16,7.52,1.445));
#3708 = VECTOR('',#3709,1.);
#3709 = DIRECTION('',(-2.22044604925E-16,1.,2.22044604925E-16));
#3710 = PLANE('',#3711);
#3711 = AXIS2_PLACEMENT_3D('',#3712,#3713,#3714);
#3712 = CARTESIAN_POINT('',(10.16,7.52,1.445));
#3713 = DIRECTION('',(2.22044604925E-16,4.440892098501E-16,-1.));
#3714 = DIRECTION('',(6.162975822039E-32,-1.,-4.440892098501E-16));
#3715 = ADVANCED_FACE('',(#3716),#3743,.T.);
#3716 = FACE_BOUND('',#3717,.T.);
#3717 = EDGE_LOOP('',(#3718,#3719,#3728,#3736));
#3718 = ORIENTED_EDGE('',*,*,#3697,.T.);
#3719 = ORIENTED_EDGE('',*,*,#3720,.T.);
#3720 = EDGE_CURVE('',#3690,#3721,#3723,.T.);
#3721 = VERTEX_POINT('',#3722);
#3722 = CARTESIAN_POINT('',(10.566,7.892859479936,1.416173902479));
#3723 = CIRCLE('',#3724,4.381E-02);
#3724 = AXIS2_PLACEMENT_3D('',#3725,#3726,#3727);
#3725 = CARTESIAN_POINT('',(10.566,7.85169154622,1.40119));
#3726 = DIRECTION('',(-1.,-2.22044604925E-16,-6.661338147751E-16));
#3727 = DIRECTION('',(2.22044604925E-16,-1.,-2.22044604925E-16));
#3728 = ORIENTED_EDGE('',*,*,#3729,.F.);
#3729 = EDGE_CURVE('',#3730,#3721,#3732,.T.);
#3730 = VERTEX_POINT('',#3731);
#3731 = CARTESIAN_POINT('',(10.16,7.892859479936,1.416173902479));
#3732 = LINE('',#3733,#3734);
#3733 = CARTESIAN_POINT('',(10.16,7.892859479936,1.416173902479));
#3734 = VECTOR('',#3735,1.);
#3735 = DIRECTION('',(1.,2.22044604925E-16,2.22044604925E-16));
#3736 = ORIENTED_EDGE('',*,*,#3737,.F.);
#3737 = EDGE_CURVE('',#3698,#3730,#3738,.T.);
#3738 = CIRCLE('',#3739,4.381E-02);
#3739 = AXIS2_PLACEMENT_3D('',#3740,#3741,#3742);
#3740 = CARTESIAN_POINT('',(10.16,7.85169154622,1.40119));
#3741 = DIRECTION('',(-1.,-2.22044604925E-16,-6.661338147751E-16));
#3742 = DIRECTION('',(2.22044604925E-16,-1.,-2.22044604925E-16));
#3743 = CYLINDRICAL_SURFACE('',#3744,4.381E-02);
#3744 = AXIS2_PLACEMENT_3D('',#3745,#3746,#3747);
#3745 = CARTESIAN_POINT('',(10.16,7.85169154622,1.40119));
#3746 = DIRECTION('',(-1.,1.355854680849E-31,-4.440892098501E-16));
#3747 = DIRECTION('',(6.162975822039E-32,-1.,-4.440892098501E-16));
#3748 = ADVANCED_FACE('',(#3749),#3774,.F.);
#3749 = FACE_BOUND('',#3750,.T.);
#3750 = EDGE_LOOP('',(#3751,#3752,#3760,#3768));
#3751 = ORIENTED_EDGE('',*,*,#3729,.T.);
#3752 = ORIENTED_EDGE('',*,*,#3753,.T.);
#3753 = EDGE_CURVE('',#3721,#3754,#3756,.T.);
#3754 = VERTEX_POINT('',#3755);
#3755 = CARTESIAN_POINT('',(10.566,8.284521647852,0.340090940077));
#3756 = LINE('',#3757,#3758);
#3757 = CARTESIAN_POINT('',(10.566,7.892859479936,1.416173902479));
#3758 = VECTOR('',#3759,1.);
#3759 = DIRECTION('',(5.50017302599E-16,0.342020143326,-0.939692620786)
  );
#3760 = ORIENTED_EDGE('',*,*,#3761,.F.);
#3761 = EDGE_CURVE('',#3762,#3754,#3764,.T.);
#3762 = VERTEX_POINT('',#3763);
#3763 = CARTESIAN_POINT('',(10.16,8.284521647852,0.340090940077));
#3764 = LINE('',#3765,#3766);
#3765 = CARTESIAN_POINT('',(10.16,8.284521647852,0.340090940077));
#3766 = VECTOR('',#3767,1.);
#3767 = DIRECTION('',(1.,2.22044604925E-16,2.22044604925E-16));
#3768 = ORIENTED_EDGE('',*,*,#3769,.F.);
#3769 = EDGE_CURVE('',#3730,#3762,#3770,.T.);
#3770 = LINE('',#3771,#3772);
#3771 = CARTESIAN_POINT('',(10.16,7.892859479936,1.416173902479));
#3772 = VECTOR('',#3773,1.);
#3773 = DIRECTION('',(5.50017302599E-16,0.342020143326,-0.939692620786)
  );
#3774 = PLANE('',#3775);
#3775 = AXIS2_PLACEMENT_3D('',#3776,#3777,#3778);
#3776 = CARTESIAN_POINT('',(10.16,7.892859479936,1.416173902479));
#3777 = DIRECTION('',(2.845974043345E-16,-0.939692620786,-0.342020143326
    ));
#3778 = DIRECTION('',(-4.173073534667E-16,-0.342020143326,0.939692620786
    ));
#3779 = ADVANCED_FACE('',(#3780),#3798,.F.);
#3780 = FACE_BOUND('',#3781,.F.);
#3781 = EDGE_LOOP('',(#3782,#3783,#3790,#3791));
#3782 = ORIENTED_EDGE('',*,*,#3427,.T.);
#3783 = ORIENTED_EDGE('',*,*,#3784,.T.);
#3784 = EDGE_CURVE('',#3430,#3754,#3785,.T.);
#3785 = CIRCLE('',#3786,7.574E-02);
#3786 = AXIS2_PLACEMENT_3D('',#3787,#3788,#3789);
#3787 = CARTESIAN_POINT('',(10.566,8.35569396695,0.365995545733));
#3788 = DIRECTION('',(-1.,-2.22044604925E-16,-6.661338147751E-16));
#3789 = DIRECTION('',(2.22044604925E-16,-1.,-2.22044604925E-16));
#3790 = ORIENTED_EDGE('',*,*,#3761,.F.);
#3791 = ORIENTED_EDGE('',*,*,#3792,.F.);
#3792 = EDGE_CURVE('',#3428,#3762,#3793,.T.);
#3793 = CIRCLE('',#3794,7.574E-02);
#3794 = AXIS2_PLACEMENT_3D('',#3795,#3796,#3797);
#3795 = CARTESIAN_POINT('',(10.16,8.35569396695,0.365995545733));
#3796 = DIRECTION('',(-1.,-2.22044604925E-16,-6.661338147751E-16));
#3797 = DIRECTION('',(2.22044604925E-16,-1.,-2.22044604925E-16));
#3798 = CYLINDRICAL_SURFACE('',#3799,7.574E-02);
#3799 = AXIS2_PLACEMENT_3D('',#3800,#3801,#3802);
#3800 = CARTESIAN_POINT('',(10.16,8.35569396695,0.365995545733));
#3801 = DIRECTION('',(-1.,1.355854680849E-31,-4.440892098501E-16));
#3802 = DIRECTION('',(6.162975822039E-32,-1.,-4.440892098501E-16));
#3803 = ADVANCED_FACE('',(#3804),#3818,.F.);
#3804 = FACE_BOUND('',#3805,.T.);
#3805 = EDGE_LOOP('',(#3806,#3807,#3808,#3809,#3810,#3811,#3812,#3813,
    #3814,#3815,#3816,#3817));
#3806 = ORIENTED_EDGE('',*,*,#3453,.T.);
#3807 = ORIENTED_EDGE('',*,*,#3484,.T.);
#3808 = ORIENTED_EDGE('',*,*,#3515,.T.);
#3809 = ORIENTED_EDGE('',*,*,#3547,.T.);
#3810 = ORIENTED_EDGE('',*,*,#3579,.T.);
#3811 = ORIENTED_EDGE('',*,*,#3611,.F.);
#3812 = ORIENTED_EDGE('',*,*,#3643,.T.);
#3813 = ORIENTED_EDGE('',*,*,#3674,.T.);
#3814 = ORIENTED_EDGE('',*,*,#3705,.T.);
#3815 = ORIENTED_EDGE('',*,*,#3737,.T.);
#3816 = ORIENTED_EDGE('',*,*,#3769,.T.);
#3817 = ORIENTED_EDGE('',*,*,#3792,.F.);
#3818 = PLANE('',#3819);
#3819 = AXIS2_PLACEMENT_3D('',#3820,#3821,#3822);
#3820 = CARTESIAN_POINT('',(10.16,8.151535391952,0.633531379608));
#3821 = DIRECTION('',(1.,-9.860761315263E-32,1.972152263053E-31));
#3822 = DIRECTION('',(6.661338147751E-16,4.440892098501E-16,-1.));
#3823 = ADVANCED_FACE('',(#3824),#3838,.T.);
#3824 = FACE_BOUND('',#3825,.F.);
#3825 = EDGE_LOOP('',(#3826,#3827,#3828,#3829,#3830,#3831,#3832,#3833,
    #3834,#3835,#3836,#3837));
#3826 = ORIENTED_EDGE('',*,*,#3437,.T.);
#3827 = ORIENTED_EDGE('',*,*,#3468,.T.);
#3828 = ORIENTED_EDGE('',*,*,#3499,.T.);
#3829 = ORIENTED_EDGE('',*,*,#3530,.T.);
#3830 = ORIENTED_EDGE('',*,*,#3563,.T.);
#3831 = ORIENTED_EDGE('',*,*,#3603,.F.);
#3832 = ORIENTED_EDGE('',*,*,#3627,.T.);
#3833 = ORIENTED_EDGE('',*,*,#3658,.T.);
#3834 = ORIENTED_EDGE('',*,*,#3689,.T.);
#3835 = ORIENTED_EDGE('',*,*,#3720,.T.);
#3836 = ORIENTED_EDGE('',*,*,#3753,.T.);
#3837 = ORIENTED_EDGE('',*,*,#3784,.F.);
#3838 = PLANE('',#3839);
#3839 = AXIS2_PLACEMENT_3D('',#3840,#3841,#3842);
#3840 = CARTESIAN_POINT('',(10.566,8.151535391952,0.633531379608));
#3841 = DIRECTION('',(1.,-9.860761315263E-32,1.972152263053E-31));
#3842 = DIRECTION('',(6.661338147751E-16,4.440892098501E-16,-1.));
#3843 = MANIFOLD_SOLID_BREP('',#3844);
#3844 = CLOSED_SHELL('',(#3845,#3885,#3916,#3947,#3980,#4011,#4044,#4075
    ,#4106,#4137,#4170,#4201,#4225,#4245));
#3845 = ADVANCED_FACE('',(#3846),#3880,.F.);
#3846 = FACE_BOUND('',#3847,.T.);
#3847 = EDGE_LOOP('',(#3848,#3858,#3866,#3874));
#3848 = ORIENTED_EDGE('',*,*,#3849,.T.);
#3849 = EDGE_CURVE('',#3850,#3852,#3854,.T.);
#3850 = VERTEX_POINT('',#3851);
#3851 = CARTESIAN_POINT('',(11.43,8.350410611629,0.290440044566));
#3852 = VERTEX_POINT('',#3853);
#3853 = CARTESIAN_POINT('',(11.836,8.350410611629,0.290440044566));
#3854 = LINE('',#3855,#3856);
#3855 = CARTESIAN_POINT('',(11.43,8.350410611629,0.290440044566));
#3856 = VECTOR('',#3857,1.);
#3857 = DIRECTION('',(1.,2.22044604925E-16,2.22044604925E-16));
#3858 = ORIENTED_EDGE('',*,*,#3859,.T.);
#3859 = EDGE_CURVE('',#3852,#3860,#3862,.T.);
#3860 = VERTEX_POINT('',#3861);
#3861 = CARTESIAN_POINT('',(11.836,8.92,0.25061047452));
#3862 = LINE('',#3863,#3864);
#3863 = CARTESIAN_POINT('',(11.836,8.350410611629,0.290440044566));
#3864 = VECTOR('',#3865,1.);
#3865 = DIRECTION('',(-1.750365694669E-16,0.99756405026,
    -6.975647374413E-02));
#3866 = ORIENTED_EDGE('',*,*,#3867,.F.);
#3867 = EDGE_CURVE('',#3868,#3860,#3870,.T.);
#3868 = VERTEX_POINT('',#3869);
#3869 = CARTESIAN_POINT('',(11.43,8.92,0.25061047452));
#3870 = LINE('',#3871,#3872);
#3871 = CARTESIAN_POINT('',(11.43,8.92,0.25061047452));
#3872 = VECTOR('',#3873,1.);
#3873 = DIRECTION('',(1.,2.22044604925E-16,2.22044604925E-16));
#3874 = ORIENTED_EDGE('',*,*,#3875,.F.);
#3875 = EDGE_CURVE('',#3850,#3868,#3876,.T.);
#3876 = LINE('',#3877,#3878);
#3877 = CARTESIAN_POINT('',(11.43,8.350410611629,0.290440044566));
#3878 = VECTOR('',#3879,1.);
#3879 = DIRECTION('',(-1.750365694669E-16,0.99756405026,
    -6.975647374413E-02));
#3880 = PLANE('',#3881);
#3881 = AXIS2_PLACEMENT_3D('',#3882,#3883,#3884);
#3882 = CARTESIAN_POINT('',(11.43,8.350410611629,0.290440044566));
#3883 = DIRECTION('',(2.369927640808E-16,-6.975647374412E-02,
    -0.99756405026));
#3884 = DIRECTION('',(-3.097809730696E-17,-0.99756405026,
    6.975647374412E-02));
#3885 = ADVANCED_FACE('',(#3886),#3911,.F.);
#3886 = FACE_BOUND('',#3887,.T.);
#3887 = EDGE_LOOP('',(#3888,#3889,#3897,#3905));
#3888 = ORIENTED_EDGE('',*,*,#3867,.T.);
#3889 = ORIENTED_EDGE('',*,*,#3890,.T.);
#3890 = EDGE_CURVE('',#3860,#3891,#3893,.T.);
#3891 = VERTEX_POINT('',#3892);
#3892 = CARTESIAN_POINT('',(11.836,8.92,6.563638521584E-16));
#3893 = LINE('',#3894,#3895);
#3894 = CARTESIAN_POINT('',(11.836,8.92,0.25061047452));
#3895 = VECTOR('',#3896,1.);
#3896 = DIRECTION('',(6.661338147751E-16,4.440892098501E-16,-1.));
#3897 = ORIENTED_EDGE('',*,*,#3898,.F.);
#3898 = EDGE_CURVE('',#3899,#3891,#3901,.T.);
#3899 = VERTEX_POINT('',#3900);
#3900 = CARTESIAN_POINT('',(11.43,8.92,5.662137425588E-16));
#3901 = LINE('',#3902,#3903);
#3902 = CARTESIAN_POINT('',(11.43,8.92,5.662137425588E-16));
#3903 = VECTOR('',#3904,1.);
#3904 = DIRECTION('',(1.,2.22044604925E-16,2.22044604925E-16));
#3905 = ORIENTED_EDGE('',*,*,#3906,.F.);
#3906 = EDGE_CURVE('',#3868,#3899,#3907,.T.);
#3907 = LINE('',#3908,#3909);
#3908 = CARTESIAN_POINT('',(11.43,8.92,0.25061047452));
#3909 = VECTOR('',#3910,1.);
#3910 = DIRECTION('',(6.661338147751E-16,4.440892098501E-16,-1.));
#3911 = PLANE('',#3912);
#3912 = AXIS2_PLACEMENT_3D('',#3913,#3914,#3915);
#3913 = CARTESIAN_POINT('',(11.43,8.92,0.25061047452));
#3914 = DIRECTION('',(2.22044604925E-16,-1.,-2.22044604925E-16));
#3915 = DIRECTION('',(-4.440892098501E-16,-2.22044604925E-16,1.));
#3916 = ADVANCED_FACE('',(#3917),#3942,.F.);
#3917 = FACE_BOUND('',#3918,.T.);
#3918 = EDGE_LOOP('',(#3919,#3920,#3928,#3936));
#3919 = ORIENTED_EDGE('',*,*,#3898,.T.);
#3920 = ORIENTED_EDGE('',*,*,#3921,.T.);
#3921 = EDGE_CURVE('',#3891,#3922,#3924,.T.);
#3922 = VERTEX_POINT('',#3923);
#3923 = CARTESIAN_POINT('',(11.836,8.127632672711,5.540772108551E-02));
#3924 = LINE('',#3925,#3926);
#3925 = CARTESIAN_POINT('',(11.836,8.92,-1.324274023773E-15));
#3926 = VECTOR('',#3927,1.);
#3927 = DIRECTION('',(1.750365694669E-16,-0.99756405026,
    6.975647374413E-02));
#3928 = ORIENTED_EDGE('',*,*,#3929,.F.);
#3929 = EDGE_CURVE('',#3930,#3922,#3932,.T.);
#3930 = VERTEX_POINT('',#3931);
#3931 = CARTESIAN_POINT('',(11.43,8.127632672711,5.540772108551E-02));
#3932 = LINE('',#3933,#3934);
#3933 = CARTESIAN_POINT('',(11.43,8.127632672711,5.540772108551E-02));
#3934 = VECTOR('',#3935,1.);
#3935 = DIRECTION('',(1.,2.22044604925E-16,2.22044604925E-16));
#3936 = ORIENTED_EDGE('',*,*,#3937,.F.);
#3937 = EDGE_CURVE('',#3899,#3930,#3938,.T.);
#3938 = LINE('',#3939,#3940);
#3939 = CARTESIAN_POINT('',(11.43,8.92,-1.414424133372E-15));
#3940 = VECTOR('',#3941,1.);
#3941 = DIRECTION('',(1.750365694669E-16,-0.99756405026,
    6.975647374413E-02));
#3942 = PLANE('',#3943);
#3943 = AXIS2_PLACEMENT_3D('',#3944,#3945,#3946);
#3944 = CARTESIAN_POINT('',(11.43,8.92,5.662137425588E-16));
#3945 = DIRECTION('',(-2.369927640808E-16,6.975647374412E-02,
    0.99756405026));
#3946 = DIRECTION('',(3.097809730696E-17,0.99756405026,
    -6.975647374412E-02));
#3947 = ADVANCED_FACE('',(#3948),#3975,.T.);
#3948 = FACE_BOUND('',#3949,.T.);
#3949 = EDGE_LOOP('',(#3950,#3951,#3960,#3968));
#3950 = ORIENTED_EDGE('',*,*,#3929,.T.);
#3951 = ORIENTED_EDGE('',*,*,#3952,.T.);
#3952 = EDGE_CURVE('',#3922,#3953,#3955,.T.);
#3953 = VERTEX_POINT('',#3954);
#3954 = CARTESIAN_POINT('',(11.836,8.12,6.115935252015E-02));
#3955 = CIRCLE('',#3956,8.773830972728E-03);
#3956 = AXIS2_PLACEMENT_3D('',#3957,#3958,#3959);
#3957 = CARTESIAN_POINT('',(11.836,8.128244704221,6.416017944695E-02));
#3958 = DIRECTION('',(-1.,-2.22044604925E-16,-6.661338147751E-16));
#3959 = DIRECTION('',(2.22044604925E-16,-1.,-2.22044604925E-16));
#3960 = ORIENTED_EDGE('',*,*,#3961,.F.);
#3961 = EDGE_CURVE('',#3962,#3953,#3964,.T.);
#3962 = VERTEX_POINT('',#3963);
#3963 = CARTESIAN_POINT('',(11.43,8.12,6.115935252015E-02));
#3964 = LINE('',#3965,#3966);
#3965 = CARTESIAN_POINT('',(11.43,8.12,6.115935252015E-02));
#3966 = VECTOR('',#3967,1.);
#3967 = DIRECTION('',(1.,2.22044604925E-16,2.22044604925E-16));
#3968 = ORIENTED_EDGE('',*,*,#3969,.F.);
#3969 = EDGE_CURVE('',#3930,#3962,#3970,.T.);
#3970 = CIRCLE('',#3971,8.773830972728E-03);
#3971 = AXIS2_PLACEMENT_3D('',#3972,#3973,#3974);
#3972 = CARTESIAN_POINT('',(11.43,8.128244704221,6.416017944695E-02));
#3973 = DIRECTION('',(-1.,-2.22044604925E-16,-6.661338147751E-16));
#3974 = DIRECTION('',(2.22044604925E-16,-1.,-2.22044604925E-16));
#3975 = CYLINDRICAL_SURFACE('',#3976,8.773830972728E-03);
#3976 = AXIS2_PLACEMENT_3D('',#3977,#3978,#3979);
#3977 = CARTESIAN_POINT('',(11.43,8.128244704221,6.416017944696E-02));
#3978 = DIRECTION('',(-1.,1.355854680849E-31,-4.440892098501E-16));
#3979 = DIRECTION('',(6.162975822039E-32,-1.,-4.440892098501E-16));
#3980 = ADVANCED_FACE('',(#3981),#4006,.F.);
#3981 = FACE_BOUND('',#3982,.T.);
#3982 = EDGE_LOOP('',(#3983,#3984,#3992,#4000));
#3983 = ORIENTED_EDGE('',*,*,#3961,.T.);
#3984 = ORIENTED_EDGE('',*,*,#3985,.T.);
#3985 = EDGE_CURVE('',#3953,#3986,#3988,.T.);
#3986 = VERTEX_POINT('',#3987);
#3987 = CARTESIAN_POINT('',(11.836,7.733659113,1.122622215766));
#3988 = LINE('',#3989,#3990);
#3989 = CARTESIAN_POINT('',(11.836,8.12,6.115935252015E-02));
#3990 = VECTOR('',#3991,1.);
#3991 = DIRECTION('',(-5.50017302599E-16,-0.342020143326,0.939692620786)
  );
#3992 = ORIENTED_EDGE('',*,*,#3993,.F.);
#3993 = EDGE_CURVE('',#3994,#3986,#3996,.T.);
#3994 = VERTEX_POINT('',#3995);
#3995 = CARTESIAN_POINT('',(11.43,7.733659113,1.122622215766));
#3996 = LINE('',#3997,#3998);
#3997 = CARTESIAN_POINT('',(11.43,7.733659113,1.122622215766));
#3998 = VECTOR('',#3999,1.);
#3999 = DIRECTION('',(1.,2.22044604925E-16,2.22044604925E-16));
#4000 = ORIENTED_EDGE('',*,*,#4001,.F.);
#4001 = EDGE_CURVE('',#3962,#3994,#4002,.T.);
#4002 = LINE('',#4003,#4004);
#4003 = CARTESIAN_POINT('',(11.43,8.12,6.115935252015E-02));
#4004 = VECTOR('',#4005,1.);
#4005 = DIRECTION('',(-5.50017302599E-16,-0.342020143326,0.939692620786)
  );
#4006 = PLANE('',#4007);
#4007 = AXIS2_PLACEMENT_3D('',#4008,#4009,#4010);
#4008 = CARTESIAN_POINT('',(11.43,8.12,6.115935252015E-02));
#4009 = DIRECTION('',(-2.845974043345E-16,0.939692620786,0.342020143326)
  );
#4010 = DIRECTION('',(4.173073534667E-16,0.342020143326,-0.939692620786)
  );
#4011 = ADVANCED_FACE('',(#4012),#4039,.F.);
#4012 = FACE_BOUND('',#4013,.F.);
#4013 = EDGE_LOOP('',(#4014,#4024,#4031,#4032));
#4014 = ORIENTED_EDGE('',*,*,#4015,.T.);
#4015 = EDGE_CURVE('',#4016,#4018,#4020,.T.);
#4016 = VERTEX_POINT('',#4017);
#4017 = CARTESIAN_POINT('',(11.43,7.630292924713,1.195));
#4018 = VERTEX_POINT('',#4019);
#4019 = CARTESIAN_POINT('',(11.836,7.630292924713,1.195));
#4020 = LINE('',#4021,#4022);
#4021 = CARTESIAN_POINT('',(11.43,7.630292924713,1.195));
#4022 = VECTOR('',#4023,1.);
#4023 = DIRECTION('',(1.,2.22044604925E-16,2.22044604925E-16));
#4024 = ORIENTED_EDGE('',*,*,#4025,.T.);
#4025 = EDGE_CURVE('',#4018,#3986,#4026,.T.);
#4026 = CIRCLE('',#4027,0.11);
#4027 = AXIS2_PLACEMENT_3D('',#4028,#4029,#4030);
#4028 = CARTESIAN_POINT('',(11.836,7.630292924713,1.085));
#4029 = DIRECTION('',(-1.,-2.22044604925E-16,-6.661338147751E-16));
#4030 = DIRECTION('',(2.22044604925E-16,-1.,-2.22044604925E-16));
#4031 = ORIENTED_EDGE('',*,*,#3993,.F.);
#4032 = ORIENTED_EDGE('',*,*,#4033,.F.);
#4033 = EDGE_CURVE('',#4016,#3994,#4034,.T.);
#4034 = CIRCLE('',#4035,0.11);
#4035 = AXIS2_PLACEMENT_3D('',#4036,#4037,#4038);
#4036 = CARTESIAN_POINT('',(11.43,7.630292924713,1.085));
#4037 = DIRECTION('',(-1.,-2.22044604925E-16,-6.661338147751E-16));
#4038 = DIRECTION('',(2.22044604925E-16,-1.,-2.22044604925E-16));
#4039 = CYLINDRICAL_SURFACE('',#4040,0.11);
#4040 = AXIS2_PLACEMENT_3D('',#4041,#4042,#4043);
#4041 = CARTESIAN_POINT('',(11.43,7.630292924713,1.085));
#4042 = DIRECTION('',(-1.,1.355854680849E-31,-4.440892098501E-16));
#4043 = DIRECTION('',(6.162975822039E-32,-1.,-4.440892098501E-16));
#4044 = ADVANCED_FACE('',(#4045),#4070,.F.);
#4045 = FACE_BOUND('',#4046,.T.);
#4046 = EDGE_LOOP('',(#4047,#4048,#4056,#4064));
#4047 = ORIENTED_EDGE('',*,*,#4015,.T.);
#4048 = ORIENTED_EDGE('',*,*,#4049,.T.);
#4049 = EDGE_CURVE('',#4018,#4050,#4052,.T.);
#4050 = VERTEX_POINT('',#4051);
#4051 = CARTESIAN_POINT('',(11.836,7.52,1.195));
#4052 = LINE('',#4053,#4054);
#4053 = CARTESIAN_POINT('',(11.836,7.630292924713,1.195));
#4054 = VECTOR('',#4055,1.);
#4055 = DIRECTION('',(2.22044604925E-16,-1.,-2.22044604925E-16));
#4056 = ORIENTED_EDGE('',*,*,#4057,.F.);
#4057 = EDGE_CURVE('',#4058,#4050,#4060,.T.);
#4058 = VERTEX_POINT('',#4059);
#4059 = CARTESIAN_POINT('',(11.43,7.52,1.195));
#4060 = LINE('',#4061,#4062);
#4061 = CARTESIAN_POINT('',(11.43,7.52,1.195));
#4062 = VECTOR('',#4063,1.);
#4063 = DIRECTION('',(1.,2.22044604925E-16,2.22044604925E-16));
#4064 = ORIENTED_EDGE('',*,*,#4065,.F.);
#4065 = EDGE_CURVE('',#4016,#4058,#4066,.T.);
#4066 = LINE('',#4067,#4068);
#4067 = CARTESIAN_POINT('',(11.43,7.630292924713,1.195));
#4068 = VECTOR('',#4069,1.);
#4069 = DIRECTION('',(2.22044604925E-16,-1.,-2.22044604925E-16));
#4070 = PLANE('',#4071);
#4071 = AXIS2_PLACEMENT_3D('',#4072,#4073,#4074);
#4072 = CARTESIAN_POINT('',(11.43,7.630292924713,1.195));
#4073 = DIRECTION('',(-2.22044604925E-16,-4.440892098501E-16,1.));
#4074 = DIRECTION('',(-6.162975822039E-32,1.,4.440892098501E-16));
#4075 = ADVANCED_FACE('',(#4076),#4101,.F.);
#4076 = FACE_BOUND('',#4077,.T.);
#4077 = EDGE_LOOP('',(#4078,#4079,#4087,#4095));
#4078 = ORIENTED_EDGE('',*,*,#4057,.T.);
#4079 = ORIENTED_EDGE('',*,*,#4080,.T.);
#4080 = EDGE_CURVE('',#4050,#4081,#4083,.T.);
#4081 = VERTEX_POINT('',#4082);
#4082 = CARTESIAN_POINT('',(11.836,7.52,1.445));
#4083 = LINE('',#4084,#4085);
#4084 = CARTESIAN_POINT('',(11.836,7.52,1.195));
#4085 = VECTOR('',#4086,1.);
#4086 = DIRECTION('',(-6.661338147751E-16,-4.227038532122E-16,1.));
#4087 = ORIENTED_EDGE('',*,*,#4088,.F.);
#4088 = EDGE_CURVE('',#4089,#4081,#4091,.T.);
#4089 = VERTEX_POINT('',#4090);
#4090 = CARTESIAN_POINT('',(11.43,7.52,1.445));
#4091 = LINE('',#4092,#4093);
#4092 = CARTESIAN_POINT('',(11.43,7.52,1.445));
#4093 = VECTOR('',#4094,1.);
#4094 = DIRECTION('',(1.,2.22044604925E-16,2.22044604925E-16));
#4095 = ORIENTED_EDGE('',*,*,#4096,.F.);
#4096 = EDGE_CURVE('',#4058,#4089,#4097,.T.);
#4097 = LINE('',#4098,#4099);
#4098 = CARTESIAN_POINT('',(11.43,7.52,1.195));
#4099 = VECTOR('',#4100,1.);
#4100 = DIRECTION('',(-6.661338147751E-16,-4.227038532122E-16,1.));
#4101 = PLANE('',#4102);
#4102 = AXIS2_PLACEMENT_3D('',#4103,#4104,#4105);
#4103 = CARTESIAN_POINT('',(11.43,7.52,1.195));
#4104 = DIRECTION('',(-2.22044604925E-16,1.,2.006592482872E-16));
#4105 = DIRECTION('',(4.440892098501E-16,2.006592482872E-16,-1.));
#4106 = ADVANCED_FACE('',(#4107),#4132,.F.);
#4107 = FACE_BOUND('',#4108,.T.);
#4108 = EDGE_LOOP('',(#4109,#4110,#4118,#4126));
#4109 = ORIENTED_EDGE('',*,*,#4088,.T.);
#4110 = ORIENTED_EDGE('',*,*,#4111,.T.);
#4111 = EDGE_CURVE('',#4081,#4112,#4114,.T.);
#4112 = VERTEX_POINT('',#4113);
#4113 = CARTESIAN_POINT('',(11.836,7.85169154622,1.445));
#4114 = LINE('',#4115,#4116);
#4115 = CARTESIAN_POINT('',(11.836,7.52,1.445));
#4116 = VECTOR('',#4117,1.);
#4117 = DIRECTION('',(-2.22044604925E-16,1.,2.22044604925E-16));
#4118 = ORIENTED_EDGE('',*,*,#4119,.F.);
#4119 = EDGE_CURVE('',#4120,#4112,#4122,.T.);
#4120 = VERTEX_POINT('',#4121);
#4121 = CARTESIAN_POINT('',(11.43,7.85169154622,1.445));
#4122 = LINE('',#4123,#4124);
#4123 = CARTESIAN_POINT('',(11.43,7.85169154622,1.445));
#4124 = VECTOR('',#4125,1.);
#4125 = DIRECTION('',(1.,2.22044604925E-16,2.22044604925E-16));
#4126 = ORIENTED_EDGE('',*,*,#4127,.F.);
#4127 = EDGE_CURVE('',#4089,#4120,#4128,.T.);
#4128 = LINE('',#4129,#4130);
#4129 = CARTESIAN_POINT('',(11.43,7.52,1.445));
#4130 = VECTOR('',#4131,1.);
#4131 = DIRECTION('',(-2.22044604925E-16,1.,2.22044604925E-16));
#4132 = PLANE('',#4133);
#4133 = AXIS2_PLACEMENT_3D('',#4134,#4135,#4136);
#4134 = CARTESIAN_POINT('',(11.43,7.52,1.445));
#4135 = DIRECTION('',(2.22044604925E-16,4.440892098501E-16,-1.));
#4136 = DIRECTION('',(6.162975822039E-32,-1.,-4.440892098501E-16));
#4137 = ADVANCED_FACE('',(#4138),#4165,.T.);
#4138 = FACE_BOUND('',#4139,.T.);
#4139 = EDGE_LOOP('',(#4140,#4141,#4150,#4158));
#4140 = ORIENTED_EDGE('',*,*,#4119,.T.);
#4141 = ORIENTED_EDGE('',*,*,#4142,.T.);
#4142 = EDGE_CURVE('',#4112,#4143,#4145,.T.);
#4143 = VERTEX_POINT('',#4144);
#4144 = CARTESIAN_POINT('',(11.836,7.892859479936,1.416173902479));
#4145 = CIRCLE('',#4146,4.381E-02);
#4146 = AXIS2_PLACEMENT_3D('',#4147,#4148,#4149);
#4147 = CARTESIAN_POINT('',(11.836,7.85169154622,1.40119));
#4148 = DIRECTION('',(-1.,-2.22044604925E-16,-6.661338147751E-16));
#4149 = DIRECTION('',(2.22044604925E-16,-1.,-2.22044604925E-16));
#4150 = ORIENTED_EDGE('',*,*,#4151,.F.);
#4151 = EDGE_CURVE('',#4152,#4143,#4154,.T.);
#4152 = VERTEX_POINT('',#4153);
#4153 = CARTESIAN_POINT('',(11.43,7.892859479936,1.416173902479));
#4154 = LINE('',#4155,#4156);
#4155 = CARTESIAN_POINT('',(11.43,7.892859479936,1.416173902479));
#4156 = VECTOR('',#4157,1.);
#4157 = DIRECTION('',(1.,2.22044604925E-16,2.22044604925E-16));
#4158 = ORIENTED_EDGE('',*,*,#4159,.F.);
#4159 = EDGE_CURVE('',#4120,#4152,#4160,.T.);
#4160 = CIRCLE('',#4161,4.381E-02);
#4161 = AXIS2_PLACEMENT_3D('',#4162,#4163,#4164);
#4162 = CARTESIAN_POINT('',(11.43,7.85169154622,1.40119));
#4163 = DIRECTION('',(-1.,-2.22044604925E-16,-6.661338147751E-16));
#4164 = DIRECTION('',(2.22044604925E-16,-1.,-2.22044604925E-16));
#4165 = CYLINDRICAL_SURFACE('',#4166,4.381E-02);
#4166 = AXIS2_PLACEMENT_3D('',#4167,#4168,#4169);
#4167 = CARTESIAN_POINT('',(11.43,7.85169154622,1.40119));
#4168 = DIRECTION('',(-1.,1.355854680849E-31,-4.440892098501E-16));
#4169 = DIRECTION('',(6.162975822039E-32,-1.,-4.440892098501E-16));
#4170 = ADVANCED_FACE('',(#4171),#4196,.F.);
#4171 = FACE_BOUND('',#4172,.T.);
#4172 = EDGE_LOOP('',(#4173,#4174,#4182,#4190));
#4173 = ORIENTED_EDGE('',*,*,#4151,.T.);
#4174 = ORIENTED_EDGE('',*,*,#4175,.T.);
#4175 = EDGE_CURVE('',#4143,#4176,#4178,.T.);
#4176 = VERTEX_POINT('',#4177);
#4177 = CARTESIAN_POINT('',(11.836,8.284521647852,0.340090940077));
#4178 = LINE('',#4179,#4180);
#4179 = CARTESIAN_POINT('',(11.836,7.892859479936,1.416173902479));
#4180 = VECTOR('',#4181,1.);
#4181 = DIRECTION('',(5.50017302599E-16,0.342020143326,-0.939692620786)
  );
#4182 = ORIENTED_EDGE('',*,*,#4183,.F.);
#4183 = EDGE_CURVE('',#4184,#4176,#4186,.T.);
#4184 = VERTEX_POINT('',#4185);
#4185 = CARTESIAN_POINT('',(11.43,8.284521647852,0.340090940077));
#4186 = LINE('',#4187,#4188);
#4187 = CARTESIAN_POINT('',(11.43,8.284521647852,0.340090940077));
#4188 = VECTOR('',#4189,1.);
#4189 = DIRECTION('',(1.,2.22044604925E-16,2.22044604925E-16));
#4190 = ORIENTED_EDGE('',*,*,#4191,.F.);
#4191 = EDGE_CURVE('',#4152,#4184,#4192,.T.);
#4192 = LINE('',#4193,#4194);
#4193 = CARTESIAN_POINT('',(11.43,7.892859479936,1.416173902479));
#4194 = VECTOR('',#4195,1.);
#4195 = DIRECTION('',(5.50017302599E-16,0.342020143326,-0.939692620786)
  );
#4196 = PLANE('',#4197);
#4197 = AXIS2_PLACEMENT_3D('',#4198,#4199,#4200);
#4198 = CARTESIAN_POINT('',(11.43,7.892859479936,1.416173902479));
#4199 = DIRECTION('',(2.845974043345E-16,-0.939692620786,-0.342020143326
    ));
#4200 = DIRECTION('',(-4.173073534667E-16,-0.342020143326,0.939692620786
    ));
#4201 = ADVANCED_FACE('',(#4202),#4220,.F.);
#4202 = FACE_BOUND('',#4203,.F.);
#4203 = EDGE_LOOP('',(#4204,#4205,#4212,#4213));
#4204 = ORIENTED_EDGE('',*,*,#3849,.T.);
#4205 = ORIENTED_EDGE('',*,*,#4206,.T.);
#4206 = EDGE_CURVE('',#3852,#4176,#4207,.T.);
#4207 = CIRCLE('',#4208,7.574E-02);
#4208 = AXIS2_PLACEMENT_3D('',#4209,#4210,#4211);
#4209 = CARTESIAN_POINT('',(11.836,8.35569396695,0.365995545733));
#4210 = DIRECTION('',(-1.,-2.22044604925E-16,-6.661338147751E-16));
#4211 = DIRECTION('',(2.22044604925E-16,-1.,-2.22044604925E-16));
#4212 = ORIENTED_EDGE('',*,*,#4183,.F.);
#4213 = ORIENTED_EDGE('',*,*,#4214,.F.);
#4214 = EDGE_CURVE('',#3850,#4184,#4215,.T.);
#4215 = CIRCLE('',#4216,7.574E-02);
#4216 = AXIS2_PLACEMENT_3D('',#4217,#4218,#4219);
#4217 = CARTESIAN_POINT('',(11.43,8.35569396695,0.365995545733));
#4218 = DIRECTION('',(-1.,-2.22044604925E-16,-6.661338147751E-16));
#4219 = DIRECTION('',(2.22044604925E-16,-1.,-2.22044604925E-16));
#4220 = CYLINDRICAL_SURFACE('',#4221,7.574E-02);
#4221 = AXIS2_PLACEMENT_3D('',#4222,#4223,#4224);
#4222 = CARTESIAN_POINT('',(11.43,8.35569396695,0.365995545733));
#4223 = DIRECTION('',(-1.,1.355854680849E-31,-4.440892098501E-16));
#4224 = DIRECTION('',(6.162975822039E-32,-1.,-4.440892098501E-16));
#4225 = ADVANCED_FACE('',(#4226),#4240,.F.);
#4226 = FACE_BOUND('',#4227,.T.);
#4227 = EDGE_LOOP('',(#4228,#4229,#4230,#4231,#4232,#4233,#4234,#4235,
    #4236,#4237,#4238,#4239));
#4228 = ORIENTED_EDGE('',*,*,#3875,.T.);
#4229 = ORIENTED_EDGE('',*,*,#3906,.T.);
#4230 = ORIENTED_EDGE('',*,*,#3937,.T.);
#4231 = ORIENTED_EDGE('',*,*,#3969,.T.);
#4232 = ORIENTED_EDGE('',*,*,#4001,.T.);
#4233 = ORIENTED_EDGE('',*,*,#4033,.F.);
#4234 = ORIENTED_EDGE('',*,*,#4065,.T.);
#4235 = ORIENTED_EDGE('',*,*,#4096,.T.);
#4236 = ORIENTED_EDGE('',*,*,#4127,.T.);
#4237 = ORIENTED_EDGE('',*,*,#4159,.T.);
#4238 = ORIENTED_EDGE('',*,*,#4191,.T.);
#4239 = ORIENTED_EDGE('',*,*,#4214,.F.);
#4240 = PLANE('',#4241);
#4241 = AXIS2_PLACEMENT_3D('',#4242,#4243,#4244);
#4242 = CARTESIAN_POINT('',(11.43,8.151535391952,0.633531379608));
#4243 = DIRECTION('',(1.,-9.860761315263E-32,1.972152263053E-31));
#4244 = DIRECTION('',(6.661338147751E-16,4.440892098501E-16,-1.));
#4245 = ADVANCED_FACE('',(#4246),#4260,.T.);
#4246 = FACE_BOUND('',#4247,.F.);
#4247 = EDGE_LOOP('',(#4248,#4249,#4250,#4251,#4252,#4253,#4254,#4255,
    #4256,#4257,#4258,#4259));
#4248 = ORIENTED_EDGE('',*,*,#3859,.T.);
#4249 = ORIENTED_EDGE('',*,*,#3890,.T.);
#4250 = ORIENTED_EDGE('',*,*,#3921,.T.);
#4251 = ORIENTED_EDGE('',*,*,#3952,.T.);
#4252 = ORIENTED_EDGE('',*,*,#3985,.T.);
#4253 = ORIENTED_EDGE('',*,*,#4025,.F.);
#4254 = ORIENTED_EDGE('',*,*,#4049,.T.);
#4255 = ORIENTED_EDGE('',*,*,#4080,.T.);
#4256 = ORIENTED_EDGE('',*,*,#4111,.T.);
#4257 = ORIENTED_EDGE('',*,*,#4142,.T.);
#4258 = ORIENTED_EDGE('',*,*,#4175,.T.);
#4259 = ORIENTED_EDGE('',*,*,#4206,.F.);
#4260 = PLANE('',#4261);
#4261 = AXIS2_PLACEMENT_3D('',#4262,#4263,#4264);
#4262 = CARTESIAN_POINT('',(11.836,8.151535391952,0.633531379608));
#4263 = DIRECTION('',(1.,-9.860761315263E-32,1.972152263053E-31));
#4264 = DIRECTION('',(6.661338147751E-16,4.440892098501E-16,-1.));
#4265 = MANIFOLD_SOLID_BREP('',#4266);
#4266 = CLOSED_SHELL('',(#4267,#4307,#4338,#4369,#4402,#4433,#4466,#4497
    ,#4528,#4559,#4592,#4623,#4647,#4667));
#4267 = ADVANCED_FACE('',(#4268),#4302,.F.);
#4268 = FACE_BOUND('',#4269,.T.);
#4269 = EDGE_LOOP('',(#4270,#4280,#4288,#4296));
#4270 = ORIENTED_EDGE('',*,*,#4271,.T.);
#4271 = EDGE_CURVE('',#4272,#4274,#4276,.T.);
#4272 = VERTEX_POINT('',#4273);
#4273 = CARTESIAN_POINT('',(12.7,8.350410611629,0.290440044566));
#4274 = VERTEX_POINT('',#4275);
#4275 = CARTESIAN_POINT('',(13.106,8.350410611629,0.290440044566));
#4276 = LINE('',#4277,#4278);
#4277 = CARTESIAN_POINT('',(12.7,8.350410611629,0.290440044566));
#4278 = VECTOR('',#4279,1.);
#4279 = DIRECTION('',(1.,2.22044604925E-16,2.22044604925E-16));
#4280 = ORIENTED_EDGE('',*,*,#4281,.T.);
#4281 = EDGE_CURVE('',#4274,#4282,#4284,.T.);
#4282 = VERTEX_POINT('',#4283);
#4283 = CARTESIAN_POINT('',(13.106,8.92,0.25061047452));
#4284 = LINE('',#4285,#4286);
#4285 = CARTESIAN_POINT('',(13.106,8.350410611629,0.290440044566));
#4286 = VECTOR('',#4287,1.);
#4287 = DIRECTION('',(-1.750365694669E-16,0.99756405026,
    -6.975647374413E-02));
#4288 = ORIENTED_EDGE('',*,*,#4289,.F.);
#4289 = EDGE_CURVE('',#4290,#4282,#4292,.T.);
#4290 = VERTEX_POINT('',#4291);
#4291 = CARTESIAN_POINT('',(12.7,8.92,0.25061047452));
#4292 = LINE('',#4293,#4294);
#4293 = CARTESIAN_POINT('',(12.7,8.92,0.25061047452));
#4294 = VECTOR('',#4295,1.);
#4295 = DIRECTION('',(1.,2.22044604925E-16,2.22044604925E-16));
#4296 = ORIENTED_EDGE('',*,*,#4297,.F.);
#4297 = EDGE_CURVE('',#4272,#4290,#4298,.T.);
#4298 = LINE('',#4299,#4300);
#4299 = CARTESIAN_POINT('',(12.7,8.350410611629,0.290440044566));
#4300 = VECTOR('',#4301,1.);
#4301 = DIRECTION('',(-1.750365694669E-16,0.99756405026,
    -6.975647374413E-02));
#4302 = PLANE('',#4303);
#4303 = AXIS2_PLACEMENT_3D('',#4304,#4305,#4306);
#4304 = CARTESIAN_POINT('',(12.7,8.350410611629,0.290440044566));
#4305 = DIRECTION('',(2.369927640808E-16,-6.975647374412E-02,
    -0.99756405026));
#4306 = DIRECTION('',(-3.097809730696E-17,-0.99756405026,
    6.975647374412E-02));
#4307 = ADVANCED_FACE('',(#4308),#4333,.F.);
#4308 = FACE_BOUND('',#4309,.T.);
#4309 = EDGE_LOOP('',(#4310,#4311,#4319,#4327));
#4310 = ORIENTED_EDGE('',*,*,#4289,.T.);
#4311 = ORIENTED_EDGE('',*,*,#4312,.T.);
#4312 = EDGE_CURVE('',#4282,#4313,#4315,.T.);
#4313 = VERTEX_POINT('',#4314);
#4314 = CARTESIAN_POINT('',(13.106,8.92,6.563638521584E-16));
#4315 = LINE('',#4316,#4317);
#4316 = CARTESIAN_POINT('',(13.106,8.92,0.25061047452));
#4317 = VECTOR('',#4318,1.);
#4318 = DIRECTION('',(6.661338147751E-16,4.440892098501E-16,-1.));
#4319 = ORIENTED_EDGE('',*,*,#4320,.F.);
#4320 = EDGE_CURVE('',#4321,#4313,#4323,.T.);
#4321 = VERTEX_POINT('',#4322);
#4322 = CARTESIAN_POINT('',(12.7,8.92,5.662137425588E-16));
#4323 = LINE('',#4324,#4325);
#4324 = CARTESIAN_POINT('',(12.7,8.92,5.662137425588E-16));
#4325 = VECTOR('',#4326,1.);
#4326 = DIRECTION('',(1.,2.22044604925E-16,2.22044604925E-16));
#4327 = ORIENTED_EDGE('',*,*,#4328,.F.);
#4328 = EDGE_CURVE('',#4290,#4321,#4329,.T.);
#4329 = LINE('',#4330,#4331);
#4330 = CARTESIAN_POINT('',(12.7,8.92,0.25061047452));
#4331 = VECTOR('',#4332,1.);
#4332 = DIRECTION('',(6.661338147751E-16,4.440892098501E-16,-1.));
#4333 = PLANE('',#4334);
#4334 = AXIS2_PLACEMENT_3D('',#4335,#4336,#4337);
#4335 = CARTESIAN_POINT('',(12.7,8.92,0.25061047452));
#4336 = DIRECTION('',(2.22044604925E-16,-1.,-2.22044604925E-16));
#4337 = DIRECTION('',(-4.440892098501E-16,-2.22044604925E-16,1.));
#4338 = ADVANCED_FACE('',(#4339),#4364,.F.);
#4339 = FACE_BOUND('',#4340,.T.);
#4340 = EDGE_LOOP('',(#4341,#4342,#4350,#4358));
#4341 = ORIENTED_EDGE('',*,*,#4320,.T.);
#4342 = ORIENTED_EDGE('',*,*,#4343,.T.);
#4343 = EDGE_CURVE('',#4313,#4344,#4346,.T.);
#4344 = VERTEX_POINT('',#4345);
#4345 = CARTESIAN_POINT('',(13.106,8.127632672711,5.540772108551E-02));
#4346 = LINE('',#4347,#4348);
#4347 = CARTESIAN_POINT('',(13.106,8.92,-1.324274023773E-15));
#4348 = VECTOR('',#4349,1.);
#4349 = DIRECTION('',(1.750365694669E-16,-0.99756405026,
    6.975647374413E-02));
#4350 = ORIENTED_EDGE('',*,*,#4351,.F.);
#4351 = EDGE_CURVE('',#4352,#4344,#4354,.T.);
#4352 = VERTEX_POINT('',#4353);
#4353 = CARTESIAN_POINT('',(12.7,8.127632672711,5.540772108551E-02));
#4354 = LINE('',#4355,#4356);
#4355 = CARTESIAN_POINT('',(12.7,8.127632672711,5.540772108551E-02));
#4356 = VECTOR('',#4357,1.);
#4357 = DIRECTION('',(1.,2.22044604925E-16,2.22044604925E-16));
#4358 = ORIENTED_EDGE('',*,*,#4359,.F.);
#4359 = EDGE_CURVE('',#4321,#4352,#4360,.T.);
#4360 = LINE('',#4361,#4362);
#4361 = CARTESIAN_POINT('',(12.7,8.92,-1.414424133372E-15));
#4362 = VECTOR('',#4363,1.);
#4363 = DIRECTION('',(1.750365694669E-16,-0.99756405026,
    6.975647374413E-02));
#4364 = PLANE('',#4365);
#4365 = AXIS2_PLACEMENT_3D('',#4366,#4367,#4368);
#4366 = CARTESIAN_POINT('',(12.7,8.92,5.662137425588E-16));
#4367 = DIRECTION('',(-2.369927640808E-16,6.975647374412E-02,
    0.99756405026));
#4368 = DIRECTION('',(3.097809730696E-17,0.99756405026,
    -6.975647374412E-02));
#4369 = ADVANCED_FACE('',(#4370),#4397,.T.);
#4370 = FACE_BOUND('',#4371,.T.);
#4371 = EDGE_LOOP('',(#4372,#4373,#4382,#4390));
#4372 = ORIENTED_EDGE('',*,*,#4351,.T.);
#4373 = ORIENTED_EDGE('',*,*,#4374,.T.);
#4374 = EDGE_CURVE('',#4344,#4375,#4377,.T.);
#4375 = VERTEX_POINT('',#4376);
#4376 = CARTESIAN_POINT('',(13.106,8.12,6.115935252015E-02));
#4377 = CIRCLE('',#4378,8.773830972728E-03);
#4378 = AXIS2_PLACEMENT_3D('',#4379,#4380,#4381);
#4379 = CARTESIAN_POINT('',(13.106,8.128244704221,6.416017944695E-02));
#4380 = DIRECTION('',(-1.,-2.22044604925E-16,-6.661338147751E-16));
#4381 = DIRECTION('',(2.22044604925E-16,-1.,-2.22044604925E-16));
#4382 = ORIENTED_EDGE('',*,*,#4383,.F.);
#4383 = EDGE_CURVE('',#4384,#4375,#4386,.T.);
#4384 = VERTEX_POINT('',#4385);
#4385 = CARTESIAN_POINT('',(12.7,8.12,6.115935252015E-02));
#4386 = LINE('',#4387,#4388);
#4387 = CARTESIAN_POINT('',(12.7,8.12,6.115935252015E-02));
#4388 = VECTOR('',#4389,1.);
#4389 = DIRECTION('',(1.,2.22044604925E-16,2.22044604925E-16));
#4390 = ORIENTED_EDGE('',*,*,#4391,.F.);
#4391 = EDGE_CURVE('',#4352,#4384,#4392,.T.);
#4392 = CIRCLE('',#4393,8.773830972728E-03);
#4393 = AXIS2_PLACEMENT_3D('',#4394,#4395,#4396);
#4394 = CARTESIAN_POINT('',(12.7,8.128244704221,6.416017944695E-02));
#4395 = DIRECTION('',(-1.,-2.22044604925E-16,-6.661338147751E-16));
#4396 = DIRECTION('',(2.22044604925E-16,-1.,-2.22044604925E-16));
#4397 = CYLINDRICAL_SURFACE('',#4398,8.773830972728E-03);
#4398 = AXIS2_PLACEMENT_3D('',#4399,#4400,#4401);
#4399 = CARTESIAN_POINT('',(12.7,8.128244704221,6.416017944696E-02));
#4400 = DIRECTION('',(-1.,1.355854680849E-31,-4.440892098501E-16));
#4401 = DIRECTION('',(6.162975822039E-32,-1.,-4.440892098501E-16));
#4402 = ADVANCED_FACE('',(#4403),#4428,.F.);
#4403 = FACE_BOUND('',#4404,.T.);
#4404 = EDGE_LOOP('',(#4405,#4406,#4414,#4422));
#4405 = ORIENTED_EDGE('',*,*,#4383,.T.);
#4406 = ORIENTED_EDGE('',*,*,#4407,.T.);
#4407 = EDGE_CURVE('',#4375,#4408,#4410,.T.);
#4408 = VERTEX_POINT('',#4409);
#4409 = CARTESIAN_POINT('',(13.106,7.733659113,1.122622215766));
#4410 = LINE('',#4411,#4412);
#4411 = CARTESIAN_POINT('',(13.106,8.12,6.115935252015E-02));
#4412 = VECTOR('',#4413,1.);
#4413 = DIRECTION('',(-5.50017302599E-16,-0.342020143326,0.939692620786)
  );
#4414 = ORIENTED_EDGE('',*,*,#4415,.F.);
#4415 = EDGE_CURVE('',#4416,#4408,#4418,.T.);
#4416 = VERTEX_POINT('',#4417);
#4417 = CARTESIAN_POINT('',(12.7,7.733659113,1.122622215766));
#4418 = LINE('',#4419,#4420);
#4419 = CARTESIAN_POINT('',(12.7,7.733659113,1.122622215766));
#4420 = VECTOR('',#4421,1.);
#4421 = DIRECTION('',(1.,2.22044604925E-16,2.22044604925E-16));
#4422 = ORIENTED_EDGE('',*,*,#4423,.F.);
#4423 = EDGE_CURVE('',#4384,#4416,#4424,.T.);
#4424 = LINE('',#4425,#4426);
#4425 = CARTESIAN_POINT('',(12.7,8.12,6.115935252015E-02));
#4426 = VECTOR('',#4427,1.);
#4427 = DIRECTION('',(-5.50017302599E-16,-0.342020143326,0.939692620786)
  );
#4428 = PLANE('',#4429);
#4429 = AXIS2_PLACEMENT_3D('',#4430,#4431,#4432);
#4430 = CARTESIAN_POINT('',(12.7,8.12,6.115935252015E-02));
#4431 = DIRECTION('',(-2.845974043345E-16,0.939692620786,0.342020143326)
  );
#4432 = DIRECTION('',(4.173073534667E-16,0.342020143326,-0.939692620786)
  );
#4433 = ADVANCED_FACE('',(#4434),#4461,.F.);
#4434 = FACE_BOUND('',#4435,.F.);
#4435 = EDGE_LOOP('',(#4436,#4446,#4453,#4454));
#4436 = ORIENTED_EDGE('',*,*,#4437,.T.);
#4437 = EDGE_CURVE('',#4438,#4440,#4442,.T.);
#4438 = VERTEX_POINT('',#4439);
#4439 = CARTESIAN_POINT('',(12.7,7.630292924713,1.195));
#4440 = VERTEX_POINT('',#4441);
#4441 = CARTESIAN_POINT('',(13.106,7.630292924713,1.195));
#4442 = LINE('',#4443,#4444);
#4443 = CARTESIAN_POINT('',(12.7,7.630292924713,1.195));
#4444 = VECTOR('',#4445,1.);
#4445 = DIRECTION('',(1.,2.22044604925E-16,2.22044604925E-16));
#4446 = ORIENTED_EDGE('',*,*,#4447,.T.);
#4447 = EDGE_CURVE('',#4440,#4408,#4448,.T.);
#4448 = CIRCLE('',#4449,0.11);
#4449 = AXIS2_PLACEMENT_3D('',#4450,#4451,#4452);
#4450 = CARTESIAN_POINT('',(13.106,7.630292924713,1.085));
#4451 = DIRECTION('',(-1.,-2.22044604925E-16,-6.661338147751E-16));
#4452 = DIRECTION('',(2.22044604925E-16,-1.,-2.22044604925E-16));
#4453 = ORIENTED_EDGE('',*,*,#4415,.F.);
#4454 = ORIENTED_EDGE('',*,*,#4455,.F.);
#4455 = EDGE_CURVE('',#4438,#4416,#4456,.T.);
#4456 = CIRCLE('',#4457,0.11);
#4457 = AXIS2_PLACEMENT_3D('',#4458,#4459,#4460);
#4458 = CARTESIAN_POINT('',(12.7,7.630292924713,1.085));
#4459 = DIRECTION('',(-1.,-2.22044604925E-16,-6.661338147751E-16));
#4460 = DIRECTION('',(2.22044604925E-16,-1.,-2.22044604925E-16));
#4461 = CYLINDRICAL_SURFACE('',#4462,0.11);
#4462 = AXIS2_PLACEMENT_3D('',#4463,#4464,#4465);
#4463 = CARTESIAN_POINT('',(12.7,7.630292924713,1.085));
#4464 = DIRECTION('',(-1.,1.355854680849E-31,-4.440892098501E-16));
#4465 = DIRECTION('',(6.162975822039E-32,-1.,-4.440892098501E-16));
#4466 = ADVANCED_FACE('',(#4467),#4492,.F.);
#4467 = FACE_BOUND('',#4468,.T.);
#4468 = EDGE_LOOP('',(#4469,#4470,#4478,#4486));
#4469 = ORIENTED_EDGE('',*,*,#4437,.T.);
#4470 = ORIENTED_EDGE('',*,*,#4471,.T.);
#4471 = EDGE_CURVE('',#4440,#4472,#4474,.T.);
#4472 = VERTEX_POINT('',#4473);
#4473 = CARTESIAN_POINT('',(13.106,7.52,1.195));
#4474 = LINE('',#4475,#4476);
#4475 = CARTESIAN_POINT('',(13.106,7.630292924713,1.195));
#4476 = VECTOR('',#4477,1.);
#4477 = DIRECTION('',(2.22044604925E-16,-1.,-2.22044604925E-16));
#4478 = ORIENTED_EDGE('',*,*,#4479,.F.);
#4479 = EDGE_CURVE('',#4480,#4472,#4482,.T.);
#4480 = VERTEX_POINT('',#4481);
#4481 = CARTESIAN_POINT('',(12.7,7.52,1.195));
#4482 = LINE('',#4483,#4484);
#4483 = CARTESIAN_POINT('',(12.7,7.52,1.195));
#4484 = VECTOR('',#4485,1.);
#4485 = DIRECTION('',(1.,2.22044604925E-16,2.22044604925E-16));
#4486 = ORIENTED_EDGE('',*,*,#4487,.F.);
#4487 = EDGE_CURVE('',#4438,#4480,#4488,.T.);
#4488 = LINE('',#4489,#4490);
#4489 = CARTESIAN_POINT('',(12.7,7.630292924713,1.195));
#4490 = VECTOR('',#4491,1.);
#4491 = DIRECTION('',(2.22044604925E-16,-1.,-2.22044604925E-16));
#4492 = PLANE('',#4493);
#4493 = AXIS2_PLACEMENT_3D('',#4494,#4495,#4496);
#4494 = CARTESIAN_POINT('',(12.7,7.630292924713,1.195));
#4495 = DIRECTION('',(-2.22044604925E-16,-4.440892098501E-16,1.));
#4496 = DIRECTION('',(-6.162975822039E-32,1.,4.440892098501E-16));
#4497 = ADVANCED_FACE('',(#4498),#4523,.F.);
#4498 = FACE_BOUND('',#4499,.T.);
#4499 = EDGE_LOOP('',(#4500,#4501,#4509,#4517));
#4500 = ORIENTED_EDGE('',*,*,#4479,.T.);
#4501 = ORIENTED_EDGE('',*,*,#4502,.T.);
#4502 = EDGE_CURVE('',#4472,#4503,#4505,.T.);
#4503 = VERTEX_POINT('',#4504);
#4504 = CARTESIAN_POINT('',(13.106,7.52,1.445));
#4505 = LINE('',#4506,#4507);
#4506 = CARTESIAN_POINT('',(13.106,7.52,1.195));
#4507 = VECTOR('',#4508,1.);
#4508 = DIRECTION('',(-6.661338147751E-16,-4.227038532122E-16,1.));
#4509 = ORIENTED_EDGE('',*,*,#4510,.F.);
#4510 = EDGE_CURVE('',#4511,#4503,#4513,.T.);
#4511 = VERTEX_POINT('',#4512);
#4512 = CARTESIAN_POINT('',(12.7,7.52,1.445));
#4513 = LINE('',#4514,#4515);
#4514 = CARTESIAN_POINT('',(12.7,7.52,1.445));
#4515 = VECTOR('',#4516,1.);
#4516 = DIRECTION('',(1.,2.22044604925E-16,2.22044604925E-16));
#4517 = ORIENTED_EDGE('',*,*,#4518,.F.);
#4518 = EDGE_CURVE('',#4480,#4511,#4519,.T.);
#4519 = LINE('',#4520,#4521);
#4520 = CARTESIAN_POINT('',(12.7,7.52,1.195));
#4521 = VECTOR('',#4522,1.);
#4522 = DIRECTION('',(-6.661338147751E-16,-4.227038532122E-16,1.));
#4523 = PLANE('',#4524);
#4524 = AXIS2_PLACEMENT_3D('',#4525,#4526,#4527);
#4525 = CARTESIAN_POINT('',(12.7,7.52,1.195));
#4526 = DIRECTION('',(-2.22044604925E-16,1.,2.006592482872E-16));
#4527 = DIRECTION('',(4.440892098501E-16,2.006592482872E-16,-1.));
#4528 = ADVANCED_FACE('',(#4529),#4554,.F.);
#4529 = FACE_BOUND('',#4530,.T.);
#4530 = EDGE_LOOP('',(#4531,#4532,#4540,#4548));
#4531 = ORIENTED_EDGE('',*,*,#4510,.T.);
#4532 = ORIENTED_EDGE('',*,*,#4533,.T.);
#4533 = EDGE_CURVE('',#4503,#4534,#4536,.T.);
#4534 = VERTEX_POINT('',#4535);
#4535 = CARTESIAN_POINT('',(13.106,7.85169154622,1.445));
#4536 = LINE('',#4537,#4538);
#4537 = CARTESIAN_POINT('',(13.106,7.52,1.445));
#4538 = VECTOR('',#4539,1.);
#4539 = DIRECTION('',(-2.22044604925E-16,1.,2.22044604925E-16));
#4540 = ORIENTED_EDGE('',*,*,#4541,.F.);
#4541 = EDGE_CURVE('',#4542,#4534,#4544,.T.);
#4542 = VERTEX_POINT('',#4543);
#4543 = CARTESIAN_POINT('',(12.7,7.85169154622,1.445));
#4544 = LINE('',#4545,#4546);
#4545 = CARTESIAN_POINT('',(12.7,7.85169154622,1.445));
#4546 = VECTOR('',#4547,1.);
#4547 = DIRECTION('',(1.,2.22044604925E-16,2.22044604925E-16));
#4548 = ORIENTED_EDGE('',*,*,#4549,.F.);
#4549 = EDGE_CURVE('',#4511,#4542,#4550,.T.);
#4550 = LINE('',#4551,#4552);
#4551 = CARTESIAN_POINT('',(12.7,7.52,1.445));
#4552 = VECTOR('',#4553,1.);
#4553 = DIRECTION('',(-2.22044604925E-16,1.,2.22044604925E-16));
#4554 = PLANE('',#4555);
#4555 = AXIS2_PLACEMENT_3D('',#4556,#4557,#4558);
#4556 = CARTESIAN_POINT('',(12.7,7.52,1.445));
#4557 = DIRECTION('',(2.22044604925E-16,4.440892098501E-16,-1.));
#4558 = DIRECTION('',(6.162975822039E-32,-1.,-4.440892098501E-16));
#4559 = ADVANCED_FACE('',(#4560),#4587,.T.);
#4560 = FACE_BOUND('',#4561,.T.);
#4561 = EDGE_LOOP('',(#4562,#4563,#4572,#4580));
#4562 = ORIENTED_EDGE('',*,*,#4541,.T.);
#4563 = ORIENTED_EDGE('',*,*,#4564,.T.);
#4564 = EDGE_CURVE('',#4534,#4565,#4567,.T.);
#4565 = VERTEX_POINT('',#4566);
#4566 = CARTESIAN_POINT('',(13.106,7.892859479936,1.416173902479));
#4567 = CIRCLE('',#4568,4.381E-02);
#4568 = AXIS2_PLACEMENT_3D('',#4569,#4570,#4571);
#4569 = CARTESIAN_POINT('',(13.106,7.85169154622,1.40119));
#4570 = DIRECTION('',(-1.,-2.22044604925E-16,-6.661338147751E-16));
#4571 = DIRECTION('',(2.22044604925E-16,-1.,-2.22044604925E-16));
#4572 = ORIENTED_EDGE('',*,*,#4573,.F.);
#4573 = EDGE_CURVE('',#4574,#4565,#4576,.T.);
#4574 = VERTEX_POINT('',#4575);
#4575 = CARTESIAN_POINT('',(12.7,7.892859479936,1.416173902479));
#4576 = LINE('',#4577,#4578);
#4577 = CARTESIAN_POINT('',(12.7,7.892859479936,1.416173902479));
#4578 = VECTOR('',#4579,1.);
#4579 = DIRECTION('',(1.,2.22044604925E-16,2.22044604925E-16));
#4580 = ORIENTED_EDGE('',*,*,#4581,.F.);
#4581 = EDGE_CURVE('',#4542,#4574,#4582,.T.);
#4582 = CIRCLE('',#4583,4.381E-02);
#4583 = AXIS2_PLACEMENT_3D('',#4584,#4585,#4586);
#4584 = CARTESIAN_POINT('',(12.7,7.85169154622,1.40119));
#4585 = DIRECTION('',(-1.,-2.22044604925E-16,-6.661338147751E-16));
#4586 = DIRECTION('',(2.22044604925E-16,-1.,-2.22044604925E-16));
#4587 = CYLINDRICAL_SURFACE('',#4588,4.381E-02);
#4588 = AXIS2_PLACEMENT_3D('',#4589,#4590,#4591);
#4589 = CARTESIAN_POINT('',(12.7,7.85169154622,1.40119));
#4590 = DIRECTION('',(-1.,1.355854680849E-31,-4.440892098501E-16));
#4591 = DIRECTION('',(6.162975822039E-32,-1.,-4.440892098501E-16));
#4592 = ADVANCED_FACE('',(#4593),#4618,.F.);
#4593 = FACE_BOUND('',#4594,.T.);
#4594 = EDGE_LOOP('',(#4595,#4596,#4604,#4612));
#4595 = ORIENTED_EDGE('',*,*,#4573,.T.);
#4596 = ORIENTED_EDGE('',*,*,#4597,.T.);
#4597 = EDGE_CURVE('',#4565,#4598,#4600,.T.);
#4598 = VERTEX_POINT('',#4599);
#4599 = CARTESIAN_POINT('',(13.106,8.284521647852,0.340090940077));
#4600 = LINE('',#4601,#4602);
#4601 = CARTESIAN_POINT('',(13.106,7.892859479936,1.416173902479));
#4602 = VECTOR('',#4603,1.);
#4603 = DIRECTION('',(5.50017302599E-16,0.342020143326,-0.939692620786)
  );
#4604 = ORIENTED_EDGE('',*,*,#4605,.F.);
#4605 = EDGE_CURVE('',#4606,#4598,#4608,.T.);
#4606 = VERTEX_POINT('',#4607);
#4607 = CARTESIAN_POINT('',(12.7,8.284521647852,0.340090940077));
#4608 = LINE('',#4609,#4610);
#4609 = CARTESIAN_POINT('',(12.7,8.284521647852,0.340090940077));
#4610 = VECTOR('',#4611,1.);
#4611 = DIRECTION('',(1.,2.22044604925E-16,2.22044604925E-16));
#4612 = ORIENTED_EDGE('',*,*,#4613,.F.);
#4613 = EDGE_CURVE('',#4574,#4606,#4614,.T.);
#4614 = LINE('',#4615,#4616);
#4615 = CARTESIAN_POINT('',(12.7,7.892859479936,1.416173902479));
#4616 = VECTOR('',#4617,1.);
#4617 = DIRECTION('',(5.50017302599E-16,0.342020143326,-0.939692620786)
  );
#4618 = PLANE('',#4619);
#4619 = AXIS2_PLACEMENT_3D('',#4620,#4621,#4622);
#4620 = CARTESIAN_POINT('',(12.7,7.892859479936,1.416173902479));
#4621 = DIRECTION('',(2.845974043345E-16,-0.939692620786,-0.342020143326
    ));
#4622 = DIRECTION('',(-4.173073534667E-16,-0.342020143326,0.939692620786
    ));
#4623 = ADVANCED_FACE('',(#4624),#4642,.F.);
#4624 = FACE_BOUND('',#4625,.F.);
#4625 = EDGE_LOOP('',(#4626,#4627,#4634,#4635));
#4626 = ORIENTED_EDGE('',*,*,#4271,.T.);
#4627 = ORIENTED_EDGE('',*,*,#4628,.T.);
#4628 = EDGE_CURVE('',#4274,#4598,#4629,.T.);
#4629 = CIRCLE('',#4630,7.574E-02);
#4630 = AXIS2_PLACEMENT_3D('',#4631,#4632,#4633);
#4631 = CARTESIAN_POINT('',(13.106,8.35569396695,0.365995545733));
#4632 = DIRECTION('',(-1.,-2.22044604925E-16,-6.661338147751E-16));
#4633 = DIRECTION('',(2.22044604925E-16,-1.,-2.22044604925E-16));
#4634 = ORIENTED_EDGE('',*,*,#4605,.F.);
#4635 = ORIENTED_EDGE('',*,*,#4636,.F.);
#4636 = EDGE_CURVE('',#4272,#4606,#4637,.T.);
#4637 = CIRCLE('',#4638,7.574E-02);
#4638 = AXIS2_PLACEMENT_3D('',#4639,#4640,#4641);
#4639 = CARTESIAN_POINT('',(12.7,8.35569396695,0.365995545733));
#4640 = DIRECTION('',(-1.,-2.22044604925E-16,-6.661338147751E-16));
#4641 = DIRECTION('',(2.22044604925E-16,-1.,-2.22044604925E-16));
#4642 = CYLINDRICAL_SURFACE('',#4643,7.574E-02);
#4643 = AXIS2_PLACEMENT_3D('',#4644,#4645,#4646);
#4644 = CARTESIAN_POINT('',(12.7,8.35569396695,0.365995545733));
#4645 = DIRECTION('',(-1.,1.355854680849E-31,-4.440892098501E-16));
#4646 = DIRECTION('',(6.162975822039E-32,-1.,-4.440892098501E-16));
#4647 = ADVANCED_FACE('',(#4648),#4662,.F.);
#4648 = FACE_BOUND('',#4649,.T.);
#4649 = EDGE_LOOP('',(#4650,#4651,#4652,#4653,#4654,#4655,#4656,#4657,
    #4658,#4659,#4660,#4661));
#4650 = ORIENTED_EDGE('',*,*,#4297,.T.);
#4651 = ORIENTED_EDGE('',*,*,#4328,.T.);
#4652 = ORIENTED_EDGE('',*,*,#4359,.T.);
#4653 = ORIENTED_EDGE('',*,*,#4391,.T.);
#4654 = ORIENTED_EDGE('',*,*,#4423,.T.);
#4655 = ORIENTED_EDGE('',*,*,#4455,.F.);
#4656 = ORIENTED_EDGE('',*,*,#4487,.T.);
#4657 = ORIENTED_EDGE('',*,*,#4518,.T.);
#4658 = ORIENTED_EDGE('',*,*,#4549,.T.);
#4659 = ORIENTED_EDGE('',*,*,#4581,.T.);
#4660 = ORIENTED_EDGE('',*,*,#4613,.T.);
#4661 = ORIENTED_EDGE('',*,*,#4636,.F.);
#4662 = PLANE('',#4663);
#4663 = AXIS2_PLACEMENT_3D('',#4664,#4665,#4666);
#4664 = CARTESIAN_POINT('',(12.7,8.151535391952,0.633531379608));
#4665 = DIRECTION('',(1.,-9.860761315263E-32,1.972152263053E-31));
#4666 = DIRECTION('',(6.661338147751E-16,4.440892098501E-16,-1.));
#4667 = ADVANCED_FACE('',(#4668),#4682,.T.);
#4668 = FACE_BOUND('',#4669,.F.);
#4669 = EDGE_LOOP('',(#4670,#4671,#4672,#4673,#4674,#4675,#4676,#4677,
    #4678,#4679,#4680,#4681));
#4670 = ORIENTED_EDGE('',*,*,#4281,.T.);
#4671 = ORIENTED_EDGE('',*,*,#4312,.T.);
#4672 = ORIENTED_EDGE('',*,*,#4343,.T.);
#4673 = ORIENTED_EDGE('',*,*,#4374,.T.);
#4674 = ORIENTED_EDGE('',*,*,#4407,.T.);
#4675 = ORIENTED_EDGE('',*,*,#4447,.F.);
#4676 = ORIENTED_EDGE('',*,*,#4471,.T.);
#4677 = ORIENTED_EDGE('',*,*,#4502,.T.);
#4678 = ORIENTED_EDGE('',*,*,#4533,.T.);
#4679 = ORIENTED_EDGE('',*,*,#4564,.T.);
#4680 = ORIENTED_EDGE('',*,*,#4597,.T.);
#4681 = ORIENTED_EDGE('',*,*,#4628,.F.);
#4682 = PLANE('',#4683);
#4683 = AXIS2_PLACEMENT_3D('',#4684,#4685,#4686);
#4684 = CARTESIAN_POINT('',(13.106,8.151535391952,0.633531379608));
#4685 = DIRECTION('',(1.,-9.860761315263E-32,1.972152263053E-31));
#4686 = DIRECTION('',(6.661338147751E-16,4.440892098501E-16,-1.));
#4687 = MANIFOLD_SOLID_BREP('',#4688);
#4688 = CLOSED_SHELL('',(#4689,#4729,#4760,#4791,#4824,#4855,#4888,#4919
    ,#4950,#4981,#5014,#5045,#5069,#5089));
#4689 = ADVANCED_FACE('',(#4690),#4724,.F.);
#4690 = FACE_BOUND('',#4691,.T.);
#4691 = EDGE_LOOP('',(#4692,#4702,#4710,#4718));
#4692 = ORIENTED_EDGE('',*,*,#4693,.T.);
#4693 = EDGE_CURVE('',#4694,#4696,#4698,.T.);
#4694 = VERTEX_POINT('',#4695);
#4695 = CARTESIAN_POINT('',(13.97,8.350410611629,0.290440044566));
#4696 = VERTEX_POINT('',#4697);
#4697 = CARTESIAN_POINT('',(14.376,8.350410611629,0.290440044566));
#4698 = LINE('',#4699,#4700);
#4699 = CARTESIAN_POINT('',(13.97,8.350410611629,0.290440044566));
#4700 = VECTOR('',#4701,1.);
#4701 = DIRECTION('',(1.,2.22044604925E-16,2.22044604925E-16));
#4702 = ORIENTED_EDGE('',*,*,#4703,.T.);
#4703 = EDGE_CURVE('',#4696,#4704,#4706,.T.);
#4704 = VERTEX_POINT('',#4705);
#4705 = CARTESIAN_POINT('',(14.376,8.92,0.25061047452));
#4706 = LINE('',#4707,#4708);
#4707 = CARTESIAN_POINT('',(14.376,8.350410611629,0.290440044566));
#4708 = VECTOR('',#4709,1.);
#4709 = DIRECTION('',(-1.750365694669E-16,0.99756405026,
    -6.975647374413E-02));
#4710 = ORIENTED_EDGE('',*,*,#4711,.F.);
#4711 = EDGE_CURVE('',#4712,#4704,#4714,.T.);
#4712 = VERTEX_POINT('',#4713);
#4713 = CARTESIAN_POINT('',(13.97,8.92,0.25061047452));
#4714 = LINE('',#4715,#4716);
#4715 = CARTESIAN_POINT('',(13.97,8.92,0.25061047452));
#4716 = VECTOR('',#4717,1.);
#4717 = DIRECTION('',(1.,2.22044604925E-16,2.22044604925E-16));
#4718 = ORIENTED_EDGE('',*,*,#4719,.F.);
#4719 = EDGE_CURVE('',#4694,#4712,#4720,.T.);
#4720 = LINE('',#4721,#4722);
#4721 = CARTESIAN_POINT('',(13.97,8.350410611629,0.290440044566));
#4722 = VECTOR('',#4723,1.);
#4723 = DIRECTION('',(-1.750365694669E-16,0.99756405026,
    -6.975647374413E-02));
#4724 = PLANE('',#4725);
#4725 = AXIS2_PLACEMENT_3D('',#4726,#4727,#4728);
#4726 = CARTESIAN_POINT('',(13.97,8.350410611629,0.290440044566));
#4727 = DIRECTION('',(2.369927640808E-16,-6.975647374412E-02,
    -0.99756405026));
#4728 = DIRECTION('',(-3.097809730696E-17,-0.99756405026,
    6.975647374412E-02));
#4729 = ADVANCED_FACE('',(#4730),#4755,.F.);
#4730 = FACE_BOUND('',#4731,.T.);
#4731 = EDGE_LOOP('',(#4732,#4733,#4741,#4749));
#4732 = ORIENTED_EDGE('',*,*,#4711,.T.);
#4733 = ORIENTED_EDGE('',*,*,#4734,.T.);
#4734 = EDGE_CURVE('',#4704,#4735,#4737,.T.);
#4735 = VERTEX_POINT('',#4736);
#4736 = CARTESIAN_POINT('',(14.376,8.92,6.563638521584E-16));
#4737 = LINE('',#4738,#4739);
#4738 = CARTESIAN_POINT('',(14.376,8.92,0.25061047452));
#4739 = VECTOR('',#4740,1.);
#4740 = DIRECTION('',(6.661338147751E-16,4.440892098501E-16,-1.));
#4741 = ORIENTED_EDGE('',*,*,#4742,.F.);
#4742 = EDGE_CURVE('',#4743,#4735,#4745,.T.);
#4743 = VERTEX_POINT('',#4744);
#4744 = CARTESIAN_POINT('',(13.97,8.92,5.662137425588E-16));
#4745 = LINE('',#4746,#4747);
#4746 = CARTESIAN_POINT('',(13.97,8.92,5.662137425588E-16));
#4747 = VECTOR('',#4748,1.);
#4748 = DIRECTION('',(1.,2.22044604925E-16,2.22044604925E-16));
#4749 = ORIENTED_EDGE('',*,*,#4750,.F.);
#4750 = EDGE_CURVE('',#4712,#4743,#4751,.T.);
#4751 = LINE('',#4752,#4753);
#4752 = CARTESIAN_POINT('',(13.97,8.92,0.25061047452));
#4753 = VECTOR('',#4754,1.);
#4754 = DIRECTION('',(6.661338147751E-16,4.440892098501E-16,-1.));
#4755 = PLANE('',#4756);
#4756 = AXIS2_PLACEMENT_3D('',#4757,#4758,#4759);
#4757 = CARTESIAN_POINT('',(13.97,8.92,0.25061047452));
#4758 = DIRECTION('',(2.22044604925E-16,-1.,-2.22044604925E-16));
#4759 = DIRECTION('',(-4.440892098501E-16,-2.22044604925E-16,1.));
#4760 = ADVANCED_FACE('',(#4761),#4786,.F.);
#4761 = FACE_BOUND('',#4762,.T.);
#4762 = EDGE_LOOP('',(#4763,#4764,#4772,#4780));
#4763 = ORIENTED_EDGE('',*,*,#4742,.T.);
#4764 = ORIENTED_EDGE('',*,*,#4765,.T.);
#4765 = EDGE_CURVE('',#4735,#4766,#4768,.T.);
#4766 = VERTEX_POINT('',#4767);
#4767 = CARTESIAN_POINT('',(14.376,8.127632672711,5.540772108551E-02));
#4768 = LINE('',#4769,#4770);
#4769 = CARTESIAN_POINT('',(14.376,8.92,-1.324274023773E-15));
#4770 = VECTOR('',#4771,1.);
#4771 = DIRECTION('',(1.750365694669E-16,-0.99756405026,
    6.975647374413E-02));
#4772 = ORIENTED_EDGE('',*,*,#4773,.F.);
#4773 = EDGE_CURVE('',#4774,#4766,#4776,.T.);
#4774 = VERTEX_POINT('',#4775);
#4775 = CARTESIAN_POINT('',(13.97,8.127632672711,5.540772108551E-02));
#4776 = LINE('',#4777,#4778);
#4777 = CARTESIAN_POINT('',(13.97,8.127632672711,5.540772108551E-02));
#4778 = VECTOR('',#4779,1.);
#4779 = DIRECTION('',(1.,2.22044604925E-16,2.22044604925E-16));
#4780 = ORIENTED_EDGE('',*,*,#4781,.F.);
#4781 = EDGE_CURVE('',#4743,#4774,#4782,.T.);
#4782 = LINE('',#4783,#4784);
#4783 = CARTESIAN_POINT('',(13.97,8.92,-1.414424133372E-15));
#4784 = VECTOR('',#4785,1.);
#4785 = DIRECTION('',(1.750365694669E-16,-0.99756405026,
    6.975647374413E-02));
#4786 = PLANE('',#4787);
#4787 = AXIS2_PLACEMENT_3D('',#4788,#4789,#4790);
#4788 = CARTESIAN_POINT('',(13.97,8.92,5.662137425588E-16));
#4789 = DIRECTION('',(-2.369927640808E-16,6.975647374412E-02,
    0.99756405026));
#4790 = DIRECTION('',(3.097809730696E-17,0.99756405026,
    -6.975647374412E-02));
#4791 = ADVANCED_FACE('',(#4792),#4819,.T.);
#4792 = FACE_BOUND('',#4793,.T.);
#4793 = EDGE_LOOP('',(#4794,#4795,#4804,#4812));
#4794 = ORIENTED_EDGE('',*,*,#4773,.T.);
#4795 = ORIENTED_EDGE('',*,*,#4796,.T.);
#4796 = EDGE_CURVE('',#4766,#4797,#4799,.T.);
#4797 = VERTEX_POINT('',#4798);
#4798 = CARTESIAN_POINT('',(14.376,8.12,6.115935252015E-02));
#4799 = CIRCLE('',#4800,8.773830972728E-03);
#4800 = AXIS2_PLACEMENT_3D('',#4801,#4802,#4803);
#4801 = CARTESIAN_POINT('',(14.376,8.128244704221,6.416017944695E-02));
#4802 = DIRECTION('',(-1.,-2.22044604925E-16,-6.661338147751E-16));
#4803 = DIRECTION('',(2.22044604925E-16,-1.,-2.22044604925E-16));
#4804 = ORIENTED_EDGE('',*,*,#4805,.F.);
#4805 = EDGE_CURVE('',#4806,#4797,#4808,.T.);
#4806 = VERTEX_POINT('',#4807);
#4807 = CARTESIAN_POINT('',(13.97,8.12,6.115935252015E-02));
#4808 = LINE('',#4809,#4810);
#4809 = CARTESIAN_POINT('',(13.97,8.12,6.115935252015E-02));
#4810 = VECTOR('',#4811,1.);
#4811 = DIRECTION('',(1.,2.22044604925E-16,2.22044604925E-16));
#4812 = ORIENTED_EDGE('',*,*,#4813,.F.);
#4813 = EDGE_CURVE('',#4774,#4806,#4814,.T.);
#4814 = CIRCLE('',#4815,8.773830972728E-03);
#4815 = AXIS2_PLACEMENT_3D('',#4816,#4817,#4818);
#4816 = CARTESIAN_POINT('',(13.97,8.128244704221,6.416017944695E-02));
#4817 = DIRECTION('',(-1.,-2.22044604925E-16,-6.661338147751E-16));
#4818 = DIRECTION('',(2.22044604925E-16,-1.,-2.22044604925E-16));
#4819 = CYLINDRICAL_SURFACE('',#4820,8.773830972728E-03);
#4820 = AXIS2_PLACEMENT_3D('',#4821,#4822,#4823);
#4821 = CARTESIAN_POINT('',(13.97,8.128244704221,6.416017944696E-02));
#4822 = DIRECTION('',(-1.,1.355854680849E-31,-4.440892098501E-16));
#4823 = DIRECTION('',(6.162975822039E-32,-1.,-4.440892098501E-16));
#4824 = ADVANCED_FACE('',(#4825),#4850,.F.);
#4825 = FACE_BOUND('',#4826,.T.);
#4826 = EDGE_LOOP('',(#4827,#4828,#4836,#4844));
#4827 = ORIENTED_EDGE('',*,*,#4805,.T.);
#4828 = ORIENTED_EDGE('',*,*,#4829,.T.);
#4829 = EDGE_CURVE('',#4797,#4830,#4832,.T.);
#4830 = VERTEX_POINT('',#4831);
#4831 = CARTESIAN_POINT('',(14.376,7.733659113,1.122622215766));
#4832 = LINE('',#4833,#4834);
#4833 = CARTESIAN_POINT('',(14.376,8.12,6.115935252015E-02));
#4834 = VECTOR('',#4835,1.);
#4835 = DIRECTION('',(-5.50017302599E-16,-0.342020143326,0.939692620786)
  );
#4836 = ORIENTED_EDGE('',*,*,#4837,.F.);
#4837 = EDGE_CURVE('',#4838,#4830,#4840,.T.);
#4838 = VERTEX_POINT('',#4839);
#4839 = CARTESIAN_POINT('',(13.97,7.733659113,1.122622215766));
#4840 = LINE('',#4841,#4842);
#4841 = CARTESIAN_POINT('',(13.97,7.733659113,1.122622215766));
#4842 = VECTOR('',#4843,1.);
#4843 = DIRECTION('',(1.,2.22044604925E-16,2.22044604925E-16));
#4844 = ORIENTED_EDGE('',*,*,#4845,.F.);
#4845 = EDGE_CURVE('',#4806,#4838,#4846,.T.);
#4846 = LINE('',#4847,#4848);
#4847 = CARTESIAN_POINT('',(13.97,8.12,6.115935252015E-02));
#4848 = VECTOR('',#4849,1.);
#4849 = DIRECTION('',(-5.50017302599E-16,-0.342020143326,0.939692620786)
  );
#4850 = PLANE('',#4851);
#4851 = AXIS2_PLACEMENT_3D('',#4852,#4853,#4854);
#4852 = CARTESIAN_POINT('',(13.97,8.12,6.115935252015E-02));
#4853 = DIRECTION('',(-2.845974043345E-16,0.939692620786,0.342020143326)
  );
#4854 = DIRECTION('',(4.173073534667E-16,0.342020143326,-0.939692620786)
  );
#4855 = ADVANCED_FACE('',(#4856),#4883,.F.);
#4856 = FACE_BOUND('',#4857,.F.);
#4857 = EDGE_LOOP('',(#4858,#4868,#4875,#4876));
#4858 = ORIENTED_EDGE('',*,*,#4859,.T.);
#4859 = EDGE_CURVE('',#4860,#4862,#4864,.T.);
#4860 = VERTEX_POINT('',#4861);
#4861 = CARTESIAN_POINT('',(13.97,7.630292924713,1.195));
#4862 = VERTEX_POINT('',#4863);
#4863 = CARTESIAN_POINT('',(14.376,7.630292924713,1.195));
#4864 = LINE('',#4865,#4866);
#4865 = CARTESIAN_POINT('',(13.97,7.630292924713,1.195));
#4866 = VECTOR('',#4867,1.);
#4867 = DIRECTION('',(1.,2.22044604925E-16,2.22044604925E-16));
#4868 = ORIENTED_EDGE('',*,*,#4869,.T.);
#4869 = EDGE_CURVE('',#4862,#4830,#4870,.T.);
#4870 = CIRCLE('',#4871,0.11);
#4871 = AXIS2_PLACEMENT_3D('',#4872,#4873,#4874);
#4872 = CARTESIAN_POINT('',(14.376,7.630292924713,1.085));
#4873 = DIRECTION('',(-1.,-2.22044604925E-16,-6.661338147751E-16));
#4874 = DIRECTION('',(2.22044604925E-16,-1.,-2.22044604925E-16));
#4875 = ORIENTED_EDGE('',*,*,#4837,.F.);
#4876 = ORIENTED_EDGE('',*,*,#4877,.F.);
#4877 = EDGE_CURVE('',#4860,#4838,#4878,.T.);
#4878 = CIRCLE('',#4879,0.11);
#4879 = AXIS2_PLACEMENT_3D('',#4880,#4881,#4882);
#4880 = CARTESIAN_POINT('',(13.97,7.630292924713,1.085));
#4881 = DIRECTION('',(-1.,-2.22044604925E-16,-6.661338147751E-16));
#4882 = DIRECTION('',(2.22044604925E-16,-1.,-2.22044604925E-16));
#4883 = CYLINDRICAL_SURFACE('',#4884,0.11);
#4884 = AXIS2_PLACEMENT_3D('',#4885,#4886,#4887);
#4885 = CARTESIAN_POINT('',(13.97,7.630292924713,1.085));
#4886 = DIRECTION('',(-1.,1.355854680849E-31,-4.440892098501E-16));
#4887 = DIRECTION('',(6.162975822039E-32,-1.,-4.440892098501E-16));
#4888 = ADVANCED_FACE('',(#4889),#4914,.F.);
#4889 = FACE_BOUND('',#4890,.T.);
#4890 = EDGE_LOOP('',(#4891,#4892,#4900,#4908));
#4891 = ORIENTED_EDGE('',*,*,#4859,.T.);
#4892 = ORIENTED_EDGE('',*,*,#4893,.T.);
#4893 = EDGE_CURVE('',#4862,#4894,#4896,.T.);
#4894 = VERTEX_POINT('',#4895);
#4895 = CARTESIAN_POINT('',(14.376,7.52,1.195));
#4896 = LINE('',#4897,#4898);
#4897 = CARTESIAN_POINT('',(14.376,7.630292924713,1.195));
#4898 = VECTOR('',#4899,1.);
#4899 = DIRECTION('',(2.22044604925E-16,-1.,-2.22044604925E-16));
#4900 = ORIENTED_EDGE('',*,*,#4901,.F.);
#4901 = EDGE_CURVE('',#4902,#4894,#4904,.T.);
#4902 = VERTEX_POINT('',#4903);
#4903 = CARTESIAN_POINT('',(13.97,7.52,1.195));
#4904 = LINE('',#4905,#4906);
#4905 = CARTESIAN_POINT('',(13.97,7.52,1.195));
#4906 = VECTOR('',#4907,1.);
#4907 = DIRECTION('',(1.,2.22044604925E-16,2.22044604925E-16));
#4908 = ORIENTED_EDGE('',*,*,#4909,.F.);
#4909 = EDGE_CURVE('',#4860,#4902,#4910,.T.);
#4910 = LINE('',#4911,#4912);
#4911 = CARTESIAN_POINT('',(13.97,7.630292924713,1.195));
#4912 = VECTOR('',#4913,1.);
#4913 = DIRECTION('',(2.22044604925E-16,-1.,-2.22044604925E-16));
#4914 = PLANE('',#4915);
#4915 = AXIS2_PLACEMENT_3D('',#4916,#4917,#4918);
#4916 = CARTESIAN_POINT('',(13.97,7.630292924713,1.195));
#4917 = DIRECTION('',(-2.22044604925E-16,-4.440892098501E-16,1.));
#4918 = DIRECTION('',(-6.162975822039E-32,1.,4.440892098501E-16));
#4919 = ADVANCED_FACE('',(#4920),#4945,.F.);
#4920 = FACE_BOUND('',#4921,.T.);
#4921 = EDGE_LOOP('',(#4922,#4923,#4931,#4939));
#4922 = ORIENTED_EDGE('',*,*,#4901,.T.);
#4923 = ORIENTED_EDGE('',*,*,#4924,.T.);
#4924 = EDGE_CURVE('',#4894,#4925,#4927,.T.);
#4925 = VERTEX_POINT('',#4926);
#4926 = CARTESIAN_POINT('',(14.376,7.52,1.445));
#4927 = LINE('',#4928,#4929);
#4928 = CARTESIAN_POINT('',(14.376,7.52,1.195));
#4929 = VECTOR('',#4930,1.);
#4930 = DIRECTION('',(-6.661338147751E-16,-4.227038532122E-16,1.));
#4931 = ORIENTED_EDGE('',*,*,#4932,.F.);
#4932 = EDGE_CURVE('',#4933,#4925,#4935,.T.);
#4933 = VERTEX_POINT('',#4934);
#4934 = CARTESIAN_POINT('',(13.97,7.52,1.445));
#4935 = LINE('',#4936,#4937);
#4936 = CARTESIAN_POINT('',(13.97,7.52,1.445));
#4937 = VECTOR('',#4938,1.);
#4938 = DIRECTION('',(1.,2.22044604925E-16,2.22044604925E-16));
#4939 = ORIENTED_EDGE('',*,*,#4940,.F.);
#4940 = EDGE_CURVE('',#4902,#4933,#4941,.T.);
#4941 = LINE('',#4942,#4943);
#4942 = CARTESIAN_POINT('',(13.97,7.52,1.195));
#4943 = VECTOR('',#4944,1.);
#4944 = DIRECTION('',(-6.661338147751E-16,-4.227038532122E-16,1.));
#4945 = PLANE('',#4946);
#4946 = AXIS2_PLACEMENT_3D('',#4947,#4948,#4949);
#4947 = CARTESIAN_POINT('',(13.97,7.52,1.195));
#4948 = DIRECTION('',(-2.22044604925E-16,1.,2.006592482872E-16));
#4949 = DIRECTION('',(4.440892098501E-16,2.006592482872E-16,-1.));
#4950 = ADVANCED_FACE('',(#4951),#4976,.F.);
#4951 = FACE_BOUND('',#4952,.T.);
#4952 = EDGE_LOOP('',(#4953,#4954,#4962,#4970));
#4953 = ORIENTED_EDGE('',*,*,#4932,.T.);
#4954 = ORIENTED_EDGE('',*,*,#4955,.T.);
#4955 = EDGE_CURVE('',#4925,#4956,#4958,.T.);
#4956 = VERTEX_POINT('',#4957);
#4957 = CARTESIAN_POINT('',(14.376,7.85169154622,1.445));
#4958 = LINE('',#4959,#4960);
#4959 = CARTESIAN_POINT('',(14.376,7.52,1.445));
#4960 = VECTOR('',#4961,1.);
#4961 = DIRECTION('',(-2.22044604925E-16,1.,2.22044604925E-16));
#4962 = ORIENTED_EDGE('',*,*,#4963,.F.);
#4963 = EDGE_CURVE('',#4964,#4956,#4966,.T.);
#4964 = VERTEX_POINT('',#4965);
#4965 = CARTESIAN_POINT('',(13.97,7.85169154622,1.445));
#4966 = LINE('',#4967,#4968);
#4967 = CARTESIAN_POINT('',(13.97,7.85169154622,1.445));
#4968 = VECTOR('',#4969,1.);
#4969 = DIRECTION('',(1.,2.22044604925E-16,2.22044604925E-16));
#4970 = ORIENTED_EDGE('',*,*,#4971,.F.);
#4971 = EDGE_CURVE('',#4933,#4964,#4972,.T.);
#4972 = LINE('',#4973,#4974);
#4973 = CARTESIAN_POINT('',(13.97,7.52,1.445));
#4974 = VECTOR('',#4975,1.);
#4975 = DIRECTION('',(-2.22044604925E-16,1.,2.22044604925E-16));
#4976 = PLANE('',#4977);
#4977 = AXIS2_PLACEMENT_3D('',#4978,#4979,#4980);
#4978 = CARTESIAN_POINT('',(13.97,7.52,1.445));
#4979 = DIRECTION('',(2.22044604925E-16,4.440892098501E-16,-1.));
#4980 = DIRECTION('',(6.162975822039E-32,-1.,-4.440892098501E-16));
#4981 = ADVANCED_FACE('',(#4982),#5009,.T.);
#4982 = FACE_BOUND('',#4983,.T.);
#4983 = EDGE_LOOP('',(#4984,#4985,#4994,#5002));
#4984 = ORIENTED_EDGE('',*,*,#4963,.T.);
#4985 = ORIENTED_EDGE('',*,*,#4986,.T.);
#4986 = EDGE_CURVE('',#4956,#4987,#4989,.T.);
#4987 = VERTEX_POINT('',#4988);
#4988 = CARTESIAN_POINT('',(14.376,7.892859479936,1.416173902479));
#4989 = CIRCLE('',#4990,4.381E-02);
#4990 = AXIS2_PLACEMENT_3D('',#4991,#4992,#4993);
#4991 = CARTESIAN_POINT('',(14.376,7.85169154622,1.40119));
#4992 = DIRECTION('',(-1.,-2.22044604925E-16,-6.661338147751E-16));
#4993 = DIRECTION('',(2.22044604925E-16,-1.,-2.22044604925E-16));
#4994 = ORIENTED_EDGE('',*,*,#4995,.F.);
#4995 = EDGE_CURVE('',#4996,#4987,#4998,.T.);
#4996 = VERTEX_POINT('',#4997);
#4997 = CARTESIAN_POINT('',(13.97,7.892859479936,1.416173902479));
#4998 = LINE('',#4999,#5000);
#4999 = CARTESIAN_POINT('',(13.97,7.892859479936,1.416173902479));
#5000 = VECTOR('',#5001,1.);
#5001 = DIRECTION('',(1.,2.22044604925E-16,2.22044604925E-16));
#5002 = ORIENTED_EDGE('',*,*,#5003,.F.);
#5003 = EDGE_CURVE('',#4964,#4996,#5004,.T.);
#5004 = CIRCLE('',#5005,4.381E-02);
#5005 = AXIS2_PLACEMENT_3D('',#5006,#5007,#5008);
#5006 = CARTESIAN_POINT('',(13.97,7.85169154622,1.40119));
#5007 = DIRECTION('',(-1.,-2.22044604925E-16,-6.661338147751E-16));
#5008 = DIRECTION('',(2.22044604925E-16,-1.,-2.22044604925E-16));
#5009 = CYLINDRICAL_SURFACE('',#5010,4.381E-02);
#5010 = AXIS2_PLACEMENT_3D('',#5011,#5012,#5013);
#5011 = CARTESIAN_POINT('',(13.97,7.85169154622,1.40119));
#5012 = DIRECTION('',(-1.,1.355854680849E-31,-4.440892098501E-16));
#5013 = DIRECTION('',(6.162975822039E-32,-1.,-4.440892098501E-16));
#5014 = ADVANCED_FACE('',(#5015),#5040,.F.);
#5015 = FACE_BOUND('',#5016,.T.);
#5016 = EDGE_LOOP('',(#5017,#5018,#5026,#5034));
#5017 = ORIENTED_EDGE('',*,*,#4995,.T.);
#5018 = ORIENTED_EDGE('',*,*,#5019,.T.);
#5019 = EDGE_CURVE('',#4987,#5020,#5022,.T.);
#5020 = VERTEX_POINT('',#5021);
#5021 = CARTESIAN_POINT('',(14.376,8.284521647852,0.340090940077));
#5022 = LINE('',#5023,#5024);
#5023 = CARTESIAN_POINT('',(14.376,7.892859479936,1.416173902479));
#5024 = VECTOR('',#5025,1.);
#5025 = DIRECTION('',(5.50017302599E-16,0.342020143326,-0.939692620786)
  );
#5026 = ORIENTED_EDGE('',*,*,#5027,.F.);
#5027 = EDGE_CURVE('',#5028,#5020,#5030,.T.);
#5028 = VERTEX_POINT('',#5029);
#5029 = CARTESIAN_POINT('',(13.97,8.284521647852,0.340090940077));
#5030 = LINE('',#5031,#5032);
#5031 = CARTESIAN_POINT('',(13.97,8.284521647852,0.340090940077));
#5032 = VECTOR('',#5033,1.);
#5033 = DIRECTION('',(1.,2.22044604925E-16,2.22044604925E-16));
#5034 = ORIENTED_EDGE('',*,*,#5035,.F.);
#5035 = EDGE_CURVE('',#4996,#5028,#5036,.T.);
#5036 = LINE('',#5037,#5038);
#5037 = CARTESIAN_POINT('',(13.97,7.892859479936,1.416173902479));
#5038 = VECTOR('',#5039,1.);
#5039 = DIRECTION('',(5.50017302599E-16,0.342020143326,-0.939692620786)
  );
#5040 = PLANE('',#5041);
#5041 = AXIS2_PLACEMENT_3D('',#5042,#5043,#5044);
#5042 = CARTESIAN_POINT('',(13.97,7.892859479936,1.416173902479));
#5043 = DIRECTION('',(2.845974043345E-16,-0.939692620786,-0.342020143326
    ));
#5044 = DIRECTION('',(-4.173073534667E-16,-0.342020143326,0.939692620786
    ));
#5045 = ADVANCED_FACE('',(#5046),#5064,.F.);
#5046 = FACE_BOUND('',#5047,.F.);
#5047 = EDGE_LOOP('',(#5048,#5049,#5056,#5057));
#5048 = ORIENTED_EDGE('',*,*,#4693,.T.);
#5049 = ORIENTED_EDGE('',*,*,#5050,.T.);
#5050 = EDGE_CURVE('',#4696,#5020,#5051,.T.);
#5051 = CIRCLE('',#5052,7.574E-02);
#5052 = AXIS2_PLACEMENT_3D('',#5053,#5054,#5055);
#5053 = CARTESIAN_POINT('',(14.376,8.35569396695,0.365995545733));
#5054 = DIRECTION('',(-1.,-2.22044604925E-16,-6.661338147751E-16));
#5055 = DIRECTION('',(2.22044604925E-16,-1.,-2.22044604925E-16));
#5056 = ORIENTED_EDGE('',*,*,#5027,.F.);
#5057 = ORIENTED_EDGE('',*,*,#5058,.F.);
#5058 = EDGE_CURVE('',#4694,#5028,#5059,.T.);
#5059 = CIRCLE('',#5060,7.574E-02);
#5060 = AXIS2_PLACEMENT_3D('',#5061,#5062,#5063);
#5061 = CARTESIAN_POINT('',(13.97,8.35569396695,0.365995545733));
#5062 = DIRECTION('',(-1.,-2.22044604925E-16,-6.661338147751E-16));
#5063 = DIRECTION('',(2.22044604925E-16,-1.,-2.22044604925E-16));
#5064 = CYLINDRICAL_SURFACE('',#5065,7.574E-02);
#5065 = AXIS2_PLACEMENT_3D('',#5066,#5067,#5068);
#5066 = CARTESIAN_POINT('',(13.97,8.35569396695,0.365995545733));
#5067 = DIRECTION('',(-1.,1.355854680849E-31,-4.440892098501E-16));
#5068 = DIRECTION('',(6.162975822039E-32,-1.,-4.440892098501E-16));
#5069 = ADVANCED_FACE('',(#5070),#5084,.F.);
#5070 = FACE_BOUND('',#5071,.T.);
#5071 = EDGE_LOOP('',(#5072,#5073,#5074,#5075,#5076,#5077,#5078,#5079,
    #5080,#5081,#5082,#5083));
#5072 = ORIENTED_EDGE('',*,*,#4719,.T.);
#5073 = ORIENTED_EDGE('',*,*,#4750,.T.);
#5074 = ORIENTED_EDGE('',*,*,#4781,.T.);
#5075 = ORIENTED_EDGE('',*,*,#4813,.T.);
#5076 = ORIENTED_EDGE('',*,*,#4845,.T.);
#5077 = ORIENTED_EDGE('',*,*,#4877,.F.);
#5078 = ORIENTED_EDGE('',*,*,#4909,.T.);
#5079 = ORIENTED_EDGE('',*,*,#4940,.T.);
#5080 = ORIENTED_EDGE('',*,*,#4971,.T.);
#5081 = ORIENTED_EDGE('',*,*,#5003,.T.);
#5082 = ORIENTED_EDGE('',*,*,#5035,.T.);
#5083 = ORIENTED_EDGE('',*,*,#5058,.F.);
#5084 = PLANE('',#5085);
#5085 = AXIS2_PLACEMENT_3D('',#5086,#5087,#5088);
#5086 = CARTESIAN_POINT('',(13.97,8.151535391952,0.633531379608));
#5087 = DIRECTION('',(1.,-9.860761315263E-32,1.972152263053E-31));
#5088 = DIRECTION('',(6.661338147751E-16,4.440892098501E-16,-1.));
#5089 = ADVANCED_FACE('',(#5090),#5104,.T.);
#5090 = FACE_BOUND('',#5091,.F.);
#5091 = EDGE_LOOP('',(#5092,#5093,#5094,#5095,#5096,#5097,#5098,#5099,
    #5100,#5101,#5102,#5103));
#5092 = ORIENTED_EDGE('',*,*,#4703,.T.);
#5093 = ORIENTED_EDGE('',*,*,#4734,.T.);
#5094 = ORIENTED_EDGE('',*,*,#4765,.T.);
#5095 = ORIENTED_EDGE('',*,*,#4796,.T.);
#5096 = ORIENTED_EDGE('',*,*,#4829,.T.);
#5097 = ORIENTED_EDGE('',*,*,#4869,.F.);
#5098 = ORIENTED_EDGE('',*,*,#4893,.T.);
#5099 = ORIENTED_EDGE('',*,*,#4924,.T.);
#5100 = ORIENTED_EDGE('',*,*,#4955,.T.);
#5101 = ORIENTED_EDGE('',*,*,#4986,.T.);
#5102 = ORIENTED_EDGE('',*,*,#5019,.T.);
#5103 = ORIENTED_EDGE('',*,*,#5050,.F.);
#5104 = PLANE('',#5105);
#5105 = AXIS2_PLACEMENT_3D('',#5106,#5107,#5108);
#5106 = CARTESIAN_POINT('',(14.376,8.151535391952,0.633531379608));
#5107 = DIRECTION('',(1.,-9.860761315263E-32,1.972152263053E-31));
#5108 = DIRECTION('',(6.661338147751E-16,4.440892098501E-16,-1.));
#5109 = ( GEOMETRIC_REPRESENTATION_CONTEXT(3) 
GLOBAL_UNCERTAINTY_ASSIGNED_CONTEXT((#5113)) 
GLOBAL_UNIT_ASSIGNED_CONTEXT((#5110,#5111,#5112)) REPRESENTATION_CONTEXT
('Context #1','3D Context with UNIT and UNCERTAINTY') );
#5110 = ( LENGTH_UNIT() NAMED_UNIT(*) SI_UNIT(.MILLI.,.METRE.) );
#5111 = ( NAMED_UNIT(*) PLANE_ANGLE_UNIT() SI_UNIT($,.RADIAN.) );
#5112 = ( NAMED_UNIT(*) SI_UNIT($,.STERADIAN.) SOLID_ANGLE_UNIT() );
#5113 = UNCERTAINTY_MEASURE_WITH_UNIT(LENGTH_MEASURE(1.E-07),#5110,
  'distance_accuracy_value','confusion accuracy');
#5114 = CONTEXT_DEPENDENT_SHAPE_REPRESENTATION(#5115,#5117);
#5115 = ( REPRESENTATION_RELATIONSHIP('','',#44,#10) 
REPRESENTATION_RELATIONSHIP_WITH_TRANSFORMATION(#5116) 
SHAPE_REPRESENTATION_RELATIONSHIP() );
#5116 = ITEM_DEFINED_TRANSFORMATION('','',#11,#15);
#5117 = PRODUCT_DEFINITION_SHAPE('Placement','Placement of an item',
  #5118);
#5118 = NEXT_ASSEMBLY_USAGE_OCCURRENCE('38','Array (Mirror #1)','',#5,
  #39,$);
#5119 = PRODUCT_RELATED_PRODUCT_CATEGORY('part',$,(#41));
#5120 = SHAPE_DEFINITION_REPRESENTATION(#5121,#5127);
#5121 = PRODUCT_DEFINITION_SHAPE('','',#5122);
#5122 = PRODUCT_DEFINITION('design','',#5123,#5126);
#5123 = PRODUCT_DEFINITION_FORMATION('','',#5124);
#5124 = PRODUCT('Array','Array','',(#5125));
#5125 = PRODUCT_CONTEXT('',#2,'mechanical');
#5126 = PRODUCT_DEFINITION_CONTEXT('part definition',#2,'design');
#5127 = SHAPE_REPRESENTATION('',(#11,#5128,#5132,#5136,#5140,#5144,#5148
    ,#5152,#5156,#5160,#5164,#5168,#5172),#5176);
#5128 = AXIS2_PLACEMENT_3D('',#5129,#5130,#5131);
#5129 = CARTESIAN_POINT('',(0.,0.,0.));
#5130 = DIRECTION('',(1.,1.232595164408E-32,1.110223024625E-16));
#5131 = DIRECTION('',(0.,1.,-1.110223024625E-16));
#5132 = AXIS2_PLACEMENT_3D('',#5133,#5134,#5135);
#5133 = CARTESIAN_POINT('',(1.27,0.,0.));
#5134 = DIRECTION('',(1.,1.232595164408E-32,1.110223024625E-16));
#5135 = DIRECTION('',(0.,1.,-1.110223024625E-16));
#5136 = AXIS2_PLACEMENT_3D('',#5137,#5138,#5139);
#5137 = CARTESIAN_POINT('',(2.54,0.,0.));
#5138 = DIRECTION('',(1.,1.232595164408E-32,1.110223024625E-16));
#5139 = DIRECTION('',(0.,1.,-1.110223024625E-16));
#5140 = AXIS2_PLACEMENT_3D('',#5141,#5142,#5143);
#5141 = CARTESIAN_POINT('',(3.81,0.,0.));
#5142 = DIRECTION('',(1.,1.232595164408E-32,1.110223024625E-16));
#5143 = DIRECTION('',(0.,1.,-1.110223024625E-16));
#5144 = AXIS2_PLACEMENT_3D('',#5145,#5146,#5147);
#5145 = CARTESIAN_POINT('',(5.08,0.,0.));
#5146 = DIRECTION('',(1.,1.232595164408E-32,1.110223024625E-16));
#5147 = DIRECTION('',(0.,1.,-1.110223024625E-16));
#5148 = AXIS2_PLACEMENT_3D('',#5149,#5150,#5151);
#5149 = CARTESIAN_POINT('',(6.35,0.,0.));
#5150 = DIRECTION('',(1.,1.232595164408E-32,1.110223024625E-16));
#5151 = DIRECTION('',(0.,1.,-1.110223024625E-16));
#5152 = AXIS2_PLACEMENT_3D('',#5153,#5154,#5155);
#5153 = CARTESIAN_POINT('',(7.62,0.,0.));
#5154 = DIRECTION('',(1.,1.232595164408E-32,1.110223024625E-16));
#5155 = DIRECTION('',(0.,1.,-1.110223024625E-16));
#5156 = AXIS2_PLACEMENT_3D('',#5157,#5158,#5159);
#5157 = CARTESIAN_POINT('',(8.89,0.,0.));
#5158 = DIRECTION('',(1.,1.232595164408E-32,1.110223024625E-16));
#5159 = DIRECTION('',(0.,1.,-1.110223024625E-16));
#5160 = AXIS2_PLACEMENT_3D('',#5161,#5162,#5163);
#5161 = CARTESIAN_POINT('',(10.16,0.,0.));
#5162 = DIRECTION('',(1.,1.232595164408E-32,1.110223024625E-16));
#5163 = DIRECTION('',(0.,1.,-1.110223024625E-16));
#5164 = AXIS2_PLACEMENT_3D('',#5165,#5166,#5167);
#5165 = CARTESIAN_POINT('',(11.43,0.,0.));
#5166 = DIRECTION('',(1.,1.232595164408E-32,1.110223024625E-16));
#5167 = DIRECTION('',(0.,1.,-1.110223024625E-16));
#5168 = AXIS2_PLACEMENT_3D('',#5169,#5170,#5171);
#5169 = CARTESIAN_POINT('',(12.7,0.,0.));
#5170 = DIRECTION('',(1.,1.232595164408E-32,1.110223024625E-16));
#5171 = DIRECTION('',(0.,1.,-1.110223024625E-16));
#5172 = AXIS2_PLACEMENT_3D('',#5173,#5174,#5175);
#5173 = CARTESIAN_POINT('',(13.97,0.,0.));
#5174 = DIRECTION('',(1.,1.232595164408E-32,1.110223024625E-16));
#5175 = DIRECTION('',(0.,1.,-1.110223024625E-16));
#5176 = ( GEOMETRIC_REPRESENTATION_CONTEXT(3) 
GLOBAL_UNCERTAINTY_ASSIGNED_CONTEXT((#5180)) 
GLOBAL_UNIT_ASSIGNED_CONTEXT((#5177,#5178,#5179)) REPRESENTATION_CONTEXT
('Context #1','3D Context with UNIT and UNCERTAINTY') );
#5177 = ( LENGTH_UNIT() NAMED_UNIT(*) SI_UNIT(.MILLI.,.METRE.) );
#5178 = ( NAMED_UNIT(*) PLANE_ANGLE_UNIT() SI_UNIT($,.RADIAN.) );
#5179 = ( NAMED_UNIT(*) SI_UNIT($,.STERADIAN.) SOLID_ANGLE_UNIT() );
#5180 = UNCERTAINTY_MEASURE_WITH_UNIT(LENGTH_MEASURE(1.E-07),#5177,
  'distance_accuracy_value','confusion accuracy');
#5181 = CONTEXT_DEPENDENT_SHAPE_REPRESENTATION(#5182,#5184);
#5182 = ( REPRESENTATION_RELATIONSHIP('','',#5127,#10) 
REPRESENTATION_RELATIONSHIP_WITH_TRANSFORMATION(#5183) 
SHAPE_REPRESENTATION_RELATIONSHIP() );
#5183 = ITEM_DEFINED_TRANSFORMATION('','',#11,#19);
#5184 = PRODUCT_DEFINITION_SHAPE('Placement','Placement of an item',
  #5185);
#5185 = NEXT_ASSEMBLY_USAGE_OCCURRENCE('51','Array','',#5,#5122,$);
#5186 = PRODUCT_RELATED_PRODUCT_CATEGORY('part',$,(#5124));
#5187 = SHAPE_DEFINITION_REPRESENTATION(#5188,#5194);
#5188 = PRODUCT_DEFINITION_SHAPE('','',#5189);
#5189 = PRODUCT_DEFINITION('design','',#5190,#5193);
#5190 = PRODUCT_DEFINITION_FORMATION('','',#5191);
#5191 = PRODUCT('Pad','Pad','',(#5192));
#5192 = PRODUCT_CONTEXT('',#2,'mechanical');
#5193 = PRODUCT_DEFINITION_CONTEXT('part definition',#2,'design');
#5194 = ADVANCED_BREP_SHAPE_REPRESENTATION('',(#11,#5195),#5617);
#5195 = MANIFOLD_SOLID_BREP('',#5196);
#5196 = CLOSED_SHELL('',(#5197,#5237,#5268,#5299,#5332,#5363,#5396,#5427
    ,#5458,#5489,#5522,#5553,#5577,#5597));
#5197 = ADVANCED_FACE('',(#5198),#5232,.F.);
#5198 = FACE_BOUND('',#5199,.F.);
#5199 = EDGE_LOOP('',(#5200,#5210,#5218,#5226));
#5200 = ORIENTED_EDGE('',*,*,#5201,.T.);
#5201 = EDGE_CURVE('',#5202,#5204,#5206,.T.);
#5202 = VERTEX_POINT('',#5203);
#5203 = CARTESIAN_POINT('',(-0.830410611629,0.290440044566,
    -6.449064495006E-17));
#5204 = VERTEX_POINT('',#5205);
#5205 = CARTESIAN_POINT('',(-0.830410611629,0.290440044566,0.406));
#5206 = LINE('',#5207,#5208);
#5207 = CARTESIAN_POINT('',(-0.830410611629,0.290440044566,
    -6.449064495006E-17));
#5208 = VECTOR('',#5209,1.);
#5209 = DIRECTION('',(-2.22044604925E-16,0.,1.));
#5210 = ORIENTED_EDGE('',*,*,#5211,.T.);
#5211 = EDGE_CURVE('',#5204,#5212,#5214,.T.);
#5212 = VERTEX_POINT('',#5213);
#5213 = CARTESIAN_POINT('',(-1.4,0.25061047452,0.406));
#5214 = LINE('',#5215,#5216);
#5215 = CARTESIAN_POINT('',(-0.830410611629,0.290440044566,0.406));
#5216 = VECTOR('',#5217,1.);
#5217 = DIRECTION('',(-0.99756405026,-6.975647374413E-02,
    1.548904865348E-17));
#5218 = ORIENTED_EDGE('',*,*,#5219,.F.);
#5219 = EDGE_CURVE('',#5220,#5212,#5222,.T.);
#5220 = VERTEX_POINT('',#5221);
#5221 = CARTESIAN_POINT('',(-1.4,0.25061047452,-5.564670380493E-17));
#5222 = LINE('',#5223,#5224);
#5223 = CARTESIAN_POINT('',(-1.4,0.25061047452,-5.564670380493E-17));
#5224 = VECTOR('',#5225,1.);
#5225 = DIRECTION('',(-2.22044604925E-16,0.,1.));
#5226 = ORIENTED_EDGE('',*,*,#5227,.F.);
#5227 = EDGE_CURVE('',#5202,#5220,#5228,.T.);
#5228 = LINE('',#5229,#5230);
#5229 = CARTESIAN_POINT('',(-0.830410611629,0.290440044566,
    -6.449064495006E-17));
#5230 = VECTOR('',#5231,1.);
#5231 = DIRECTION('',(-0.99756405026,-6.975647374413E-02,
    1.548904865348E-17));
#5232 = PLANE('',#5233);
#5233 = AXIS2_PLACEMENT_3D('',#5234,#5235,#5236);
#5234 = CARTESIAN_POINT('',(-0.830410611629,0.290440044566,
    -6.449064495006E-17));
#5235 = DIRECTION('',(6.975647374413E-02,-0.99756405026,
    1.548904865348E-17));
#5236 = DIRECTION('',(-0.99756405026,-6.975647374413E-02,
    1.548904865348E-17));
#5237 = ADVANCED_FACE('',(#5238),#5263,.F.);
#5238 = FACE_BOUND('',#5239,.F.);
#5239 = EDGE_LOOP('',(#5240,#5241,#5249,#5257));
#5240 = ORIENTED_EDGE('',*,*,#5219,.T.);
#5241 = ORIENTED_EDGE('',*,*,#5242,.T.);
#5242 = EDGE_CURVE('',#5212,#5243,#5245,.T.);
#5243 = VERTEX_POINT('',#5244);
#5244 = CARTESIAN_POINT('',(-1.4,2.553512956638E-16,0.406));
#5245 = LINE('',#5246,#5247);
#5246 = CARTESIAN_POINT('',(-1.4,0.25061047452,0.406));
#5247 = VECTOR('',#5248,1.);
#5248 = DIRECTION('',(0.,-1.,2.22044604925E-16));
#5249 = ORIENTED_EDGE('',*,*,#5250,.F.);
#5250 = EDGE_CURVE('',#5251,#5243,#5253,.T.);
#5251 = VERTEX_POINT('',#5252);
#5252 = CARTESIAN_POINT('',(-1.4,2.553512956638E-16,1.232595164408E-32)
  );
#5253 = LINE('',#5254,#5255);
#5254 = CARTESIAN_POINT('',(-1.4,2.553512956638E-16,1.232595164408E-32)
  );
#5255 = VECTOR('',#5256,1.);
#5256 = DIRECTION('',(-2.22044604925E-16,0.,1.));
#5257 = ORIENTED_EDGE('',*,*,#5258,.F.);
#5258 = EDGE_CURVE('',#5220,#5251,#5259,.T.);
#5259 = LINE('',#5260,#5261);
#5260 = CARTESIAN_POINT('',(-1.4,0.25061047452,-5.564670380493E-17));
#5261 = VECTOR('',#5262,1.);
#5262 = DIRECTION('',(0.,-1.,2.22044604925E-16));
#5263 = PLANE('',#5264);
#5264 = AXIS2_PLACEMENT_3D('',#5265,#5266,#5267);
#5265 = CARTESIAN_POINT('',(-1.4,0.25061047452,-5.564670380493E-17));
#5266 = DIRECTION('',(1.,4.930380657631E-32,2.22044604925E-16));
#5267 = DIRECTION('',(0.,-1.,2.22044604925E-16));
#5268 = ADVANCED_FACE('',(#5269),#5294,.F.);
#5269 = FACE_BOUND('',#5270,.F.);
#5270 = EDGE_LOOP('',(#5271,#5272,#5280,#5288));
#5271 = ORIENTED_EDGE('',*,*,#5250,.T.);
#5272 = ORIENTED_EDGE('',*,*,#5273,.T.);
#5273 = EDGE_CURVE('',#5243,#5274,#5276,.T.);
#5274 = VERTEX_POINT('',#5275);
#5275 = CARTESIAN_POINT('',(-0.607632672711,5.540772108551E-02,0.406));
#5276 = LINE('',#5277,#5278);
#5277 = CARTESIAN_POINT('',(-1.4,2.553512956638E-16,0.406));
#5278 = VECTOR('',#5279,1.);
#5279 = DIRECTION('',(0.99756405026,6.975647374413E-02,
    -1.548904865348E-17));
#5280 = ORIENTED_EDGE('',*,*,#5281,.F.);
#5281 = EDGE_CURVE('',#5282,#5274,#5284,.T.);
#5282 = VERTEX_POINT('',#5283);
#5283 = CARTESIAN_POINT('',(-0.607632672711,5.540772108551E-02,
    -1.230298553823E-17));
#5284 = LINE('',#5285,#5286);
#5285 = CARTESIAN_POINT('',(-0.607632672711,5.540772108551E-02,
    -1.230298553823E-17));
#5286 = VECTOR('',#5287,1.);
#5287 = DIRECTION('',(-2.22044604925E-16,0.,1.));
#5288 = ORIENTED_EDGE('',*,*,#5289,.F.);
#5289 = EDGE_CURVE('',#5251,#5282,#5290,.T.);
#5290 = LINE('',#5291,#5292);
#5291 = CARTESIAN_POINT('',(-1.4,2.553512956638E-16,1.232595164408E-32)
  );
#5292 = VECTOR('',#5293,1.);
#5293 = DIRECTION('',(0.99756405026,6.975647374413E-02,
    -1.548904865348E-17));
#5294 = PLANE('',#5295);
#5295 = AXIS2_PLACEMENT_3D('',#5296,#5297,#5298);
#5296 = CARTESIAN_POINT('',(-1.4,2.553512956638E-16,1.232595164408E-32)
  );
#5297 = DIRECTION('',(-6.975647374413E-02,0.99756405026,
    -1.548904865348E-17));
#5298 = DIRECTION('',(0.99756405026,6.975647374413E-02,
    -1.548904865348E-17));
#5299 = ADVANCED_FACE('',(#5300),#5327,.T.);
#5300 = FACE_BOUND('',#5301,.F.);
#5301 = EDGE_LOOP('',(#5302,#5303,#5312,#5320));
#5302 = ORIENTED_EDGE('',*,*,#5281,.T.);
#5303 = ORIENTED_EDGE('',*,*,#5304,.T.);
#5304 = EDGE_CURVE('',#5274,#5305,#5307,.T.);
#5305 = VERTEX_POINT('',#5306);
#5306 = CARTESIAN_POINT('',(-0.6,6.115935252015E-02,0.406));
#5307 = CIRCLE('',#5308,8.773830972728E-03);
#5308 = AXIS2_PLACEMENT_3D('',#5309,#5310,#5311);
#5309 = CARTESIAN_POINT('',(-0.608244704221,6.416017944696E-02,0.406));
#5310 = DIRECTION('',(4.930380657631E-32,2.22044604925E-16,1.));
#5311 = DIRECTION('',(1.,-2.22044604925E-16,0.));
#5312 = ORIENTED_EDGE('',*,*,#5313,.F.);
#5313 = EDGE_CURVE('',#5314,#5305,#5316,.T.);
#5314 = VERTEX_POINT('',#5315);
#5315 = CARTESIAN_POINT('',(-0.6,6.115935252015E-02,-1.358010426781E-17)
  );
#5316 = LINE('',#5317,#5318);
#5317 = CARTESIAN_POINT('',(-0.6,6.115935252015E-02,-1.358010426781E-17)
  );
#5318 = VECTOR('',#5319,1.);
#5319 = DIRECTION('',(-2.22044604925E-16,0.,1.));
#5320 = ORIENTED_EDGE('',*,*,#5321,.F.);
#5321 = EDGE_CURVE('',#5282,#5314,#5322,.T.);
#5322 = CIRCLE('',#5323,8.773830972728E-03);
#5323 = AXIS2_PLACEMENT_3D('',#5324,#5325,#5326);
#5324 = CARTESIAN_POINT('',(-0.608244704221,6.416017944696E-02,
    -1.424642169722E-17));
#5325 = DIRECTION('',(4.930380657631E-32,2.22044604925E-16,1.));
#5326 = DIRECTION('',(1.,-2.22044604925E-16,0.));
#5327 = CYLINDRICAL_SURFACE('',#5328,8.773830972728E-03);
#5328 = AXIS2_PLACEMENT_3D('',#5329,#5330,#5331);
#5329 = CARTESIAN_POINT('',(-0.608244704221,6.416017944696E-02,
    -1.424642169722E-17));
#5330 = DIRECTION('',(-4.930380657631E-32,-2.22044604925E-16,-1.));
#5331 = DIRECTION('',(1.,-2.22044604925E-16,0.));
#5332 = ADVANCED_FACE('',(#5333),#5358,.F.);
#5333 = FACE_BOUND('',#5334,.F.);
#5334 = EDGE_LOOP('',(#5335,#5336,#5344,#5352));
#5335 = ORIENTED_EDGE('',*,*,#5313,.T.);
#5336 = ORIENTED_EDGE('',*,*,#5337,.T.);
#5337 = EDGE_CURVE('',#5305,#5338,#5340,.T.);
#5338 = VERTEX_POINT('',#5339);
#5339 = CARTESIAN_POINT('',(-0.213659113,1.122622215766,0.406));
#5340 = LINE('',#5341,#5342);
#5341 = CARTESIAN_POINT('',(-0.6,6.115935252015E-02,0.406));
#5342 = VECTOR('',#5343,1.);
#5343 = DIRECTION('',(0.342020143326,0.939692620786,-2.086536767334E-16)
  );
#5344 = ORIENTED_EDGE('',*,*,#5345,.F.);
#5345 = EDGE_CURVE('',#5346,#5338,#5348,.T.);
#5346 = VERTEX_POINT('',#5347);
#5347 = CARTESIAN_POINT('',(-0.213659113,1.122622215766,
    -2.492722063798E-16));
#5348 = LINE('',#5349,#5350);
#5349 = CARTESIAN_POINT('',(-0.213659113,1.122622215766,
    -2.492722063798E-16));
#5350 = VECTOR('',#5351,1.);
#5351 = DIRECTION('',(-2.22044604925E-16,0.,1.));
#5352 = ORIENTED_EDGE('',*,*,#5353,.F.);
#5353 = EDGE_CURVE('',#5314,#5346,#5354,.T.);
#5354 = LINE('',#5355,#5356);
#5355 = CARTESIAN_POINT('',(-0.6,6.115935252015E-02,-1.358010426781E-17)
  );
#5356 = VECTOR('',#5357,1.);
#5357 = DIRECTION('',(0.342020143326,0.939692620786,-2.086536767334E-16)
  );
#5358 = PLANE('',#5359);
#5359 = AXIS2_PLACEMENT_3D('',#5360,#5361,#5362);
#5360 = CARTESIAN_POINT('',(-0.6,6.115935252015E-02,-1.358010426781E-17)
  );
#5361 = DIRECTION('',(-0.939692620786,0.342020143326,-2.086536767334E-16
    ));
#5362 = DIRECTION('',(0.342020143326,0.939692620786,-2.086536767334E-16)
  );
#5363 = ADVANCED_FACE('',(#5364),#5391,.F.);
#5364 = FACE_BOUND('',#5365,.T.);
#5365 = EDGE_LOOP('',(#5366,#5376,#5383,#5384));
#5366 = ORIENTED_EDGE('',*,*,#5367,.T.);
#5367 = EDGE_CURVE('',#5368,#5370,#5372,.T.);
#5368 = VERTEX_POINT('',#5369);
#5369 = CARTESIAN_POINT('',(-0.110292924713,1.195,-2.653433028854E-16));
#5370 = VERTEX_POINT('',#5371);
#5371 = CARTESIAN_POINT('',(-0.110292924713,1.195,0.406));
#5372 = LINE('',#5373,#5374);
#5373 = CARTESIAN_POINT('',(-0.110292924713,1.195,-2.653433028854E-16));
#5374 = VECTOR('',#5375,1.);
#5375 = DIRECTION('',(-2.22044604925E-16,0.,1.));
#5376 = ORIENTED_EDGE('',*,*,#5377,.T.);
#5377 = EDGE_CURVE('',#5370,#5338,#5378,.T.);
#5378 = CIRCLE('',#5379,0.11);
#5379 = AXIS2_PLACEMENT_3D('',#5380,#5381,#5382);
#5380 = CARTESIAN_POINT('',(-0.110292924713,1.085,0.406));
#5381 = DIRECTION('',(4.930380657631E-32,2.22044604925E-16,1.));
#5382 = DIRECTION('',(1.,-2.22044604925E-16,0.));
#5383 = ORIENTED_EDGE('',*,*,#5345,.F.);
#5384 = ORIENTED_EDGE('',*,*,#5385,.F.);
#5385 = EDGE_CURVE('',#5368,#5346,#5386,.T.);
#5386 = CIRCLE('',#5387,0.11);
#5387 = AXIS2_PLACEMENT_3D('',#5388,#5389,#5390);
#5388 = CARTESIAN_POINT('',(-0.110292924713,1.085,-2.409183963437E-16));
#5389 = DIRECTION('',(4.930380657631E-32,2.22044604925E-16,1.));
#5390 = DIRECTION('',(1.,-2.22044604925E-16,0.));
#5391 = CYLINDRICAL_SURFACE('',#5392,0.11);
#5392 = AXIS2_PLACEMENT_3D('',#5393,#5394,#5395);
#5393 = CARTESIAN_POINT('',(-0.110292924713,1.085,-2.409183963437E-16));
#5394 = DIRECTION('',(-4.930380657631E-32,-2.22044604925E-16,-1.));
#5395 = DIRECTION('',(1.,-2.22044604925E-16,0.));
#5396 = ADVANCED_FACE('',(#5397),#5422,.F.);
#5397 = FACE_BOUND('',#5398,.F.);
#5398 = EDGE_LOOP('',(#5399,#5400,#5408,#5416));
#5399 = ORIENTED_EDGE('',*,*,#5367,.T.);
#5400 = ORIENTED_EDGE('',*,*,#5401,.T.);
#5401 = EDGE_CURVE('',#5370,#5402,#5404,.T.);
#5402 = VERTEX_POINT('',#5403);
#5403 = CARTESIAN_POINT('',(-1.456612608308E-16,1.195,0.406));
#5404 = LINE('',#5405,#5406);
#5405 = CARTESIAN_POINT('',(-0.110292924713,1.195,0.406));
#5406 = VECTOR('',#5407,1.);
#5407 = DIRECTION('',(1.,-2.22044604925E-16,0.));
#5408 = ORIENTED_EDGE('',*,*,#5409,.F.);
#5409 = EDGE_CURVE('',#5410,#5402,#5412,.T.);
#5410 = VERTEX_POINT('',#5411);
#5411 = CARTESIAN_POINT('',(-5.551115123126E-17,1.195,
    -2.653433028854E-16));
#5412 = LINE('',#5413,#5414);
#5413 = CARTESIAN_POINT('',(-5.551115123126E-17,1.195,
    -2.653433028854E-16));
#5414 = VECTOR('',#5415,1.);
#5415 = DIRECTION('',(-2.22044604925E-16,0.,1.));
#5416 = ORIENTED_EDGE('',*,*,#5417,.F.);
#5417 = EDGE_CURVE('',#5368,#5410,#5418,.T.);
#5418 = LINE('',#5419,#5420);
#5419 = CARTESIAN_POINT('',(-0.110292924713,1.195,-2.653433028854E-16));
#5420 = VECTOR('',#5421,1.);
#5421 = DIRECTION('',(1.,-2.22044604925E-16,0.));
#5422 = PLANE('',#5423);
#5423 = AXIS2_PLACEMENT_3D('',#5424,#5425,#5426);
#5424 = CARTESIAN_POINT('',(-0.110292924713,1.195,-2.653433028854E-16));
#5425 = DIRECTION('',(2.22044604925E-16,1.,4.930380657631E-32));
#5426 = DIRECTION('',(1.,-2.22044604925E-16,-1.079521069387E-78));
#5427 = ADVANCED_FACE('',(#5428),#5453,.F.);
#5428 = FACE_BOUND('',#5429,.F.);
#5429 = EDGE_LOOP('',(#5430,#5431,#5439,#5447));
#5430 = ORIENTED_EDGE('',*,*,#5409,.T.);
#5431 = ORIENTED_EDGE('',*,*,#5432,.T.);
#5432 = EDGE_CURVE('',#5402,#5433,#5435,.T.);
#5433 = VERTEX_POINT('',#5434);
#5434 = CARTESIAN_POINT('',(-1.510075999903E-16,1.445,0.406));
#5435 = LINE('',#5436,#5437);
#5436 = CARTESIAN_POINT('',(-1.456612608308E-16,1.195,0.406));
#5437 = VECTOR('',#5438,1.);
#5438 = DIRECTION('',(-2.138535663784E-17,1.,-2.22044604925E-16));
#5439 = ORIENTED_EDGE('',*,*,#5440,.F.);
#5440 = EDGE_CURVE('',#5441,#5433,#5443,.T.);
#5441 = VERTEX_POINT('',#5442);
#5442 = CARTESIAN_POINT('',(-6.085749039072E-17,1.445,
    -3.208544541167E-16));
#5443 = LINE('',#5444,#5445);
#5444 = CARTESIAN_POINT('',(-6.085749039072E-17,1.445,
    -3.208544541167E-16));
#5445 = VECTOR('',#5446,1.);
#5446 = DIRECTION('',(-2.22044604925E-16,0.,1.));
#5447 = ORIENTED_EDGE('',*,*,#5448,.F.);
#5448 = EDGE_CURVE('',#5410,#5441,#5449,.T.);
#5449 = LINE('',#5450,#5451);
#5450 = CARTESIAN_POINT('',(-5.551115123126E-17,1.195,
    -2.653433028854E-16));
#5451 = VECTOR('',#5452,1.);
#5452 = DIRECTION('',(-2.138535663784E-17,1.,-2.22044604925E-16));
#5453 = PLANE('',#5454);
#5454 = AXIS2_PLACEMENT_3D('',#5455,#5456,#5457);
#5455 = CARTESIAN_POINT('',(-5.551115123126E-17,1.195,
    -2.653433028854E-16));
#5456 = DIRECTION('',(-1.,-2.138535663784E-17,-2.22044604925E-16));
#5457 = DIRECTION('',(-2.138535663784E-17,1.,-2.22044604925E-16));
#5458 = ADVANCED_FACE('',(#5459),#5484,.F.);
#5459 = FACE_BOUND('',#5460,.F.);
#5460 = EDGE_LOOP('',(#5461,#5462,#5470,#5478));
#5461 = ORIENTED_EDGE('',*,*,#5440,.T.);
#5462 = ORIENTED_EDGE('',*,*,#5463,.T.);
#5463 = EDGE_CURVE('',#5433,#5464,#5466,.T.);
#5464 = VERTEX_POINT('',#5465);
#5465 = CARTESIAN_POINT('',(-0.33169154622,1.445,0.406));
#5466 = LINE('',#5467,#5468);
#5467 = CARTESIAN_POINT('',(-1.510075999903E-16,1.445,0.406));
#5468 = VECTOR('',#5469,1.);
#5469 = DIRECTION('',(-1.,2.22044604925E-16,0.));
#5470 = ORIENTED_EDGE('',*,*,#5471,.F.);
#5471 = EDGE_CURVE('',#5472,#5464,#5474,.T.);
#5472 = VERTEX_POINT('',#5473);
#5473 = CARTESIAN_POINT('',(-0.33169154622,1.445,-3.208544541167E-16));
#5474 = LINE('',#5475,#5476);
#5475 = CARTESIAN_POINT('',(-0.33169154622,1.445,-3.208544541167E-16));
#5476 = VECTOR('',#5477,1.);
#5477 = DIRECTION('',(-2.22044604925E-16,0.,1.));
#5478 = ORIENTED_EDGE('',*,*,#5479,.F.);
#5479 = EDGE_CURVE('',#5441,#5472,#5480,.T.);
#5480 = LINE('',#5481,#5482);
#5481 = CARTESIAN_POINT('',(-6.085749039072E-17,1.445,
    -3.208544541167E-16));
#5482 = VECTOR('',#5483,1.);
#5483 = DIRECTION('',(-1.,2.22044604925E-16,0.));
#5484 = PLANE('',#5485);
#5485 = AXIS2_PLACEMENT_3D('',#5486,#5487,#5488);
#5486 = CARTESIAN_POINT('',(-6.085749039072E-17,1.445,
    -3.208544541167E-16));
#5487 = DIRECTION('',(-2.22044604925E-16,-1.,-4.930380657631E-32));
#5488 = DIRECTION('',(-1.,2.22044604925E-16,1.079521069387E-78));
#5489 = ADVANCED_FACE('',(#5490),#5517,.T.);
#5490 = FACE_BOUND('',#5491,.F.);
#5491 = EDGE_LOOP('',(#5492,#5493,#5502,#5510));
#5492 = ORIENTED_EDGE('',*,*,#5471,.T.);
#5493 = ORIENTED_EDGE('',*,*,#5494,.T.);
#5494 = EDGE_CURVE('',#5464,#5495,#5497,.T.);
#5495 = VERTEX_POINT('',#5496);
#5496 = CARTESIAN_POINT('',(-0.372859479936,1.416173902479,0.406));
#5497 = CIRCLE('',#5498,4.381E-02);
#5498 = AXIS2_PLACEMENT_3D('',#5499,#5500,#5501);
#5499 = CARTESIAN_POINT('',(-0.33169154622,1.40119,0.406));
#5500 = DIRECTION('',(4.930380657631E-32,2.22044604925E-16,1.));
#5501 = DIRECTION('',(1.,-2.22044604925E-16,0.));
#5502 = ORIENTED_EDGE('',*,*,#5503,.F.);
#5503 = EDGE_CURVE('',#5504,#5495,#5506,.T.);
#5504 = VERTEX_POINT('',#5505);
#5505 = CARTESIAN_POINT('',(-0.372859479936,1.416173902479,
    -3.144537746811E-16));
#5506 = LINE('',#5507,#5508);
#5507 = CARTESIAN_POINT('',(-0.372859479936,1.416173902479,
    -3.144537746811E-16));
#5508 = VECTOR('',#5509,1.);
#5509 = DIRECTION('',(-2.22044604925E-16,0.,1.));
#5510 = ORIENTED_EDGE('',*,*,#5511,.F.);
#5511 = EDGE_CURVE('',#5472,#5504,#5512,.T.);
#5512 = CIRCLE('',#5513,4.381E-02);
#5513 = AXIS2_PLACEMENT_3D('',#5514,#5515,#5516);
#5514 = CARTESIAN_POINT('',(-0.33169154622,1.40119,-3.111266799749E-16)
  );
#5515 = DIRECTION('',(4.930380657631E-32,2.22044604925E-16,1.));
#5516 = DIRECTION('',(1.,-2.22044604925E-16,0.));
#5517 = CYLINDRICAL_SURFACE('',#5518,4.381E-02);
#5518 = AXIS2_PLACEMENT_3D('',#5519,#5520,#5521);
#5519 = CARTESIAN_POINT('',(-0.33169154622,1.40119,-3.111266799749E-16)
  );
#5520 = DIRECTION('',(-4.930380657631E-32,-2.22044604925E-16,-1.));
#5521 = DIRECTION('',(1.,-2.22044604925E-16,0.));
#5522 = ADVANCED_FACE('',(#5523),#5548,.F.);
#5523 = FACE_BOUND('',#5524,.F.);
#5524 = EDGE_LOOP('',(#5525,#5526,#5534,#5542));
#5525 = ORIENTED_EDGE('',*,*,#5503,.T.);
#5526 = ORIENTED_EDGE('',*,*,#5527,.T.);
#5527 = EDGE_CURVE('',#5495,#5528,#5530,.T.);
#5528 = VERTEX_POINT('',#5529);
#5529 = CARTESIAN_POINT('',(-0.764521647852,0.340090940077,0.406));
#5530 = LINE('',#5531,#5532);
#5531 = CARTESIAN_POINT('',(-0.372859479936,1.416173902479,0.406));
#5532 = VECTOR('',#5533,1.);
#5533 = DIRECTION('',(-0.342020143326,-0.939692620786,2.086536767334E-16
    ));
#5534 = ORIENTED_EDGE('',*,*,#5535,.F.);
#5535 = EDGE_CURVE('',#5536,#5528,#5538,.T.);
#5536 = VERTEX_POINT('',#5537);
#5537 = CARTESIAN_POINT('',(-0.764521647852,0.340090940077,
    -7.551535842801E-17));
#5538 = LINE('',#5539,#5540);
#5539 = CARTESIAN_POINT('',(-0.764521647852,0.340090940077,
    -7.551535842801E-17));
#5540 = VECTOR('',#5541,1.);
#5541 = DIRECTION('',(-2.22044604925E-16,0.,1.));
#5542 = ORIENTED_EDGE('',*,*,#5543,.F.);
#5543 = EDGE_CURVE('',#5504,#5536,#5544,.T.);
#5544 = LINE('',#5545,#5546);
#5545 = CARTESIAN_POINT('',(-0.372859479936,1.416173902479,
    -3.144537746811E-16));
#5546 = VECTOR('',#5547,1.);
#5547 = DIRECTION('',(-0.342020143326,-0.939692620786,2.086536767334E-16
    ));
#5548 = PLANE('',#5549);
#5549 = AXIS2_PLACEMENT_3D('',#5550,#5551,#5552);
#5550 = CARTESIAN_POINT('',(-0.372859479936,1.416173902479,
    -3.144537746811E-16));
#5551 = DIRECTION('',(0.939692620786,-0.342020143326,2.086536767334E-16)
  );
#5552 = DIRECTION('',(-0.342020143326,-0.939692620786,2.086536767334E-16
    ));
#5553 = ADVANCED_FACE('',(#5554),#5572,.F.);
#5554 = FACE_BOUND('',#5555,.T.);
#5555 = EDGE_LOOP('',(#5556,#5557,#5564,#5565));
#5556 = ORIENTED_EDGE('',*,*,#5201,.T.);
#5557 = ORIENTED_EDGE('',*,*,#5558,.T.);
#5558 = EDGE_CURVE('',#5204,#5528,#5559,.T.);
#5559 = CIRCLE('',#5560,7.574E-02);
#5560 = AXIS2_PLACEMENT_3D('',#5561,#5562,#5563);
#5561 = CARTESIAN_POINT('',(-0.83569396695,0.365995545733,0.406));
#5562 = DIRECTION('',(4.930380657631E-32,2.22044604925E-16,1.));
#5563 = DIRECTION('',(1.,-2.22044604925E-16,0.));
#5564 = ORIENTED_EDGE('',*,*,#5535,.F.);
#5565 = ORIENTED_EDGE('',*,*,#5566,.F.);
#5566 = EDGE_CURVE('',#5202,#5536,#5567,.T.);
#5567 = CIRCLE('',#5568,7.574E-02);
#5568 = AXIS2_PLACEMENT_3D('',#5569,#5570,#5571);
#5569 = CARTESIAN_POINT('',(-0.83569396695,0.365995545733,
    -8.126733635653E-17));
#5570 = DIRECTION('',(4.930380657631E-32,2.22044604925E-16,1.));
#5571 = DIRECTION('',(1.,-2.22044604925E-16,0.));
#5572 = CYLINDRICAL_SURFACE('',#5573,7.574E-02);
#5573 = AXIS2_PLACEMENT_3D('',#5574,#5575,#5576);
#5574 = CARTESIAN_POINT('',(-0.83569396695,0.365995545733,
    -8.126733635653E-17));
#5575 = DIRECTION('',(-4.930380657631E-32,-2.22044604925E-16,-1.));
#5576 = DIRECTION('',(1.,-2.22044604925E-16,0.));
#5577 = ADVANCED_FACE('',(#5578),#5592,.F.);
#5578 = FACE_BOUND('',#5579,.F.);
#5579 = EDGE_LOOP('',(#5580,#5581,#5582,#5583,#5584,#5585,#5586,#5587,
    #5588,#5589,#5590,#5591));
#5580 = ORIENTED_EDGE('',*,*,#5227,.T.);
#5581 = ORIENTED_EDGE('',*,*,#5258,.T.);
#5582 = ORIENTED_EDGE('',*,*,#5289,.T.);
#5583 = ORIENTED_EDGE('',*,*,#5321,.T.);
#5584 = ORIENTED_EDGE('',*,*,#5353,.T.);
#5585 = ORIENTED_EDGE('',*,*,#5385,.F.);
#5586 = ORIENTED_EDGE('',*,*,#5417,.T.);
#5587 = ORIENTED_EDGE('',*,*,#5448,.T.);
#5588 = ORIENTED_EDGE('',*,*,#5479,.T.);
#5589 = ORIENTED_EDGE('',*,*,#5511,.T.);
#5590 = ORIENTED_EDGE('',*,*,#5543,.T.);
#5591 = ORIENTED_EDGE('',*,*,#5566,.F.);
#5592 = PLANE('',#5593);
#5593 = AXIS2_PLACEMENT_3D('',#5594,#5595,#5596);
#5594 = CARTESIAN_POINT('',(-0.631535391952,0.633531379608,
    -1.406722248926E-16));
#5595 = DIRECTION('',(-2.22044604925E-16,0.,1.));
#5596 = DIRECTION('',(0.,1.,-2.22044604925E-16));
#5597 = ADVANCED_FACE('',(#5598),#5612,.T.);
#5598 = FACE_BOUND('',#5599,.T.);
#5599 = EDGE_LOOP('',(#5600,#5601,#5602,#5603,#5604,#5605,#5606,#5607,
    #5608,#5609,#5610,#5611));
#5600 = ORIENTED_EDGE('',*,*,#5211,.T.);
#5601 = ORIENTED_EDGE('',*,*,#5242,.T.);
#5602 = ORIENTED_EDGE('',*,*,#5273,.T.);
#5603 = ORIENTED_EDGE('',*,*,#5304,.T.);
#5604 = ORIENTED_EDGE('',*,*,#5337,.T.);
#5605 = ORIENTED_EDGE('',*,*,#5377,.F.);
#5606 = ORIENTED_EDGE('',*,*,#5401,.T.);
#5607 = ORIENTED_EDGE('',*,*,#5432,.T.);
#5608 = ORIENTED_EDGE('',*,*,#5463,.T.);
#5609 = ORIENTED_EDGE('',*,*,#5494,.T.);
#5610 = ORIENTED_EDGE('',*,*,#5527,.T.);
#5611 = ORIENTED_EDGE('',*,*,#5558,.F.);
#5612 = PLANE('',#5613);
#5613 = AXIS2_PLACEMENT_3D('',#5614,#5615,#5616);
#5614 = CARTESIAN_POINT('',(-0.631535391952,0.633531379608,0.406));
#5615 = DIRECTION('',(-2.22044604925E-16,0.,1.));
#5616 = DIRECTION('',(0.,1.,-2.22044604925E-16));
#5617 = ( GEOMETRIC_REPRESENTATION_CONTEXT(3) 
GLOBAL_UNCERTAINTY_ASSIGNED_CONTEXT((#5621)) 
GLOBAL_UNIT_ASSIGNED_CONTEXT((#5618,#5619,#5620)) REPRESENTATION_CONTEXT
('Context #1','3D Context with UNIT and UNCERTAINTY') );
#5618 = ( LENGTH_UNIT() NAMED_UNIT(*) SI_UNIT(.MILLI.,.METRE.) );
#5619 = ( NAMED_UNIT(*) PLANE_ANGLE_UNIT() SI_UNIT($,.RADIAN.) );
#5620 = ( NAMED_UNIT(*) SI_UNIT($,.STERADIAN.) SOLID_ANGLE_UNIT() );
#5621 = UNCERTAINTY_MEASURE_WITH_UNIT(LENGTH_MEASURE(1.E-07),#5618,
  'distance_accuracy_value','confusion accuracy');
#5622 = CONTEXT_DEPENDENT_SHAPE_REPRESENTATION(#5623,#5625);
#5623 = ( REPRESENTATION_RELATIONSHIP('','',#5194,#5127) 
REPRESENTATION_RELATIONSHIP_WITH_TRANSFORMATION(#5624) 
SHAPE_REPRESENTATION_RELATIONSHIP() );
#5624 = ITEM_DEFINED_TRANSFORMATION('','',#11,#5128);
#5625 = PRODUCT_DEFINITION_SHAPE('Placement','Placement of an item',
  #5626);
#5626 = NEXT_ASSEMBLY_USAGE_OCCURRENCE('39','0','',#5122,#5189,$);
#5627 = PRODUCT_RELATED_PRODUCT_CATEGORY('part',$,(#5191));
#5628 = CONTEXT_DEPENDENT_SHAPE_REPRESENTATION(#5629,#5631);
#5629 = ( REPRESENTATION_RELATIONSHIP('','',#5194,#5127) 
REPRESENTATION_RELATIONSHIP_WITH_TRANSFORMATION(#5630) 
SHAPE_REPRESENTATION_RELATIONSHIP() );
#5630 = ITEM_DEFINED_TRANSFORMATION('','',#11,#5132);
#5631 = PRODUCT_DEFINITION_SHAPE('Placement','Placement of an item',
  #5632);
#5632 = NEXT_ASSEMBLY_USAGE_OCCURRENCE('40','1','',#5122,#5189,$);
#5633 = CONTEXT_DEPENDENT_SHAPE_REPRESENTATION(#5634,#5636);
#5634 = ( REPRESENTATION_RELATIONSHIP('','',#5194,#5127) 
REPRESENTATION_RELATIONSHIP_WITH_TRANSFORMATION(#5635) 
SHAPE_REPRESENTATION_RELATIONSHIP() );
#5635 = ITEM_DEFINED_TRANSFORMATION('','',#11,#5136);
#5636 = PRODUCT_DEFINITION_SHAPE('Placement','Placement of an item',
  #5637);
#5637 = NEXT_ASSEMBLY_USAGE_OCCURRENCE('41','2','',#5122,#5189,$);
#5638 = CONTEXT_DEPENDENT_SHAPE_REPRESENTATION(#5639,#5641);
#5639 = ( REPRESENTATION_RELATIONSHIP('','',#5194,#5127) 
REPRESENTATION_RELATIONSHIP_WITH_TRANSFORMATION(#5640) 
SHAPE_REPRESENTATION_RELATIONSHIP() );
#5640 = ITEM_DEFINED_TRANSFORMATION('','',#11,#5140);
#5641 = PRODUCT_DEFINITION_SHAPE('Placement','Placement of an item',
  #5642);
#5642 = NEXT_ASSEMBLY_USAGE_OCCURRENCE('42','3','',#5122,#5189,$);
#5643 = CONTEXT_DEPENDENT_SHAPE_REPRESENTATION(#5644,#5646);
#5644 = ( REPRESENTATION_RELATIONSHIP('','',#5194,#5127) 
REPRESENTATION_RELATIONSHIP_WITH_TRANSFORMATION(#5645) 
SHAPE_REPRESENTATION_RELATIONSHIP() );
#5645 = ITEM_DEFINED_TRANSFORMATION('','',#11,#5144);
#5646 = PRODUCT_DEFINITION_SHAPE('Placement','Placement of an item',
  #5647);
#5647 = NEXT_ASSEMBLY_USAGE_OCCURRENCE('43','4','',#5122,#5189,$);
#5648 = CONTEXT_DEPENDENT_SHAPE_REPRESENTATION(#5649,#5651);
#5649 = ( REPRESENTATION_RELATIONSHIP('','',#5194,#5127) 
REPRESENTATION_RELATIONSHIP_WITH_TRANSFORMATION(#5650) 
SHAPE_REPRESENTATION_RELATIONSHIP() );
#5650 = ITEM_DEFINED_TRANSFORMATION('','',#11,#5148);
#5651 = PRODUCT_DEFINITION_SHAPE('Placement','Placement of an item',
  #5652);
#5652 = NEXT_ASSEMBLY_USAGE_OCCURRENCE('44','5','',#5122,#5189,$);
#5653 = CONTEXT_DEPENDENT_SHAPE_REPRESENTATION(#5654,#5656);
#5654 = ( REPRESENTATION_RELATIONSHIP('','',#5194,#5127) 
REPRESENTATION_RELATIONSHIP_WITH_TRANSFORMATION(#5655) 
SHAPE_REPRESENTATION_RELATIONSHIP() );
#5655 = ITEM_DEFINED_TRANSFORMATION('','',#11,#5152);
#5656 = PRODUCT_DEFINITION_SHAPE('Placement','Placement of an item',
  #5657);
#5657 = NEXT_ASSEMBLY_USAGE_OCCURRENCE('45','6','',#5122,#5189,$);
#5658 = CONTEXT_DEPENDENT_SHAPE_REPRESENTATION(#5659,#5661);
#5659 = ( REPRESENTATION_RELATIONSHIP('','',#5194,#5127) 
REPRESENTATION_RELATIONSHIP_WITH_TRANSFORMATION(#5660) 
SHAPE_REPRESENTATION_RELATIONSHIP() );
#5660 = ITEM_DEFINED_TRANSFORMATION('','',#11,#5156);
#5661 = PRODUCT_DEFINITION_SHAPE('Placement','Placement of an item',
  #5662);
#5662 = NEXT_ASSEMBLY_USAGE_OCCURRENCE('46','7','',#5122,#5189,$);
#5663 = CONTEXT_DEPENDENT_SHAPE_REPRESENTATION(#5664,#5666);
#5664 = ( REPRESENTATION_RELATIONSHIP('','',#5194,#5127) 
REPRESENTATION_RELATIONSHIP_WITH_TRANSFORMATION(#5665) 
SHAPE_REPRESENTATION_RELATIONSHIP() );
#5665 = ITEM_DEFINED_TRANSFORMATION('','',#11,#5160);
#5666 = PRODUCT_DEFINITION_SHAPE('Placement','Placement of an item',
  #5667);
#5667 = NEXT_ASSEMBLY_USAGE_OCCURRENCE('47','8','',#5122,#5189,$);
#5668 = CONTEXT_DEPENDENT_SHAPE_REPRESENTATION(#5669,#5671);
#5669 = ( REPRESENTATION_RELATIONSHIP('','',#5194,#5127) 
REPRESENTATION_RELATIONSHIP_WITH_TRANSFORMATION(#5670) 
SHAPE_REPRESENTATION_RELATIONSHIP() );
#5670 = ITEM_DEFINED_TRANSFORMATION('','',#11,#5164);
#5671 = PRODUCT_DEFINITION_SHAPE('Placement','Placement of an item',
  #5672);
#5672 = NEXT_ASSEMBLY_USAGE_OCCURRENCE('48','9','',#5122,#5189,$);
#5673 = CONTEXT_DEPENDENT_SHAPE_REPRESENTATION(#5674,#5676);
#5674 = ( REPRESENTATION_RELATIONSHIP('','',#5194,#5127) 
REPRESENTATION_RELATIONSHIP_WITH_TRANSFORMATION(#5675) 
SHAPE_REPRESENTATION_RELATIONSHIP() );
#5675 = ITEM_DEFINED_TRANSFORMATION('','',#11,#5168);
#5676 = PRODUCT_DEFINITION_SHAPE('Placement','Placement of an item',
  #5677);
#5677 = NEXT_ASSEMBLY_USAGE_OCCURRENCE('49','10','',#5122,#5189,$);
#5678 = CONTEXT_DEPENDENT_SHAPE_REPRESENTATION(#5679,#5681);
#5679 = ( REPRESENTATION_RELATIONSHIP('','',#5194,#5127) 
REPRESENTATION_RELATIONSHIP_WITH_TRANSFORMATION(#5680) 
SHAPE_REPRESENTATION_RELATIONSHIP() );
#5680 = ITEM_DEFINED_TRANSFORMATION('','',#11,#5172);
#5681 = PRODUCT_DEFINITION_SHAPE('Placement','Placement of an item',
  #5682);
#5682 = NEXT_ASSEMBLY_USAGE_OCCURRENCE('50','11','',#5122,#5189,$);
#5683 = SHAPE_DEFINITION_REPRESENTATION(#5684,#5690);
#5684 = PRODUCT_DEFINITION_SHAPE('','',#5685);
#5685 = PRODUCT_DEFINITION('design','',#5686,#5689);
#5686 = PRODUCT_DEFINITION_FORMATION('','',#5687);
#5687 = PRODUCT('Legs','Legs','',(#5688));
#5688 = PRODUCT_CONTEXT('',#2,'mechanical');
#5689 = PRODUCT_DEFINITION_CONTEXT('part definition',#2,'design');
#5690 = ADVANCED_BREP_SHAPE_REPRESENTATION('',(#11,#5691),#6113);
#5691 = MANIFOLD_SOLID_BREP('',#5692);
#5692 = CLOSED_SHELL('',(#5693,#5733,#5764,#5795,#5828,#5859,#5892,#5923
    ,#5954,#5985,#6018,#6049,#6073,#6093));
#5693 = ADVANCED_FACE('',(#5694),#5728,.F.);
#5694 = FACE_BOUND('',#5695,.F.);
#5695 = EDGE_LOOP('',(#5696,#5706,#5714,#5722));
#5696 = ORIENTED_EDGE('',*,*,#5697,.T.);
#5697 = EDGE_CURVE('',#5698,#5700,#5702,.T.);
#5698 = VERTEX_POINT('',#5699);
#5699 = CARTESIAN_POINT('',(-9.673596742509E-17,-0.830410611629,
    0.290440044566));
#5700 = VERTEX_POINT('',#5701);
#5701 = CARTESIAN_POINT('',(0.406,-0.830410611629,0.290440044566));
#5702 = LINE('',#5703,#5704);
#5703 = CARTESIAN_POINT('',(-9.673596742509E-17,-0.830410611629,
    0.290440044566));
#5704 = VECTOR('',#5705,1.);
#5705 = DIRECTION('',(1.,-2.22044604925E-16,1.110223024625E-16));
#5706 = ORIENTED_EDGE('',*,*,#5707,.T.);
#5707 = EDGE_CURVE('',#5700,#5708,#5710,.T.);
#5708 = VERTEX_POINT('',#5709);
#5709 = CARTESIAN_POINT('',(0.406,-1.4,0.25061047452));
#5710 = LINE('',#5711,#5712);
#5711 = CARTESIAN_POINT('',(0.406,-0.830410611629,0.290440044566));
#5712 = VECTOR('',#5713,1.);
#5713 = DIRECTION('',(2.602263370611E-16,-0.99756405026,
    -6.975647374412E-02));
#5714 = ORIENTED_EDGE('',*,*,#5715,.F.);
#5715 = EDGE_CURVE('',#5716,#5708,#5718,.T.);
#5716 = VERTEX_POINT('',#5717);
#5717 = CARTESIAN_POINT('',(-8.34700557074E-17,-1.4,0.25061047452));
#5718 = LINE('',#5719,#5720);
#5719 = CARTESIAN_POINT('',(-8.34700557074E-17,-1.4,0.25061047452));
#5720 = VECTOR('',#5721,1.);
#5721 = DIRECTION('',(1.,-2.22044604925E-16,1.110223024625E-16));
#5722 = ORIENTED_EDGE('',*,*,#5723,.F.);
#5723 = EDGE_CURVE('',#5698,#5716,#5724,.T.);
#5724 = LINE('',#5725,#5726);
#5725 = CARTESIAN_POINT('',(2.316158380947E-17,-0.830410611629,
    0.290440044566));
#5726 = VECTOR('',#5727,1.);
#5727 = DIRECTION('',(2.602263370611E-16,-0.99756405026,
    -6.975647374412E-02));
#5728 = PLANE('',#5729);
#5729 = AXIS2_PLACEMENT_3D('',#5730,#5731,#5732);
#5730 = CARTESIAN_POINT('',(-9.673596742509E-17,-0.830410611629,
    0.290440044566));
#5731 = DIRECTION('',(1.262409063672E-16,6.975647374413E-02,
    -0.99756405026));
#5732 = DIRECTION('',(2.323357298022E-17,-0.99756405026,
    -6.975647374413E-02));
#5733 = ADVANCED_FACE('',(#5734),#5759,.F.);
#5734 = FACE_BOUND('',#5735,.F.);
#5735 = EDGE_LOOP('',(#5736,#5737,#5745,#5753));
#5736 = ORIENTED_EDGE('',*,*,#5715,.T.);
#5737 = ORIENTED_EDGE('',*,*,#5738,.T.);
#5738 = EDGE_CURVE('',#5708,#5739,#5741,.T.);
#5739 = VERTEX_POINT('',#5740);
#5740 = CARTESIAN_POINT('',(0.406,-1.4,4.558575739111E-16));
#5741 = LINE('',#5742,#5743);
#5742 = CARTESIAN_POINT('',(0.406,-1.4,0.25061047452));
#5743 = VECTOR('',#5744,1.);
#5744 = DIRECTION('',(5.551115123126E-16,1.110223024625E-16,-1.));
#5745 = ORIENTED_EDGE('',*,*,#5746,.F.);
#5746 = EDGE_CURVE('',#5747,#5739,#5749,.T.);
#5747 = VERTEX_POINT('',#5748);
#5748 = CARTESIAN_POINT('',(-2.465190328816E-32,-1.4,4.107825191113E-16)
  );
#5749 = LINE('',#5750,#5751);
#5750 = CARTESIAN_POINT('',(-1.60237371373E-32,-1.4,4.107825191113E-16)
  );
#5751 = VECTOR('',#5752,1.);
#5752 = DIRECTION('',(1.,-2.22044604925E-16,1.110223024625E-16));
#5753 = ORIENTED_EDGE('',*,*,#5754,.F.);
#5754 = EDGE_CURVE('',#5716,#5747,#5755,.T.);
#5755 = LINE('',#5756,#5757);
#5756 = CARTESIAN_POINT('',(1.717456873827E-16,-1.4,0.25061047452));
#5757 = VECTOR('',#5758,1.);
#5758 = DIRECTION('',(5.551115123126E-16,1.110223024625E-16,-1.));
#5759 = PLANE('',#5760);
#5760 = AXIS2_PLACEMENT_3D('',#5761,#5762,#5763);
#5761 = CARTESIAN_POINT('',(-8.34700557074E-17,-1.4,0.25061047452));
#5762 = DIRECTION('',(2.22044604925E-16,1.,-1.110223024625E-16));
#5763 = DIRECTION('',(3.330669073875E-16,-1.110223024625E-16,-1.));
#5764 = ADVANCED_FACE('',(#5765),#5790,.F.);
#5765 = FACE_BOUND('',#5766,.F.);
#5766 = EDGE_LOOP('',(#5767,#5768,#5776,#5784));
#5767 = ORIENTED_EDGE('',*,*,#5746,.T.);
#5768 = ORIENTED_EDGE('',*,*,#5769,.T.);
#5769 = EDGE_CURVE('',#5739,#5770,#5772,.T.);
#5770 = VERTEX_POINT('',#5771);
#5771 = CARTESIAN_POINT('',(0.406,-0.607632672711,5.540772108551E-02));
#5772 = LINE('',#5773,#5774);
#5773 = CARTESIAN_POINT('',(0.406,-1.4,4.440892098501E-16));
#5774 = VECTOR('',#5775,1.);
#5775 = DIRECTION('',(-2.602263370611E-16,0.99756405026,
    6.975647374412E-02));
#5776 = ORIENTED_EDGE('',*,*,#5777,.F.);
#5777 = EDGE_CURVE('',#5778,#5770,#5780,.T.);
#5778 = VERTEX_POINT('',#5779);
#5779 = CARTESIAN_POINT('',(-1.845447830734E-17,-0.607632672711,
    5.540772108551E-02));
#5780 = LINE('',#5781,#5782);
#5781 = CARTESIAN_POINT('',(-1.845447830734E-17,-0.607632672711,
    5.540772108551E-02));
#5782 = VECTOR('',#5783,1.);
#5783 = DIRECTION('',(1.,-2.22044604925E-16,1.110223024625E-16));
#5784 = ORIENTED_EDGE('',*,*,#5785,.F.);
#5785 = EDGE_CURVE('',#5747,#5778,#5786,.T.);
#5786 = LINE('',#5787,#5788);
#5787 = CARTESIAN_POINT('',(3.10862446895E-16,-1.4,7.216449660064E-16));
#5788 = VECTOR('',#5789,1.);
#5789 = DIRECTION('',(-2.602263370611E-16,0.99756405026,
    6.975647374412E-02));
#5790 = PLANE('',#5791);
#5791 = AXIS2_PLACEMENT_3D('',#5792,#5793,#5794);
#5792 = CARTESIAN_POINT('',(-1.60237371373E-32,-1.4,4.107825191113E-16)
  );
#5793 = DIRECTION('',(-1.262409063672E-16,-6.975647374412E-02,
    0.99756405026));
#5794 = DIRECTION('',(-2.323357298022E-17,0.99756405026,
    6.975647374412E-02));
#5795 = ADVANCED_FACE('',(#5796),#5823,.T.);
#5796 = FACE_BOUND('',#5797,.F.);
#5797 = EDGE_LOOP('',(#5798,#5799,#5808,#5816));
#5798 = ORIENTED_EDGE('',*,*,#5777,.T.);
#5799 = ORIENTED_EDGE('',*,*,#5800,.T.);
#5800 = EDGE_CURVE('',#5770,#5801,#5803,.T.);
#5801 = VERTEX_POINT('',#5802);
#5802 = CARTESIAN_POINT('',(0.406,-0.6,6.115935252015E-02));
#5803 = CIRCLE('',#5804,8.773830972728E-03);
#5804 = AXIS2_PLACEMENT_3D('',#5805,#5806,#5807);
#5805 = CARTESIAN_POINT('',(0.406,-0.608244704221,6.416017944696E-02));
#5806 = DIRECTION('',(1.,2.22044604925E-16,5.551115123126E-16));
#5807 = DIRECTION('',(-2.22044604925E-16,1.,-5.551115123126E-16));
#5808 = ORIENTED_EDGE('',*,*,#5809,.F.);
#5809 = EDGE_CURVE('',#5810,#5801,#5812,.T.);
#5810 = VERTEX_POINT('',#5811);
#5811 = CARTESIAN_POINT('',(-2.037015640171E-17,-0.6,6.115935252015E-02)
  );
#5812 = LINE('',#5813,#5814);
#5813 = CARTESIAN_POINT('',(-2.037015640171E-17,-0.6,6.115935252015E-02)
  );
#5814 = VECTOR('',#5815,1.);
#5815 = DIRECTION('',(1.,-2.22044604925E-16,1.110223024625E-16));
#5816 = ORIENTED_EDGE('',*,*,#5817,.F.);
#5817 = EDGE_CURVE('',#5778,#5810,#5818,.T.);
#5818 = CIRCLE('',#5819,8.773830972728E-03);
#5819 = AXIS2_PLACEMENT_3D('',#5820,#5821,#5822);
#5820 = CARTESIAN_POINT('',(9.944140080347E-17,-0.608244704221,
    6.416017944696E-02));
#5821 = DIRECTION('',(1.,2.22044604925E-16,5.551115123126E-16));
#5822 = DIRECTION('',(-2.22044604925E-16,1.,-5.551115123126E-16));
#5823 = CYLINDRICAL_SURFACE('',#5824,8.773830972728E-03);
#5824 = AXIS2_PLACEMENT_3D('',#5825,#5826,#5827);
#5825 = CARTESIAN_POINT('',(-2.136963254583E-17,-0.608244704221,
    6.416017944696E-02));
#5826 = DIRECTION('',(-1.,-8.628166150855E-32,-3.330669073875E-16));
#5827 = DIRECTION('',(2.465190328816E-32,1.,-3.330669073875E-16));
#5828 = ADVANCED_FACE('',(#5829),#5854,.F.);
#5829 = FACE_BOUND('',#5830,.F.);
#5830 = EDGE_LOOP('',(#5831,#5832,#5840,#5848));
#5831 = ORIENTED_EDGE('',*,*,#5809,.T.);
#5832 = ORIENTED_EDGE('',*,*,#5833,.T.);
#5833 = EDGE_CURVE('',#5801,#5834,#5836,.T.);
#5834 = VERTEX_POINT('',#5835);
#5835 = CARTESIAN_POINT('',(0.406,-0.213659113,1.122622215766));
#5836 = LINE('',#5837,#5838);
#5837 = CARTESIAN_POINT('',(0.406,-0.6,6.115935252015E-02));
#5838 = VECTOR('',#5839,1.);
#5839 = DIRECTION('',(-5.975779194346E-16,0.342020143326,0.939692620786)
  );
#5840 = ORIENTED_EDGE('',*,*,#5841,.F.);
#5841 = EDGE_CURVE('',#5842,#5834,#5844,.T.);
#5842 = VERTEX_POINT('',#5843);
#5843 = CARTESIAN_POINT('',(-3.739083095697E-16,-0.213659113,
    1.122622215766));
#5844 = LINE('',#5845,#5846);
#5845 = CARTESIAN_POINT('',(-3.739083095697E-16,-0.213659113,
    1.122622215766));
#5846 = VECTOR('',#5847,1.);
#5847 = DIRECTION('',(1.,-2.22044604925E-16,1.110223024625E-16));
#5848 = ORIENTED_EDGE('',*,*,#5849,.F.);
#5849 = EDGE_CURVE('',#5810,#5842,#5850,.T.);
#5850 = LINE('',#5851,#5852);
#5851 = CARTESIAN_POINT('',(9.92765022855E-17,-0.6,6.115935252015E-02));
#5852 = VECTOR('',#5853,1.);
#5853 = DIRECTION('',(-5.975779194346E-16,0.342020143326,0.939692620786)
  );
#5854 = PLANE('',#5855);
#5855 = AXIS2_PLACEMENT_3D('',#5856,#5857,#5858);
#5856 = CARTESIAN_POINT('',(-2.037015640171E-17,-0.6,6.115935252015E-02)
  );
#5857 = DIRECTION('',(-2.466255405339E-16,-0.939692620786,0.342020143326
    ));
#5858 = DIRECTION('',(-3.129805151001E-16,0.342020143326,0.939692620786)
  );
#5859 = ADVANCED_FACE('',(#5860),#5887,.F.);
#5860 = FACE_BOUND('',#5861,.T.);
#5861 = EDGE_LOOP('',(#5862,#5872,#5879,#5880));
#5862 = ORIENTED_EDGE('',*,*,#5863,.T.);
#5863 = EDGE_CURVE('',#5864,#5866,#5868,.T.);
#5864 = VERTEX_POINT('',#5865);
#5865 = CARTESIAN_POINT('',(-3.980149543281E-16,-0.110292924713,1.195));
#5866 = VERTEX_POINT('',#5867);
#5867 = CARTESIAN_POINT('',(0.406,-0.110292924713,1.195));
#5868 = LINE('',#5869,#5870);
#5869 = CARTESIAN_POINT('',(-3.980149543281E-16,-0.110292924713,1.195));
#5870 = VECTOR('',#5871,1.);
#5871 = DIRECTION('',(1.,-2.22044604925E-16,1.110223024625E-16));
#5872 = ORIENTED_EDGE('',*,*,#5873,.T.);
#5873 = EDGE_CURVE('',#5866,#5834,#5874,.T.);
#5874 = CIRCLE('',#5875,0.11);
#5875 = AXIS2_PLACEMENT_3D('',#5876,#5877,#5878);
#5876 = CARTESIAN_POINT('',(0.406,-0.110292924713,1.085));
#5877 = DIRECTION('',(1.,2.22044604925E-16,5.551115123126E-16));
#5878 = DIRECTION('',(-2.22044604925E-16,1.,-5.551115123126E-16));
#5879 = ORIENTED_EDGE('',*,*,#5841,.F.);
#5880 = ORIENTED_EDGE('',*,*,#5881,.F.);
#5881 = EDGE_CURVE('',#5864,#5842,#5882,.T.);
#5882 = CIRCLE('',#5883,0.11);
#5883 = AXIS2_PLACEMENT_3D('',#5884,#5885,#5886);
#5884 = CARTESIAN_POINT('',(-5.778060419652E-16,-0.110292924713,1.085));
#5885 = DIRECTION('',(1.,2.22044604925E-16,5.551115123126E-16));
#5886 = DIRECTION('',(-2.22044604925E-16,1.,-5.551115123126E-16));
#5887 = CYLINDRICAL_SURFACE('',#5888,0.11);
#5888 = AXIS2_PLACEMENT_3D('',#5889,#5890,#5891);
#5889 = CARTESIAN_POINT('',(-3.613775945155E-16,-0.110292924713,1.085));
#5890 = DIRECTION('',(-1.,-8.628166150855E-32,-3.330669073875E-16));
#5891 = DIRECTION('',(2.465190328816E-32,1.,-3.330669073875E-16));
#5892 = ADVANCED_FACE('',(#5893),#5918,.F.);
#5893 = FACE_BOUND('',#5894,.F.);
#5894 = EDGE_LOOP('',(#5895,#5896,#5904,#5912));
#5895 = ORIENTED_EDGE('',*,*,#5863,.T.);
#5896 = ORIENTED_EDGE('',*,*,#5897,.T.);
#5897 = EDGE_CURVE('',#5866,#5898,#5900,.T.);
#5898 = VERTEX_POINT('',#5899);
#5899 = CARTESIAN_POINT('',(0.406,-1.298960938811E-17,1.195));
#5900 = LINE('',#5901,#5902);
#5901 = CARTESIAN_POINT('',(0.406,-0.110292924713,1.195));
#5902 = VECTOR('',#5903,1.);
#5903 = DIRECTION('',(-2.22044604925E-16,1.,-5.551115123126E-16));
#5904 = ORIENTED_EDGE('',*,*,#5905,.F.);
#5905 = EDGE_CURVE('',#5906,#5898,#5908,.T.);
#5906 = VERTEX_POINT('',#5907);
#5907 = CARTESIAN_POINT('',(-3.980149543281E-16,7.716050021145E-17,1.195
    ));
#5908 = LINE('',#5909,#5910);
#5909 = CARTESIAN_POINT('',(-3.980149543281E-16,7.716050021145E-17,1.195
    ));
#5910 = VECTOR('',#5911,1.);
#5911 = DIRECTION('',(1.,-2.22044604925E-16,1.110223024625E-16));
#5912 = ORIENTED_EDGE('',*,*,#5913,.F.);
#5913 = EDGE_CURVE('',#5864,#5906,#5914,.T.);
#5914 = LINE('',#5915,#5916);
#5915 = CARTESIAN_POINT('',(-6.388683083196E-16,-0.110292924713,1.195));
#5916 = VECTOR('',#5917,1.);
#5917 = DIRECTION('',(-2.22044604925E-16,1.,-5.551115123126E-16));
#5918 = PLANE('',#5919);
#5919 = AXIS2_PLACEMENT_3D('',#5920,#5921,#5922);
#5920 = CARTESIAN_POINT('',(-3.980149543281E-16,-0.110292924713,1.195));
#5921 = DIRECTION('',(-1.110223024625E-16,3.330669073875E-16,1.));
#5922 = DIRECTION('',(2.465190328816E-32,1.,-3.330669073875E-16));
#5923 = ADVANCED_FACE('',(#5924),#5949,.F.);
#5924 = FACE_BOUND('',#5925,.F.);
#5925 = EDGE_LOOP('',(#5926,#5927,#5935,#5943));
#5926 = ORIENTED_EDGE('',*,*,#5905,.T.);
#5927 = ORIENTED_EDGE('',*,*,#5928,.T.);
#5928 = EDGE_CURVE('',#5898,#5929,#5931,.T.);
#5929 = VERTEX_POINT('',#5930);
#5930 = CARTESIAN_POINT('',(0.406,9.419627068053E-18,1.445));
#5931 = LINE('',#5932,#5933);
#5932 = CARTESIAN_POINT('',(0.406,-2.783329122735E-16,1.195));
#5933 = VECTOR('',#5934,1.);
#5934 = DIRECTION('',(-5.551115123126E-16,-1.324076591004E-16,1.));
#5935 = ORIENTED_EDGE('',*,*,#5936,.F.);
#5936 = EDGE_CURVE('',#5937,#5929,#5939,.T.);
#5937 = VERTEX_POINT('',#5938);
#5938 = CARTESIAN_POINT('',(-4.81281681175E-16,9.956973666762E-17,1.445)
  );
#5939 = LINE('',#5940,#5941);
#5940 = CARTESIAN_POINT('',(-4.81281681175E-16,9.956973666762E-17,1.445)
  );
#5941 = VECTOR('',#5942,1.);
#5942 = DIRECTION('',(1.,-2.22044604925E-16,1.110223024625E-16));
#5943 = ORIENTED_EDGE('',*,*,#5944,.F.);
#5944 = EDGE_CURVE('',#5906,#5937,#5945,.T.);
#5945 = LINE('',#5946,#5947);
#5946 = CARTESIAN_POINT('',(-6.633582572135E-16,-1.88182802674E-16,1.195
    ));
#5947 = VECTOR('',#5948,1.);
#5948 = DIRECTION('',(-5.551115123126E-16,-1.324076591004E-16,1.));
#5949 = PLANE('',#5950);
#5950 = AXIS2_PLACEMENT_3D('',#5951,#5952,#5953);
#5951 = CARTESIAN_POINT('',(-3.980149543281E-16,7.716050021145E-17,1.195
    ));
#5952 = DIRECTION('',(-2.22044604925E-16,-1.,8.963694582467E-17));
#5953 = DIRECTION('',(-3.330669073875E-16,8.963694582467E-17,1.));
#5954 = ADVANCED_FACE('',(#5955),#5980,.F.);
#5955 = FACE_BOUND('',#5956,.F.);
#5956 = EDGE_LOOP('',(#5957,#5958,#5966,#5974));
#5957 = ORIENTED_EDGE('',*,*,#5936,.T.);
#5958 = ORIENTED_EDGE('',*,*,#5959,.T.);
#5959 = EDGE_CURVE('',#5929,#5960,#5962,.T.);
#5960 = VERTEX_POINT('',#5961);
#5961 = CARTESIAN_POINT('',(0.406,-0.33169154622,1.445));
#5962 = LINE('',#5963,#5964);
#5963 = CARTESIAN_POINT('',(0.406,-3.114348270486E-16,1.445));
#5964 = VECTOR('',#5965,1.);
#5965 = DIRECTION('',(2.22044604925E-16,-1.,5.551115123126E-16));
#5966 = ORIENTED_EDGE('',*,*,#5967,.F.);
#5967 = EDGE_CURVE('',#5968,#5960,#5970,.T.);
#5968 = VERTEX_POINT('',#5969);
#5969 = CARTESIAN_POINT('',(-4.81281681175E-16,-0.33169154622,1.445));
#5970 = LINE('',#5971,#5972);
#5971 = CARTESIAN_POINT('',(-4.81281681175E-16,-0.33169154622,1.445));
#5972 = VECTOR('',#5973,1.);
#5973 = DIRECTION('',(1.,-2.22044604925E-16,1.110223024625E-16));
#5974 = ORIENTED_EDGE('',*,*,#5975,.F.);
#5975 = EDGE_CURVE('',#5937,#5968,#5976,.T.);
#5976 = LINE('',#5977,#5978);
#5977 = CARTESIAN_POINT('',(-8.021361352917E-16,-2.212847174491E-16,
    1.445));
#5978 = VECTOR('',#5979,1.);
#5979 = DIRECTION('',(2.22044604925E-16,-1.,5.551115123126E-16));
#5980 = PLANE('',#5981);
#5981 = AXIS2_PLACEMENT_3D('',#5982,#5983,#5984);
#5982 = CARTESIAN_POINT('',(-4.81281681175E-16,9.956973666762E-17,1.445)
  );
#5983 = DIRECTION('',(1.110223024625E-16,-3.330669073875E-16,-1.));
#5984 = DIRECTION('',(-2.465190328816E-32,-1.,3.330669073875E-16));
#5985 = ADVANCED_FACE('',(#5986),#6013,.T.);
#5986 = FACE_BOUND('',#5987,.F.);
#5987 = EDGE_LOOP('',(#5988,#5989,#5998,#6006));
#5988 = ORIENTED_EDGE('',*,*,#5967,.T.);
#5989 = ORIENTED_EDGE('',*,*,#5990,.T.);
#5990 = EDGE_CURVE('',#5960,#5991,#5993,.T.);
#5991 = VERTEX_POINT('',#5992);
#5992 = CARTESIAN_POINT('',(0.406,-0.372859479936,1.416173902479));
#5993 = CIRCLE('',#5994,4.381E-02);
#5994 = AXIS2_PLACEMENT_3D('',#5995,#5996,#5997);
#5995 = CARTESIAN_POINT('',(0.406,-0.33169154622,1.40119));
#5996 = DIRECTION('',(1.,2.22044604925E-16,5.551115123126E-16));
#5997 = DIRECTION('',(-2.22044604925E-16,1.,-5.551115123126E-16));
#5998 = ORIENTED_EDGE('',*,*,#5999,.F.);
#5999 = EDGE_CURVE('',#6000,#5991,#6002,.T.);
#6000 = VERTEX_POINT('',#6001);
#6001 = CARTESIAN_POINT('',(-4.716806620217E-16,-0.372859479936,
    1.416173902479));
#6002 = LINE('',#6003,#6004);
#6003 = CARTESIAN_POINT('',(-4.716806620217E-16,-0.372859479936,
    1.416173902479));
#6004 = VECTOR('',#6005,1.);
#6005 = DIRECTION('',(1.,-2.22044604925E-16,1.110223024625E-16));
#6006 = ORIENTED_EDGE('',*,*,#6007,.F.);
#6007 = EDGE_CURVE('',#5968,#6000,#6008,.T.);
#6008 = CIRCLE('',#6009,4.381E-02);
#6009 = AXIS2_PLACEMENT_3D('',#6010,#6011,#6012);
#6010 = CARTESIAN_POINT('',(-7.041663815999E-16,-0.33169154622,1.40119)
  );
#6011 = DIRECTION('',(1.,2.22044604925E-16,5.551115123126E-16));
#6012 = DIRECTION('',(-2.22044604925E-16,1.,-5.551115123126E-16));
#6013 = CYLINDRICAL_SURFACE('',#6014,4.381E-02);
#6014 = AXIS2_PLACEMENT_3D('',#6015,#6016,#6017);
#6015 = CARTESIAN_POINT('',(-4.666900199624E-16,-0.33169154622,1.40119)
  );
#6016 = DIRECTION('',(-1.,-8.628166150855E-32,-3.330669073875E-16));
#6017 = DIRECTION('',(2.465190328816E-32,1.,-3.330669073875E-16));
#6018 = ADVANCED_FACE('',(#6019),#6044,.F.);
#6019 = FACE_BOUND('',#6020,.F.);
#6020 = EDGE_LOOP('',(#6021,#6022,#6030,#6038));
#6021 = ORIENTED_EDGE('',*,*,#5999,.T.);
#6022 = ORIENTED_EDGE('',*,*,#6023,.T.);
#6023 = EDGE_CURVE('',#5991,#6024,#6026,.T.);
#6024 = VERTEX_POINT('',#6025);
#6025 = CARTESIAN_POINT('',(0.406,-0.764521647852,0.340090940077));
#6026 = LINE('',#6027,#6028);
#6027 = CARTESIAN_POINT('',(0.406,-0.372859479936,1.416173902479));
#6028 = VECTOR('',#6029,1.);
#6029 = DIRECTION('',(5.975779194346E-16,-0.342020143326,-0.939692620786
    ));
#6030 = ORIENTED_EDGE('',*,*,#6031,.F.);
#6031 = EDGE_CURVE('',#6032,#6024,#6034,.T.);
#6032 = VERTEX_POINT('',#6033);
#6033 = CARTESIAN_POINT('',(-1.13273037642E-16,-0.764521647852,
    0.340090940077));
#6034 = LINE('',#6035,#6036);
#6035 = CARTESIAN_POINT('',(-1.13273037642E-16,-0.764521647852,
    0.340090940077));
#6036 = VECTOR('',#6037,1.);
#6037 = DIRECTION('',(1.,-2.22044604925E-16,1.110223024625E-16));
#6038 = ORIENTED_EDGE('',*,*,#6039,.F.);
#6039 = EDGE_CURVE('',#6000,#6032,#6040,.T.);
#6040 = LINE('',#6041,#6042);
#6041 = CARTESIAN_POINT('',(-7.033430007878E-16,-0.372859479936,
    1.416173902479));
#6042 = VECTOR('',#6043,1.);
#6043 = DIRECTION('',(5.975779194346E-16,-0.342020143326,-0.939692620786
    ));
#6044 = PLANE('',#6045);
#6045 = AXIS2_PLACEMENT_3D('',#6046,#6047,#6048);
#6046 = CARTESIAN_POINT('',(-4.716806620217E-16,-0.372859479936,
    1.416173902479));
#6047 = DIRECTION('',(2.466255405339E-16,0.939692620786,-0.342020143326)
  );
#6048 = DIRECTION('',(3.129805151001E-16,-0.342020143326,-0.939692620786
    ));
#6049 = ADVANCED_FACE('',(#6050),#6068,.F.);
#6050 = FACE_BOUND('',#6051,.T.);
#6051 = EDGE_LOOP('',(#6052,#6053,#6060,#6061));
#6052 = ORIENTED_EDGE('',*,*,#5697,.T.);
#6053 = ORIENTED_EDGE('',*,*,#6054,.T.);
#6054 = EDGE_CURVE('',#5700,#6024,#6055,.T.);
#6055 = CIRCLE('',#6056,7.574E-02);
#6056 = AXIS2_PLACEMENT_3D('',#6057,#6058,#6059);
#6057 = CARTESIAN_POINT('',(0.406,-0.83569396695,0.365995545733));
#6058 = DIRECTION('',(1.,2.22044604925E-16,5.551115123126E-16));
#6059 = DIRECTION('',(-2.22044604925E-16,1.,-5.551115123126E-16));
#6060 = ORIENTED_EDGE('',*,*,#6031,.F.);
#6061 = ORIENTED_EDGE('',*,*,#6062,.F.);
#6062 = EDGE_CURVE('',#5698,#6032,#6063,.T.);
#6063 = CIRCLE('',#6064,7.574E-02);
#6064 = AXIS2_PLACEMENT_3D('',#6065,#6066,#6067);
#6065 = CARTESIAN_POINT('',(-1.760700416168E-17,-0.83569396695,
    0.365995545733));
#6066 = DIRECTION('',(1.,2.22044604925E-16,5.551115123126E-16));
#6067 = DIRECTION('',(-2.22044604925E-16,1.,-5.551115123126E-16));
#6068 = CYLINDRICAL_SURFACE('',#6069,7.574E-02);
#6069 = AXIS2_PLACEMENT_3D('',#6070,#6071,#6072);
#6070 = CARTESIAN_POINT('',(-1.219010045348E-16,-0.83569396695,
    0.365995545733));
#6071 = DIRECTION('',(-1.,-8.628166150855E-32,-3.330669073875E-16));
#6072 = DIRECTION('',(2.465190328816E-32,1.,-3.330669073875E-16));
#6073 = ADVANCED_FACE('',(#6074),#6088,.F.);
#6074 = FACE_BOUND('',#6075,.F.);
#6075 = EDGE_LOOP('',(#6076,#6077,#6078,#6079,#6080,#6081,#6082,#6083,
    #6084,#6085,#6086,#6087));
#6076 = ORIENTED_EDGE('',*,*,#5723,.T.);
#6077 = ORIENTED_EDGE('',*,*,#5754,.T.);
#6078 = ORIENTED_EDGE('',*,*,#5785,.T.);
#6079 = ORIENTED_EDGE('',*,*,#5817,.T.);
#6080 = ORIENTED_EDGE('',*,*,#5849,.T.);
#6081 = ORIENTED_EDGE('',*,*,#5881,.F.);
#6082 = ORIENTED_EDGE('',*,*,#5913,.T.);
#6083 = ORIENTED_EDGE('',*,*,#5944,.T.);
#6084 = ORIENTED_EDGE('',*,*,#5975,.T.);
#6085 = ORIENTED_EDGE('',*,*,#6007,.T.);
#6086 = ORIENTED_EDGE('',*,*,#6039,.T.);
#6087 = ORIENTED_EDGE('',*,*,#6062,.F.);
#6088 = PLANE('',#6089);
#6089 = AXIS2_PLACEMENT_3D('',#6090,#6091,#6092);
#6090 = CARTESIAN_POINT('',(-2.114515356293E-16,-0.631535391952,
    0.633531379608));
#6091 = DIRECTION('',(1.,-4.440892098501E-16,-1.110223024625E-16));
#6092 = DIRECTION('',(-5.551115123126E-16,-1.110223024625E-16,1.));
#6093 = ADVANCED_FACE('',(#6094),#6108,.T.);
#6094 = FACE_BOUND('',#6095,.T.);
#6095 = EDGE_LOOP('',(#6096,#6097,#6098,#6099,#6100,#6101,#6102,#6103,
    #6104,#6105,#6106,#6107));
#6096 = ORIENTED_EDGE('',*,*,#5707,.T.);
#6097 = ORIENTED_EDGE('',*,*,#5738,.T.);
#6098 = ORIENTED_EDGE('',*,*,#5769,.T.);
#6099 = ORIENTED_EDGE('',*,*,#5800,.T.);
#6100 = ORIENTED_EDGE('',*,*,#5833,.T.);
#6101 = ORIENTED_EDGE('',*,*,#5873,.F.);
#6102 = ORIENTED_EDGE('',*,*,#5897,.T.);
#6103 = ORIENTED_EDGE('',*,*,#5928,.T.);
#6104 = ORIENTED_EDGE('',*,*,#5959,.T.);
#6105 = ORIENTED_EDGE('',*,*,#5990,.T.);
#6106 = ORIENTED_EDGE('',*,*,#6023,.T.);
#6107 = ORIENTED_EDGE('',*,*,#6054,.F.);
#6108 = PLANE('',#6109);
#6109 = AXIS2_PLACEMENT_3D('',#6110,#6111,#6112);
#6110 = CARTESIAN_POINT('',(0.406,-0.631535391952,0.633531379608));
#6111 = DIRECTION('',(1.,-4.440892098501E-16,-1.110223024625E-16));
#6112 = DIRECTION('',(-5.551115123126E-16,-1.110223024625E-16,1.));
#6113 = ( GEOMETRIC_REPRESENTATION_CONTEXT(3) 
GLOBAL_UNCERTAINTY_ASSIGNED_CONTEXT((#6117)) 
GLOBAL_UNIT_ASSIGNED_CONTEXT((#6114,#6115,#6116)) REPRESENTATION_CONTEXT
('Context #1','3D Context with UNIT and UNCERTAINTY') );
#6114 = ( LENGTH_UNIT() NAMED_UNIT(*) SI_UNIT(.MILLI.,.METRE.) );
#6115 = ( NAMED_UNIT(*) PLANE_ANGLE_UNIT() SI_UNIT($,.RADIAN.) );
#6116 = ( NAMED_UNIT(*) SI_UNIT($,.STERADIAN.) SOLID_ANGLE_UNIT() );
#6117 = UNCERTAINTY_MEASURE_WITH_UNIT(LENGTH_MEASURE(1.E-07),#6114,
  'distance_accuracy_value','confusion accuracy');
#6118 = CONTEXT_DEPENDENT_SHAPE_REPRESENTATION(#6119,#6121);
#6119 = ( REPRESENTATION_RELATIONSHIP('','',#5690,#10) 
REPRESENTATION_RELATIONSHIP_WITH_TRANSFORMATION(#6120) 
SHAPE_REPRESENTATION_RELATIONSHIP() );
#6120 = ITEM_DEFINED_TRANSFORMATION('','',#11,#23);
#6121 = PRODUCT_DEFINITION_SHAPE('Placement','Placement of an item',
  #6122);
#6122 = NEXT_ASSEMBLY_USAGE_OCCURRENCE('52','Legs','',#5,#5685,$);
#6123 = PRODUCT_RELATED_PRODUCT_CATEGORY('part',$,(#5687));
#6124 = SHAPE_DEFINITION_REPRESENTATION(#6125,#6131);
#6125 = PRODUCT_DEFINITION_SHAPE('','',#6126);
#6126 = PRODUCT_DEFINITION('design','',#6127,#6130);
#6127 = PRODUCT_DEFINITION_FORMATION('','',#6128);
#6128 = PRODUCT('Pocket','Pocket','',(#6129));
#6129 = PRODUCT_CONTEXT('',#2,'mechanical');
#6130 = PRODUCT_DEFINITION_CONTEXT('part definition',#2,'design');
#6131 = ADVANCED_BREP_SHAPE_REPRESENTATION('',(#11,#6132),#6719);
#6132 = MANIFOLD_SOLID_BREP('',#6133);
#6133 = CLOSED_SHELL('',(#6134,#6174,#6205,#6238,#6269,#6300,#6322,#6347
    ,#6371,#6395,#6413,#6444,#6468,#6480,#6497,#6521,#6554,#6578,#6595,
    #6620,#6655,#6673,#6685,#6710));
#6134 = ADVANCED_FACE('',(#6135),#6169,.T.);
#6135 = FACE_BOUND('',#6136,.F.);
#6136 = EDGE_LOOP('',(#6137,#6147,#6155,#6163));
#6137 = ORIENTED_EDGE('',*,*,#6138,.F.);
#6138 = EDGE_CURVE('',#6139,#6141,#6143,.T.);
#6139 = VERTEX_POINT('',#6140);
#6140 = CARTESIAN_POINT('',(-0.46,-1.387778780781E-17,1.));
#6141 = VERTEX_POINT('',#6142);
#6142 = CARTESIAN_POINT('',(-0.292155354594,0.167844645406,
    0.160776772972));
#6143 = LINE('',#6144,#6145);
#6144 = CARTESIAN_POINT('',(-0.224444444444,0.235555555556,
    -0.177777777778));
#6145 = VECTOR('',#6146,1.);
#6146 = DIRECTION('',(0.19245008973,0.19245008973,-0.962250448649));
#6147 = ORIENTED_EDGE('',*,*,#6148,.T.);
#6148 = EDGE_CURVE('',#6139,#6149,#6151,.T.);
#6149 = VERTEX_POINT('',#6150);
#6150 = CARTESIAN_POINT('',(14.88,-6.092459588577E-35,1.));
#6151 = LINE('',#6152,#6153);
#6152 = CARTESIAN_POINT('',(-0.46,0.,1.));
#6153 = VECTOR('',#6154,1.);
#6154 = DIRECTION('',(1.,0.,0.));
#6155 = ORIENTED_EDGE('',*,*,#6156,.T.);
#6156 = EDGE_CURVE('',#6149,#6157,#6159,.T.);
#6157 = VERTEX_POINT('',#6158);
#6158 = CARTESIAN_POINT('',(14.712155354594,0.167844645406,
    0.160776772972));
#6159 = LINE('',#6160,#6161);
#6160 = CARTESIAN_POINT('',(14.49962962963,0.38037037037,-0.901851851852
    ));
#6161 = VECTOR('',#6162,1.);
#6162 = DIRECTION('',(-0.19245008973,0.19245008973,-0.962250448649));
#6163 = ORIENTED_EDGE('',*,*,#6164,.F.);
#6164 = EDGE_CURVE('',#6141,#6157,#6165,.T.);
#6165 = LINE('',#6166,#6167);
#6166 = CARTESIAN_POINT('',(-0.26,0.167844645406,0.160776772972));
#6167 = VECTOR('',#6168,1.);
#6168 = DIRECTION('',(1.,0.,0.));
#6169 = PLANE('',#6170);
#6170 = AXIS2_PLACEMENT_3D('',#6171,#6172,#6173);
#6171 = CARTESIAN_POINT('',(-0.46,0.1,0.5));
#6172 = DIRECTION('',(6.238077525517E-19,-0.980580675691,-0.196116135138
    ));
#6173 = DIRECTION('',(-1.,-6.116938274984E-19,-1.223387654997E-19));
#6174 = ADVANCED_FACE('',(#6175),#6200,.T.);
#6175 = FACE_BOUND('',#6176,.F.);
#6176 = EDGE_LOOP('',(#6177,#6187,#6193,#6194));
#6177 = ORIENTED_EDGE('',*,*,#6178,.F.);
#6178 = EDGE_CURVE('',#6179,#6181,#6183,.T.);
#6179 = VERTEX_POINT('',#6180);
#6180 = CARTESIAN_POINT('',(-0.46,7.52,1.));
#6181 = VERTEX_POINT('',#6182);
#6182 = CARTESIAN_POINT('',(-0.292155354594,7.352155354594,
    0.160776772972));
#6183 = LINE('',#6184,#6185);
#6184 = CARTESIAN_POINT('',(-7.962962962963E-02,7.13962962963,
    -0.901851851852));
#6185 = VECTOR('',#6186,1.);
#6186 = DIRECTION('',(0.19245008973,-0.19245008973,-0.962250448649));
#6187 = ORIENTED_EDGE('',*,*,#6188,.T.);
#6188 = EDGE_CURVE('',#6179,#6139,#6189,.T.);
#6189 = LINE('',#6190,#6191);
#6190 = CARTESIAN_POINT('',(-0.46,7.52,1.));
#6191 = VECTOR('',#6192,1.);
#6192 = DIRECTION('',(0.,-1.,0.));
#6193 = ORIENTED_EDGE('',*,*,#6138,.T.);
#6194 = ORIENTED_EDGE('',*,*,#6195,.F.);
#6195 = EDGE_CURVE('',#6181,#6141,#6196,.T.);
#6196 = LINE('',#6197,#6198);
#6197 = CARTESIAN_POINT('',(-0.292155354594,7.32,0.160776772972));
#6198 = VECTOR('',#6199,1.);
#6199 = DIRECTION('',(0.,-1.,0.));
#6200 = PLANE('',#6201);
#6201 = AXIS2_PLACEMENT_3D('',#6202,#6203,#6204);
#6202 = CARTESIAN_POINT('',(-0.36,7.52,0.5));
#6203 = DIRECTION('',(-0.980580675691,-6.152472909096E-19,
    -0.196116135138));
#6204 = DIRECTION('',(-6.032996042371E-19,1.,-1.206599208474E-19));
#6205 = ADVANCED_FACE('',(#6206),#6233,.T.);
#6206 = FACE_BOUND('',#6207,.T.);
#6207 = EDGE_LOOP('',(#6208,#6217,#6225,#6232));
#6208 = ORIENTED_EDGE('',*,*,#6209,.T.);
#6209 = EDGE_CURVE('',#6141,#6210,#6212,.T.);
#6210 = VERTEX_POINT('',#6211);
#6211 = CARTESIAN_POINT('',(-9.603921945629E-02,0.363960780544,
    -1.110223024625E-16));
#6212 = ELLIPSE('',#6213,0.282842712475,0.2);
#6213 = AXIS2_PLACEMENT_3D('',#6214,#6215,#6216);
#6214 = CARTESIAN_POINT('',(-9.603921945629E-02,0.363960780544,0.2));
#6215 = DIRECTION('',(0.707106781187,-0.707106781187,0.));
#6216 = DIRECTION('',(-0.707106781187,-0.707106781187,0.));
#6217 = ORIENTED_EDGE('',*,*,#6218,.T.);
#6218 = EDGE_CURVE('',#6210,#6219,#6221,.T.);
#6219 = VERTEX_POINT('',#6220);
#6220 = CARTESIAN_POINT('',(14.516039219456,0.363960780544,
    -5.551115123126E-17));
#6221 = LINE('',#6222,#6223);
#6222 = CARTESIAN_POINT('',(-0.26,0.363960780544,-1.110223024625E-16));
#6223 = VECTOR('',#6224,1.);
#6224 = DIRECTION('',(1.,0.,0.));
#6225 = ORIENTED_EDGE('',*,*,#6226,.T.);
#6226 = EDGE_CURVE('',#6219,#6157,#6227,.T.);
#6227 = ELLIPSE('',#6228,0.282842712475,0.2);
#6228 = AXIS2_PLACEMENT_3D('',#6229,#6230,#6231);
#6229 = CARTESIAN_POINT('',(14.516039219456,0.363960780544,0.2));
#6230 = DIRECTION('',(-0.707106781187,-0.707106781187,-0.));
#6231 = DIRECTION('',(-0.707106781187,0.707106781187,0.));
#6232 = ORIENTED_EDGE('',*,*,#6164,.F.);
#6233 = CYLINDRICAL_SURFACE('',#6234,0.2);
#6234 = AXIS2_PLACEMENT_3D('',#6235,#6236,#6237);
#6235 = CARTESIAN_POINT('',(-0.26,0.363960780544,0.2));
#6236 = DIRECTION('',(1.,0.,0.));
#6237 = DIRECTION('',(0.,-0.980580675691,-0.196116135138));
#6238 = ADVANCED_FACE('',(#6239),#6264,.F.);
#6239 = FACE_BOUND('',#6240,.F.);
#6240 = EDGE_LOOP('',(#6241,#6249,#6257,#6263));
#6241 = ORIENTED_EDGE('',*,*,#6242,.T.);
#6242 = EDGE_CURVE('',#6139,#6243,#6245,.T.);
#6243 = VERTEX_POINT('',#6244);
#6244 = CARTESIAN_POINT('',(-0.46,1.387778780781E-17,1.34));
#6245 = LINE('',#6246,#6247);
#6246 = CARTESIAN_POINT('',(-0.46,0.,0.));
#6247 = VECTOR('',#6248,1.);
#6248 = DIRECTION('',(0.,0.,1.));
#6249 = ORIENTED_EDGE('',*,*,#6250,.T.);
#6250 = EDGE_CURVE('',#6243,#6251,#6253,.T.);
#6251 = VERTEX_POINT('',#6252);
#6252 = CARTESIAN_POINT('',(14.88,2.775557561563E-17,1.34));
#6253 = LINE('',#6254,#6255);
#6254 = CARTESIAN_POINT('',(-0.46,0.,1.34));
#6255 = VECTOR('',#6256,1.);
#6256 = DIRECTION('',(1.,0.,0.));
#6257 = ORIENTED_EDGE('',*,*,#6258,.F.);
#6258 = EDGE_CURVE('',#6149,#6251,#6259,.T.);
#6259 = LINE('',#6260,#6261);
#6260 = CARTESIAN_POINT('',(14.88,0.,0.));
#6261 = VECTOR('',#6262,1.);
#6262 = DIRECTION('',(0.,0.,1.));
#6263 = ORIENTED_EDGE('',*,*,#6148,.F.);
#6264 = PLANE('',#6265);
#6265 = AXIS2_PLACEMENT_3D('',#6266,#6267,#6268);
#6266 = CARTESIAN_POINT('',(-0.46,0.,0.));
#6267 = DIRECTION('',(0.,1.,0.));
#6268 = DIRECTION('',(1.,0.,0.));
#6269 = ADVANCED_FACE('',(#6270),#6295,.T.);
#6270 = FACE_BOUND('',#6271,.F.);
#6271 = EDGE_LOOP('',(#6272,#6273,#6281,#6289));
#6272 = ORIENTED_EDGE('',*,*,#6156,.F.);
#6273 = ORIENTED_EDGE('',*,*,#6274,.T.);
#6274 = EDGE_CURVE('',#6149,#6275,#6277,.T.);
#6275 = VERTEX_POINT('',#6276);
#6276 = CARTESIAN_POINT('',(14.88,7.52,1.));
#6277 = LINE('',#6278,#6279);
#6278 = CARTESIAN_POINT('',(14.88,0.,1.));
#6279 = VECTOR('',#6280,1.);
#6280 = DIRECTION('',(0.,1.,0.));
#6281 = ORIENTED_EDGE('',*,*,#6282,.T.);
#6282 = EDGE_CURVE('',#6275,#6283,#6285,.T.);
#6283 = VERTEX_POINT('',#6284);
#6284 = CARTESIAN_POINT('',(14.712155354594,7.352155354594,
    0.160776772972));
#6285 = LINE('',#6286,#6287);
#6286 = CARTESIAN_POINT('',(14.644444444444,7.284444444444,
    -0.177777777778));
#6287 = VECTOR('',#6288,1.);
#6288 = DIRECTION('',(-0.19245008973,-0.19245008973,-0.962250448649));
#6289 = ORIENTED_EDGE('',*,*,#6290,.F.);
#6290 = EDGE_CURVE('',#6157,#6283,#6291,.T.);
#6291 = LINE('',#6292,#6293);
#6292 = CARTESIAN_POINT('',(14.712155354594,0.2,0.160776772972));
#6293 = VECTOR('',#6294,1.);
#6294 = DIRECTION('',(0.,1.,0.));
#6295 = PLANE('',#6296);
#6296 = AXIS2_PLACEMENT_3D('',#6297,#6298,#6299);
#6297 = CARTESIAN_POINT('',(14.78,0.,0.5));
#6298 = DIRECTION('',(0.980580675691,-3.983985973794E-18,-0.196116135138
    ));
#6299 = DIRECTION('',(-3.906619658126E-18,-1.,7.813239316252E-19));
#6300 = ADVANCED_FACE('',(#6301),#6317,.T.);
#6301 = FACE_BOUND('',#6302,.F.);
#6302 = EDGE_LOOP('',(#6303,#6304,#6310,#6311));
#6303 = ORIENTED_EDGE('',*,*,#6282,.F.);
#6304 = ORIENTED_EDGE('',*,*,#6305,.T.);
#6305 = EDGE_CURVE('',#6275,#6179,#6306,.T.);
#6306 = LINE('',#6307,#6308);
#6307 = CARTESIAN_POINT('',(14.88,7.52,1.));
#6308 = VECTOR('',#6309,1.);
#6309 = DIRECTION('',(-1.,0.,0.));
#6310 = ORIENTED_EDGE('',*,*,#6178,.T.);
#6311 = ORIENTED_EDGE('',*,*,#6312,.F.);
#6312 = EDGE_CURVE('',#6283,#6181,#6313,.T.);
#6313 = LINE('',#6314,#6315);
#6314 = CARTESIAN_POINT('',(14.68,7.352155354594,0.160776772972));
#6315 = VECTOR('',#6316,1.);
#6316 = DIRECTION('',(-1.,0.,0.));
#6317 = PLANE('',#6318);
#6318 = AXIS2_PLACEMENT_3D('',#6319,#6320,#6321);
#6319 = CARTESIAN_POINT('',(14.88,7.42,0.5));
#6320 = DIRECTION('',(-1.407669440789E-18,0.980580675691,-0.196116135138
    ));
#6321 = DIRECTION('',(1.,1.380333451399E-18,-2.760666902797E-19));
#6322 = ADVANCED_FACE('',(#6323),#6342,.T.);
#6323 = FACE_BOUND('',#6324,.T.);
#6324 = EDGE_LOOP('',(#6325,#6334,#6340,#6341));
#6325 = ORIENTED_EDGE('',*,*,#6326,.F.);
#6326 = EDGE_CURVE('',#6327,#6181,#6329,.T.);
#6327 = VERTEX_POINT('',#6328);
#6328 = CARTESIAN_POINT('',(-9.603921945629E-02,7.156039219456,
    -2.775557561563E-17));
#6329 = ELLIPSE('',#6330,0.282842712475,0.2);
#6330 = AXIS2_PLACEMENT_3D('',#6331,#6332,#6333);
#6331 = CARTESIAN_POINT('',(-9.603921945629E-02,7.156039219456,0.2));
#6332 = DIRECTION('',(0.707106781187,0.707106781187,-0.));
#6333 = DIRECTION('',(-0.707106781187,0.707106781187,0.));
#6334 = ORIENTED_EDGE('',*,*,#6335,.T.);
#6335 = EDGE_CURVE('',#6327,#6210,#6336,.T.);
#6336 = LINE('',#6337,#6338);
#6337 = CARTESIAN_POINT('',(-9.603921945629E-02,7.32,-1.110223024625E-16
    ));
#6338 = VECTOR('',#6339,1.);
#6339 = DIRECTION('',(0.,-1.,0.));
#6340 = ORIENTED_EDGE('',*,*,#6209,.F.);
#6341 = ORIENTED_EDGE('',*,*,#6195,.F.);
#6342 = CYLINDRICAL_SURFACE('',#6343,0.2);
#6343 = AXIS2_PLACEMENT_3D('',#6344,#6345,#6346);
#6344 = CARTESIAN_POINT('',(-9.603921945629E-02,7.32,0.2));
#6345 = DIRECTION('',(0.,-1.,0.));
#6346 = DIRECTION('',(-0.980580675691,-0.,-0.196116135138));
#6347 = ADVANCED_FACE('',(#6348),#6366,.F.);
#6348 = FACE_BOUND('',#6349,.F.);
#6349 = EDGE_LOOP('',(#6350,#6358,#6364,#6365));
#6350 = ORIENTED_EDGE('',*,*,#6351,.T.);
#6351 = EDGE_CURVE('',#6179,#6352,#6354,.T.);
#6352 = VERTEX_POINT('',#6353);
#6353 = CARTESIAN_POINT('',(-0.46,7.52,1.34));
#6354 = LINE('',#6355,#6356);
#6355 = CARTESIAN_POINT('',(-0.46,7.52,0.));
#6356 = VECTOR('',#6357,1.);
#6357 = DIRECTION('',(0.,0.,1.));
#6358 = ORIENTED_EDGE('',*,*,#6359,.T.);
#6359 = EDGE_CURVE('',#6352,#6243,#6360,.T.);
#6360 = LINE('',#6361,#6362);
#6361 = CARTESIAN_POINT('',(-0.46,7.52,1.34));
#6362 = VECTOR('',#6363,1.);
#6363 = DIRECTION('',(0.,-1.,0.));
#6364 = ORIENTED_EDGE('',*,*,#6242,.F.);
#6365 = ORIENTED_EDGE('',*,*,#6188,.F.);
#6366 = PLANE('',#6367);
#6367 = AXIS2_PLACEMENT_3D('',#6368,#6369,#6370);
#6368 = CARTESIAN_POINT('',(-0.46,7.52,0.));
#6369 = DIRECTION('',(1.,0.,0.));
#6370 = DIRECTION('',(0.,-1.,0.));
#6371 = ADVANCED_FACE('',(#6372),#6390,.F.);
#6372 = FACE_BOUND('',#6373,.F.);
#6373 = EDGE_LOOP('',(#6374,#6382,#6383,#6384));
#6374 = ORIENTED_EDGE('',*,*,#6375,.T.);
#6375 = EDGE_CURVE('',#6376,#6327,#6378,.T.);
#6376 = VERTEX_POINT('',#6377);
#6377 = CARTESIAN_POINT('',(14.516039219456,7.156039219456,
    -2.775557561563E-17));
#6378 = LINE('',#6379,#6380);
#6379 = CARTESIAN_POINT('',(14.68,7.156039219456,-2.775557561563E-17));
#6380 = VECTOR('',#6381,1.);
#6381 = DIRECTION('',(-1.,0.,0.));
#6382 = ORIENTED_EDGE('',*,*,#6335,.T.);
#6383 = ORIENTED_EDGE('',*,*,#6218,.T.);
#6384 = ORIENTED_EDGE('',*,*,#6385,.T.);
#6385 = EDGE_CURVE('',#6219,#6376,#6386,.T.);
#6386 = LINE('',#6387,#6388);
#6387 = CARTESIAN_POINT('',(14.516039219456,0.2,-5.551115123126E-17));
#6388 = VECTOR('',#6389,1.);
#6389 = DIRECTION('',(0.,1.,0.));
#6390 = PLANE('',#6391);
#6391 = AXIS2_PLACEMENT_3D('',#6392,#6393,#6394);
#6392 = CARTESIAN_POINT('',(7.21,3.76,0.));
#6393 = DIRECTION('',(0.,0.,1.));
#6394 = DIRECTION('',(1.,0.,0.));
#6395 = ADVANCED_FACE('',(#6396),#6408,.T.);
#6396 = FACE_BOUND('',#6397,.F.);
#6397 = EDGE_LOOP('',(#6398,#6399,#6400,#6407));
#6398 = ORIENTED_EDGE('',*,*,#6226,.T.);
#6399 = ORIENTED_EDGE('',*,*,#6290,.T.);
#6400 = ORIENTED_EDGE('',*,*,#6401,.F.);
#6401 = EDGE_CURVE('',#6376,#6283,#6402,.T.);
#6402 = ELLIPSE('',#6403,0.282842712475,0.2);
#6403 = AXIS2_PLACEMENT_3D('',#6404,#6405,#6406);
#6404 = CARTESIAN_POINT('',(14.516039219456,7.156039219456,0.2));
#6405 = DIRECTION('',(0.707106781187,-0.707106781187,0.));
#6406 = DIRECTION('',(-0.707106781187,-0.707106781187,0.));
#6407 = ORIENTED_EDGE('',*,*,#6385,.F.);
#6408 = CYLINDRICAL_SURFACE('',#6409,0.2);
#6409 = AXIS2_PLACEMENT_3D('',#6410,#6411,#6412);
#6410 = CARTESIAN_POINT('',(14.516039219456,0.2,0.2));
#6411 = DIRECTION('',(0.,1.,0.));
#6412 = DIRECTION('',(0.,0.,-1.));
#6413 = ADVANCED_FACE('',(#6414),#6439,.F.);
#6414 = FACE_BOUND('',#6415,.T.);
#6415 = EDGE_LOOP('',(#6416,#6424,#6425,#6433));
#6416 = ORIENTED_EDGE('',*,*,#6417,.F.);
#6417 = EDGE_CURVE('',#6243,#6418,#6420,.T.);
#6418 = VERTEX_POINT('',#6419);
#6419 = CARTESIAN_POINT('',(-0.292155354594,0.167844645406,
    2.179223227028));
#6420 = LINE('',#6421,#6422);
#6421 = CARTESIAN_POINT('',(-0.224444444444,0.235555555556,
    2.517777777778));
#6422 = VECTOR('',#6423,1.);
#6423 = DIRECTION('',(0.19245008973,0.19245008973,0.962250448649));
#6424 = ORIENTED_EDGE('',*,*,#6250,.T.);
#6425 = ORIENTED_EDGE('',*,*,#6426,.T.);
#6426 = EDGE_CURVE('',#6251,#6427,#6429,.T.);
#6427 = VERTEX_POINT('',#6428);
#6428 = CARTESIAN_POINT('',(14.712155354594,0.167844645406,
    2.179223227028));
#6429 = LINE('',#6430,#6431);
#6430 = CARTESIAN_POINT('',(14.49962962963,0.38037037037,3.241851851852)
  );
#6431 = VECTOR('',#6432,1.);
#6432 = DIRECTION('',(-0.19245008973,0.19245008973,0.962250448649));
#6433 = ORIENTED_EDGE('',*,*,#6434,.F.);
#6434 = EDGE_CURVE('',#6418,#6427,#6435,.T.);
#6435 = LINE('',#6436,#6437);
#6436 = CARTESIAN_POINT('',(-0.26,0.167844645406,2.179223227028));
#6437 = VECTOR('',#6438,1.);
#6438 = DIRECTION('',(1.,0.,0.));
#6439 = PLANE('',#6440);
#6440 = AXIS2_PLACEMENT_3D('',#6441,#6442,#6443);
#6441 = CARTESIAN_POINT('',(-0.46,0.1,1.84));
#6442 = DIRECTION('',(-6.238077525517E-19,0.980580675691,-0.196116135138
    ));
#6443 = DIRECTION('',(-1.,-6.116938274984E-19,1.223387654997E-19));
#6444 = ADVANCED_FACE('',(#6445),#6463,.F.);
#6445 = FACE_BOUND('',#6446,.F.);
#6446 = EDGE_LOOP('',(#6447,#6448,#6456,#6462));
#6447 = ORIENTED_EDGE('',*,*,#6258,.T.);
#6448 = ORIENTED_EDGE('',*,*,#6449,.T.);
#6449 = EDGE_CURVE('',#6251,#6450,#6452,.T.);
#6450 = VERTEX_POINT('',#6451);
#6451 = CARTESIAN_POINT('',(14.88,7.52,1.34));
#6452 = LINE('',#6453,#6454);
#6453 = CARTESIAN_POINT('',(14.88,0.,1.34));
#6454 = VECTOR('',#6455,1.);
#6455 = DIRECTION('',(0.,1.,0.));
#6456 = ORIENTED_EDGE('',*,*,#6457,.F.);
#6457 = EDGE_CURVE('',#6275,#6450,#6458,.T.);
#6458 = LINE('',#6459,#6460);
#6459 = CARTESIAN_POINT('',(14.88,7.52,0.));
#6460 = VECTOR('',#6461,1.);
#6461 = DIRECTION('',(0.,0.,1.));
#6462 = ORIENTED_EDGE('',*,*,#6274,.F.);
#6463 = PLANE('',#6464);
#6464 = AXIS2_PLACEMENT_3D('',#6465,#6466,#6467);
#6465 = CARTESIAN_POINT('',(14.88,0.,0.));
#6466 = DIRECTION('',(-1.,0.,0.));
#6467 = DIRECTION('',(0.,1.,0.));
#6468 = ADVANCED_FACE('',(#6469),#6475,.T.);
#6469 = FACE_BOUND('',#6470,.F.);
#6470 = EDGE_LOOP('',(#6471,#6472,#6473,#6474));
#6471 = ORIENTED_EDGE('',*,*,#6401,.T.);
#6472 = ORIENTED_EDGE('',*,*,#6312,.T.);
#6473 = ORIENTED_EDGE('',*,*,#6326,.F.);
#6474 = ORIENTED_EDGE('',*,*,#6375,.F.);
#6475 = CYLINDRICAL_SURFACE('',#6476,0.2);
#6476 = AXIS2_PLACEMENT_3D('',#6477,#6478,#6479);
#6477 = CARTESIAN_POINT('',(14.68,7.156039219456,0.2));
#6478 = DIRECTION('',(-1.,0.,0.));
#6479 = DIRECTION('',(0.,0.,-1.));
#6480 = ADVANCED_FACE('',(#6481),#6492,.F.);
#6481 = FACE_BOUND('',#6482,.F.);
#6482 = EDGE_LOOP('',(#6483,#6484,#6490,#6491));
#6483 = ORIENTED_EDGE('',*,*,#6457,.T.);
#6484 = ORIENTED_EDGE('',*,*,#6485,.T.);
#6485 = EDGE_CURVE('',#6450,#6352,#6486,.T.);
#6486 = LINE('',#6487,#6488);
#6487 = CARTESIAN_POINT('',(14.88,7.52,1.34));
#6488 = VECTOR('',#6489,1.);
#6489 = DIRECTION('',(-1.,0.,0.));
#6490 = ORIENTED_EDGE('',*,*,#6351,.F.);
#6491 = ORIENTED_EDGE('',*,*,#6305,.F.);
#6492 = PLANE('',#6493);
#6493 = AXIS2_PLACEMENT_3D('',#6494,#6495,#6496);
#6494 = CARTESIAN_POINT('',(14.88,7.52,0.));
#6495 = DIRECTION('',(0.,-1.,0.));
#6496 = DIRECTION('',(-1.,0.,0.));
#6497 = ADVANCED_FACE('',(#6498),#6516,.F.);
#6498 = FACE_BOUND('',#6499,.T.);
#6499 = EDGE_LOOP('',(#6500,#6508,#6509,#6510));
#6500 = ORIENTED_EDGE('',*,*,#6501,.F.);
#6501 = EDGE_CURVE('',#6352,#6502,#6504,.T.);
#6502 = VERTEX_POINT('',#6503);
#6503 = CARTESIAN_POINT('',(-0.292155354594,7.352155354594,
    2.179223227028));
#6504 = LINE('',#6505,#6506);
#6505 = CARTESIAN_POINT('',(-7.962962962963E-02,7.13962962963,
    3.241851851852));
#6506 = VECTOR('',#6507,1.);
#6507 = DIRECTION('',(0.19245008973,-0.19245008973,0.962250448649));
#6508 = ORIENTED_EDGE('',*,*,#6359,.T.);
#6509 = ORIENTED_EDGE('',*,*,#6417,.T.);
#6510 = ORIENTED_EDGE('',*,*,#6511,.F.);
#6511 = EDGE_CURVE('',#6502,#6418,#6512,.T.);
#6512 = LINE('',#6513,#6514);
#6513 = CARTESIAN_POINT('',(-0.292155354594,7.32,2.179223227028));
#6514 = VECTOR('',#6515,1.);
#6515 = DIRECTION('',(0.,-1.,0.));
#6516 = PLANE('',#6517);
#6517 = AXIS2_PLACEMENT_3D('',#6518,#6519,#6520);
#6518 = CARTESIAN_POINT('',(-0.36,7.52,1.84));
#6519 = DIRECTION('',(0.980580675691,6.152472909096E-19,-0.196116135138)
  );
#6520 = DIRECTION('',(-6.032996042371E-19,1.,1.206599208474E-19));
#6521 = ADVANCED_FACE('',(#6522),#6549,.T.);
#6522 = FACE_BOUND('',#6523,.F.);
#6523 = EDGE_LOOP('',(#6524,#6533,#6541,#6548));
#6524 = ORIENTED_EDGE('',*,*,#6525,.T.);
#6525 = EDGE_CURVE('',#6418,#6526,#6528,.T.);
#6526 = VERTEX_POINT('',#6527);
#6527 = CARTESIAN_POINT('',(-9.603921945629E-02,0.363960780544,2.34));
#6528 = ELLIPSE('',#6529,0.282842712475,0.2);
#6529 = AXIS2_PLACEMENT_3D('',#6530,#6531,#6532);
#6530 = CARTESIAN_POINT('',(-9.603921945629E-02,0.363960780544,2.14));
#6531 = DIRECTION('',(-0.707106781187,0.707106781187,0.));
#6532 = DIRECTION('',(-0.707106781187,-0.707106781187,0.));
#6533 = ORIENTED_EDGE('',*,*,#6534,.T.);
#6534 = EDGE_CURVE('',#6526,#6535,#6537,.T.);
#6535 = VERTEX_POINT('',#6536);
#6536 = CARTESIAN_POINT('',(14.516039219456,0.363960780544,2.34));
#6537 = LINE('',#6538,#6539);
#6538 = CARTESIAN_POINT('',(-0.26,0.363960780544,2.34));
#6539 = VECTOR('',#6540,1.);
#6540 = DIRECTION('',(1.,0.,0.));
#6541 = ORIENTED_EDGE('',*,*,#6542,.F.);
#6542 = EDGE_CURVE('',#6427,#6535,#6543,.T.);
#6543 = ELLIPSE('',#6544,0.282842712475,0.2);
#6544 = AXIS2_PLACEMENT_3D('',#6545,#6546,#6547);
#6545 = CARTESIAN_POINT('',(14.516039219456,0.363960780544,2.14));
#6546 = DIRECTION('',(-0.707106781187,-0.707106781187,0.));
#6547 = DIRECTION('',(0.707106781187,-0.707106781187,0.));
#6548 = ORIENTED_EDGE('',*,*,#6434,.F.);
#6549 = CYLINDRICAL_SURFACE('',#6550,0.2);
#6550 = AXIS2_PLACEMENT_3D('',#6551,#6552,#6553);
#6551 = CARTESIAN_POINT('',(-0.26,0.363960780544,2.14));
#6552 = DIRECTION('',(1.,0.,0.));
#6553 = DIRECTION('',(0.,-0.980580675691,0.196116135138));
#6554 = ADVANCED_FACE('',(#6555),#6573,.F.);
#6555 = FACE_BOUND('',#6556,.T.);
#6556 = EDGE_LOOP('',(#6557,#6558,#6559,#6567));
#6557 = ORIENTED_EDGE('',*,*,#6426,.F.);
#6558 = ORIENTED_EDGE('',*,*,#6449,.T.);
#6559 = ORIENTED_EDGE('',*,*,#6560,.T.);
#6560 = EDGE_CURVE('',#6450,#6561,#6563,.T.);
#6561 = VERTEX_POINT('',#6562);
#6562 = CARTESIAN_POINT('',(14.712155354594,7.352155354594,
    2.179223227028));
#6563 = LINE('',#6564,#6565);
#6564 = CARTESIAN_POINT('',(14.644444444444,7.284444444444,
    2.517777777778));
#6565 = VECTOR('',#6566,1.);
#6566 = DIRECTION('',(-0.19245008973,-0.19245008973,0.962250448649));
#6567 = ORIENTED_EDGE('',*,*,#6568,.F.);
#6568 = EDGE_CURVE('',#6427,#6561,#6569,.T.);
#6569 = LINE('',#6570,#6571);
#6570 = CARTESIAN_POINT('',(14.712155354594,0.2,2.179223227028));
#6571 = VECTOR('',#6572,1.);
#6572 = DIRECTION('',(0.,1.,0.));
#6573 = PLANE('',#6574);
#6574 = AXIS2_PLACEMENT_3D('',#6575,#6576,#6577);
#6575 = CARTESIAN_POINT('',(14.78,0.,1.84));
#6576 = DIRECTION('',(-0.980580675691,3.983985973794E-18,-0.196116135138
    ));
#6577 = DIRECTION('',(-3.906619658126E-18,-1.,-7.813239316252E-19));
#6578 = ADVANCED_FACE('',(#6579),#6590,.F.);
#6579 = FACE_BOUND('',#6580,.T.);
#6580 = EDGE_LOOP('',(#6581,#6582,#6583,#6584));
#6581 = ORIENTED_EDGE('',*,*,#6560,.F.);
#6582 = ORIENTED_EDGE('',*,*,#6485,.T.);
#6583 = ORIENTED_EDGE('',*,*,#6501,.T.);
#6584 = ORIENTED_EDGE('',*,*,#6585,.F.);
#6585 = EDGE_CURVE('',#6561,#6502,#6586,.T.);
#6586 = LINE('',#6587,#6588);
#6587 = CARTESIAN_POINT('',(14.68,7.352155354594,2.179223227028));
#6588 = VECTOR('',#6589,1.);
#6589 = DIRECTION('',(-1.,0.,0.));
#6590 = PLANE('',#6591);
#6591 = AXIS2_PLACEMENT_3D('',#6592,#6593,#6594);
#6592 = CARTESIAN_POINT('',(14.88,7.42,1.84));
#6593 = DIRECTION('',(1.407669440789E-18,-0.980580675691,-0.196116135138
    ));
#6594 = DIRECTION('',(1.,1.380333451399E-18,2.760666902797E-19));
#6595 = ADVANCED_FACE('',(#6596),#6615,.T.);
#6596 = FACE_BOUND('',#6597,.F.);
#6597 = EDGE_LOOP('',(#6598,#6607,#6613,#6614));
#6598 = ORIENTED_EDGE('',*,*,#6599,.T.);
#6599 = EDGE_CURVE('',#6502,#6600,#6602,.T.);
#6600 = VERTEX_POINT('',#6601);
#6601 = CARTESIAN_POINT('',(-9.603921945629E-02,7.156039219456,2.34));
#6602 = ELLIPSE('',#6603,0.282842712475,0.2);
#6603 = AXIS2_PLACEMENT_3D('',#6604,#6605,#6606);
#6604 = CARTESIAN_POINT('',(-9.603921945629E-02,7.156039219456,2.14));
#6605 = DIRECTION('',(0.707106781187,0.707106781187,0.));
#6606 = DIRECTION('',(0.707106781187,-0.707106781187,0.));
#6607 = ORIENTED_EDGE('',*,*,#6608,.T.);
#6608 = EDGE_CURVE('',#6600,#6526,#6609,.T.);
#6609 = LINE('',#6610,#6611);
#6610 = CARTESIAN_POINT('',(-9.603921945629E-02,7.32,2.34));
#6611 = VECTOR('',#6612,1.);
#6612 = DIRECTION('',(0.,-1.,0.));
#6613 = ORIENTED_EDGE('',*,*,#6525,.F.);
#6614 = ORIENTED_EDGE('',*,*,#6511,.F.);
#6615 = CYLINDRICAL_SURFACE('',#6616,0.2);
#6616 = AXIS2_PLACEMENT_3D('',#6617,#6618,#6619);
#6617 = CARTESIAN_POINT('',(-9.603921945629E-02,7.32,2.14));
#6618 = DIRECTION('',(0.,-1.,0.));
#6619 = DIRECTION('',(-0.980580675691,0.,0.196116135138));
#6620 = ADVANCED_FACE('',(#6621,#6639),#6650,.T.);
#6621 = FACE_BOUND('',#6622,.T.);
#6622 = EDGE_LOOP('',(#6623,#6624,#6625,#6633));
#6623 = ORIENTED_EDGE('',*,*,#6608,.T.);
#6624 = ORIENTED_EDGE('',*,*,#6534,.T.);
#6625 = ORIENTED_EDGE('',*,*,#6626,.T.);
#6626 = EDGE_CURVE('',#6535,#6627,#6629,.T.);
#6627 = VERTEX_POINT('',#6628);
#6628 = CARTESIAN_POINT('',(14.516039219456,7.156039219456,2.34));
#6629 = LINE('',#6630,#6631);
#6630 = CARTESIAN_POINT('',(14.516039219456,0.2,2.34));
#6631 = VECTOR('',#6632,1.);
#6632 = DIRECTION('',(0.,1.,0.));
#6633 = ORIENTED_EDGE('',*,*,#6634,.T.);
#6634 = EDGE_CURVE('',#6627,#6600,#6635,.T.);
#6635 = LINE('',#6636,#6637);
#6636 = CARTESIAN_POINT('',(14.68,7.156039219456,2.34));
#6637 = VECTOR('',#6638,1.);
#6638 = DIRECTION('',(-1.,0.,0.));
#6639 = FACE_BOUND('',#6640,.T.);
#6640 = EDGE_LOOP('',(#6641));
#6641 = ORIENTED_EDGE('',*,*,#6642,.F.);
#6642 = EDGE_CURVE('',#6643,#6643,#6645,.T.);
#6643 = VERTEX_POINT('',#6644);
#6644 = CARTESIAN_POINT('',(2.,1.75,2.34));
#6645 = CIRCLE('',#6646,0.75);
#6646 = AXIS2_PLACEMENT_3D('',#6647,#6648,#6649);
#6647 = CARTESIAN_POINT('',(1.25,1.75,2.34));
#6648 = DIRECTION('',(0.,0.,1.));
#6649 = DIRECTION('',(1.,0.,0.));
#6650 = PLANE('',#6651);
#6651 = AXIS2_PLACEMENT_3D('',#6652,#6653,#6654);
#6652 = CARTESIAN_POINT('',(7.21,3.76,2.34));
#6653 = DIRECTION('',(0.,0.,1.));
#6654 = DIRECTION('',(1.,0.,0.));
#6655 = ADVANCED_FACE('',(#6656),#6668,.T.);
#6656 = FACE_BOUND('',#6657,.T.);
#6657 = EDGE_LOOP('',(#6658,#6659,#6660,#6667));
#6658 = ORIENTED_EDGE('',*,*,#6542,.F.);
#6659 = ORIENTED_EDGE('',*,*,#6568,.T.);
#6660 = ORIENTED_EDGE('',*,*,#6661,.F.);
#6661 = EDGE_CURVE('',#6627,#6561,#6662,.T.);
#6662 = ELLIPSE('',#6663,0.282842712475,0.2);
#6663 = AXIS2_PLACEMENT_3D('',#6664,#6665,#6666);
#6664 = CARTESIAN_POINT('',(14.516039219456,7.156039219456,2.14));
#6665 = DIRECTION('',(-0.707106781187,0.707106781187,0.));
#6666 = DIRECTION('',(-0.707106781187,-0.707106781187,0.));
#6667 = ORIENTED_EDGE('',*,*,#6626,.F.);
#6668 = CYLINDRICAL_SURFACE('',#6669,0.2);
#6669 = AXIS2_PLACEMENT_3D('',#6670,#6671,#6672);
#6670 = CARTESIAN_POINT('',(14.516039219456,0.2,2.14));
#6671 = DIRECTION('',(0.,1.,0.));
#6672 = DIRECTION('',(0.,0.,1.));
#6673 = ADVANCED_FACE('',(#6674),#6680,.T.);
#6674 = FACE_BOUND('',#6675,.T.);
#6675 = EDGE_LOOP('',(#6676,#6677,#6678,#6679));
#6676 = ORIENTED_EDGE('',*,*,#6661,.T.);
#6677 = ORIENTED_EDGE('',*,*,#6585,.T.);
#6678 = ORIENTED_EDGE('',*,*,#6599,.T.);
#6679 = ORIENTED_EDGE('',*,*,#6634,.F.);
#6680 = CYLINDRICAL_SURFACE('',#6681,0.2);
#6681 = AXIS2_PLACEMENT_3D('',#6682,#6683,#6684);
#6682 = CARTESIAN_POINT('',(14.68,7.156039219456,2.14));
#6683 = DIRECTION('',(-1.,0.,0.));
#6684 = DIRECTION('',(0.,0.,1.));
#6685 = ADVANCED_FACE('',(#6686),#6705,.F.);
#6686 = FACE_BOUND('',#6687,.F.);
#6687 = EDGE_LOOP('',(#6688,#6696,#6703,#6704));
#6688 = ORIENTED_EDGE('',*,*,#6689,.T.);
#6689 = EDGE_CURVE('',#6643,#6690,#6692,.T.);
#6690 = VERTEX_POINT('',#6691);
#6691 = CARTESIAN_POINT('',(2.,1.75,2.24));
#6692 = LINE('',#6693,#6694);
#6693 = CARTESIAN_POINT('',(2.,1.75,2.34));
#6694 = VECTOR('',#6695,1.);
#6695 = DIRECTION('',(-0.,-0.,-1.));
#6696 = ORIENTED_EDGE('',*,*,#6697,.T.);
#6697 = EDGE_CURVE('',#6690,#6690,#6698,.T.);
#6698 = CIRCLE('',#6699,0.75);
#6699 = AXIS2_PLACEMENT_3D('',#6700,#6701,#6702);
#6700 = CARTESIAN_POINT('',(1.25,1.75,2.24));
#6701 = DIRECTION('',(0.,0.,1.));
#6702 = DIRECTION('',(1.,0.,0.));
#6703 = ORIENTED_EDGE('',*,*,#6689,.F.);
#6704 = ORIENTED_EDGE('',*,*,#6642,.F.);
#6705 = CYLINDRICAL_SURFACE('',#6706,0.75);
#6706 = AXIS2_PLACEMENT_3D('',#6707,#6708,#6709);
#6707 = CARTESIAN_POINT('',(1.25,1.75,2.34));
#6708 = DIRECTION('',(0.,0.,1.));
#6709 = DIRECTION('',(1.,0.,0.));
#6710 = ADVANCED_FACE('',(#6711),#6714,.T.);
#6711 = FACE_BOUND('',#6712,.T.);
#6712 = EDGE_LOOP('',(#6713));
#6713 = ORIENTED_EDGE('',*,*,#6697,.T.);
#6714 = PLANE('',#6715);
#6715 = AXIS2_PLACEMENT_3D('',#6716,#6717,#6718);
#6716 = CARTESIAN_POINT('',(1.25,1.75,2.24));
#6717 = DIRECTION('',(0.,0.,1.));
#6718 = DIRECTION('',(1.,0.,0.));
#6719 = ( GEOMETRIC_REPRESENTATION_CONTEXT(3) 
GLOBAL_UNCERTAINTY_ASSIGNED_CONTEXT((#6723)) 
GLOBAL_UNIT_ASSIGNED_CONTEXT((#6720,#6721,#6722)) REPRESENTATION_CONTEXT
('Context #1','3D Context with UNIT and UNCERTAINTY') );
#6720 = ( LENGTH_UNIT() NAMED_UNIT(*) SI_UNIT(.MILLI.,.METRE.) );
#6721 = ( NAMED_UNIT(*) PLANE_ANGLE_UNIT() SI_UNIT($,.RADIAN.) );
#6722 = ( NAMED_UNIT(*) SI_UNIT($,.STERADIAN.) SOLID_ANGLE_UNIT() );
#6723 = UNCERTAINTY_MEASURE_WITH_UNIT(LENGTH_MEASURE(2.E-07),#6720,
  'distance_accuracy_value','confusion accuracy');
#6724 = CONTEXT_DEPENDENT_SHAPE_REPRESENTATION(#6725,#6727);
#6725 = ( REPRESENTATION_RELATIONSHIP('','',#6131,#10) 
REPRESENTATION_RELATIONSHIP_WITH_TRANSFORMATION(#6726) 
SHAPE_REPRESENTATION_RELATIONSHIP() );
#6726 = ITEM_DEFINED_TRANSFORMATION('','',#11,#27);
#6727 = PRODUCT_DEFINITION_SHAPE('Placement','Placement of an item',
  #6728);
#6728 = NEXT_ASSEMBLY_USAGE_OCCURRENCE('53','Pocket','',#5,#6126,$);
#6729 = PRODUCT_RELATED_PRODUCT_CATEGORY('part',$,(#6128));
#6730 = MECHANICAL_DESIGN_GEOMETRIC_PRESENTATION_REPRESENTATION('',(
    #6731),#6113);
#6731 = STYLED_ITEM('color',(#6732),#5691);
#6732 = PRESENTATION_STYLE_ASSIGNMENT((#6733,#6739));
#6733 = SURFACE_STYLE_USAGE(.BOTH.,#6734);
#6734 = SURFACE_SIDE_STYLE('',(#6735));
#6735 = SURFACE_STYLE_FILL_AREA(#6736);
#6736 = FILL_AREA_STYLE('',(#6737));
#6737 = FILL_AREA_STYLE_COLOUR('',#6738);
#6738 = COLOUR_RGB('',0.447059003357,0.474510015008,0.501960993452);
#6739 = CURVE_STYLE('',#6740,POSITIVE_LENGTH_MEASURE(0.1),#6741);
#6740 = DRAUGHTING_PRE_DEFINED_CURVE_FONT('continuous');
#6741 = COLOUR_RGB('',9.803921802644E-02,9.803921802644E-02,
  9.803921802644E-02);
#6742 = MECHANICAL_DESIGN_GEOMETRIC_PRESENTATION_REPRESENTATION('',(
    #6743),#5617);
#6743 = STYLED_ITEM('color',(#6744),#5195);
#6744 = PRESENTATION_STYLE_ASSIGNMENT((#6745,#6750));
#6745 = SURFACE_STYLE_USAGE(.BOTH.,#6746);
#6746 = SURFACE_SIDE_STYLE('',(#6747));
#6747 = SURFACE_STYLE_FILL_AREA(#6748);
#6748 = FILL_AREA_STYLE('',(#6749));
#6749 = FILL_AREA_STYLE_COLOUR('',#6738);
#6750 = CURVE_STYLE('',#6751,POSITIVE_LENGTH_MEASURE(0.1),#6741);
#6751 = DRAUGHTING_PRE_DEFINED_CURVE_FONT('continuous');
#6752 = MECHANICAL_DESIGN_GEOMETRIC_PRESENTATION_REPRESENTATION('',(
    #6753,#6762,#6771,#6780,#6789,#6798,#6807,#6816,#6825,#6834,#6843,
    #6852),#5109);
#6753 = STYLED_ITEM('color',(#6754),#45);
#6754 = PRESENTATION_STYLE_ASSIGNMENT((#6755,#6760));
#6755 = SURFACE_STYLE_USAGE(.BOTH.,#6756);
#6756 = SURFACE_SIDE_STYLE('',(#6757));
#6757 = SURFACE_STYLE_FILL_AREA(#6758);
#6758 = FILL_AREA_STYLE('',(#6759));
#6759 = FILL_AREA_STYLE_COLOUR('',#6738);
#6760 = CURVE_STYLE('',#6761,POSITIVE_LENGTH_MEASURE(0.1),#6741);
#6761 = DRAUGHTING_PRE_DEFINED_CURVE_FONT('continuous');
#6762 = STYLED_ITEM('color',(#6763),#467);
#6763 = PRESENTATION_STYLE_ASSIGNMENT((#6764,#6769));
#6764 = SURFACE_STYLE_USAGE(.BOTH.,#6765);
#6765 = SURFACE_SIDE_STYLE('',(#6766));
#6766 = SURFACE_STYLE_FILL_AREA(#6767);
#6767 = FILL_AREA_STYLE('',(#6768));
#6768 = FILL_AREA_STYLE_COLOUR('',#6738);
#6769 = CURVE_STYLE('',#6770,POSITIVE_LENGTH_MEASURE(0.1),#6741);
#6770 = DRAUGHTING_PRE_DEFINED_CURVE_FONT('continuous');
#6771 = STYLED_ITEM('color',(#6772),#889);
#6772 = PRESENTATION_STYLE_ASSIGNMENT((#6773,#6778));
#6773 = SURFACE_STYLE_USAGE(.BOTH.,#6774);
#6774 = SURFACE_SIDE_STYLE('',(#6775));
#6775 = SURFACE_STYLE_FILL_AREA(#6776);
#6776 = FILL_AREA_STYLE('',(#6777));
#6777 = FILL_AREA_STYLE_COLOUR('',#6738);
#6778 = CURVE_STYLE('',#6779,POSITIVE_LENGTH_MEASURE(0.1),#6741);
#6779 = DRAUGHTING_PRE_DEFINED_CURVE_FONT('continuous');
#6780 = STYLED_ITEM('color',(#6781),#1311);
#6781 = PRESENTATION_STYLE_ASSIGNMENT((#6782,#6787));
#6782 = SURFACE_STYLE_USAGE(.BOTH.,#6783);
#6783 = SURFACE_SIDE_STYLE('',(#6784));
#6784 = SURFACE_STYLE_FILL_AREA(#6785);
#6785 = FILL_AREA_STYLE('',(#6786));
#6786 = FILL_AREA_STYLE_COLOUR('',#6738);
#6787 = CURVE_STYLE('',#6788,POSITIVE_LENGTH_MEASURE(0.1),#6741);
#6788 = DRAUGHTING_PRE_DEFINED_CURVE_FONT('continuous');
#6789 = STYLED_ITEM('color',(#6790),#1733);
#6790 = PRESENTATION_STYLE_ASSIGNMENT((#6791,#6796));
#6791 = SURFACE_STYLE_USAGE(.BOTH.,#6792);
#6792 = SURFACE_SIDE_STYLE('',(#6793));
#6793 = SURFACE_STYLE_FILL_AREA(#6794);
#6794 = FILL_AREA_STYLE('',(#6795));
#6795 = FILL_AREA_STYLE_COLOUR('',#6738);
#6796 = CURVE_STYLE('',#6797,POSITIVE_LENGTH_MEASURE(0.1),#6741);
#6797 = DRAUGHTING_PRE_DEFINED_CURVE_FONT('continuous');
#6798 = STYLED_ITEM('color',(#6799),#2155);
#6799 = PRESENTATION_STYLE_ASSIGNMENT((#6800,#6805));
#6800 = SURFACE_STYLE_USAGE(.BOTH.,#6801);
#6801 = SURFACE_SIDE_STYLE('',(#6802));
#6802 = SURFACE_STYLE_FILL_AREA(#6803);
#6803 = FILL_AREA_STYLE('',(#6804));
#6804 = FILL_AREA_STYLE_COLOUR('',#6738);
#6805 = CURVE_STYLE('',#6806,POSITIVE_LENGTH_MEASURE(0.1),#6741);
#6806 = DRAUGHTING_PRE_DEFINED_CURVE_FONT('continuous');
#6807 = STYLED_ITEM('color',(#6808),#2577);
#6808 = PRESENTATION_STYLE_ASSIGNMENT((#6809,#6814));
#6809 = SURFACE_STYLE_USAGE(.BOTH.,#6810);
#6810 = SURFACE_SIDE_STYLE('',(#6811));
#6811 = SURFACE_STYLE_FILL_AREA(#6812);
#6812 = FILL_AREA_STYLE('',(#6813));
#6813 = FILL_AREA_STYLE_COLOUR('',#6738);
#6814 = CURVE_STYLE('',#6815,POSITIVE_LENGTH_MEASURE(0.1),#6741);
#6815 = DRAUGHTING_PRE_DEFINED_CURVE_FONT('continuous');
#6816 = STYLED_ITEM('color',(#6817),#2999);
#6817 = PRESENTATION_STYLE_ASSIGNMENT((#6818,#6823));
#6818 = SURFACE_STYLE_USAGE(.BOTH.,#6819);
#6819 = SURFACE_SIDE_STYLE('',(#6820));
#6820 = SURFACE_STYLE_FILL_AREA(#6821);
#6821 = FILL_AREA_STYLE('',(#6822));
#6822 = FILL_AREA_STYLE_COLOUR('',#6738);
#6823 = CURVE_STYLE('',#6824,POSITIVE_LENGTH_MEASURE(0.1),#6741);
#6824 = DRAUGHTING_PRE_DEFINED_CURVE_FONT('continuous');
#6825 = STYLED_ITEM('color',(#6826),#3421);
#6826 = PRESENTATION_STYLE_ASSIGNMENT((#6827,#6832));
#6827 = SURFACE_STYLE_USAGE(.BOTH.,#6828);
#6828 = SURFACE_SIDE_STYLE('',(#6829));
#6829 = SURFACE_STYLE_FILL_AREA(#6830);
#6830 = FILL_AREA_STYLE('',(#6831));
#6831 = FILL_AREA_STYLE_COLOUR('',#6738);
#6832 = CURVE_STYLE('',#6833,POSITIVE_LENGTH_MEASURE(0.1),#6741);
#6833 = DRAUGHTING_PRE_DEFINED_CURVE_FONT('continuous');
#6834 = STYLED_ITEM('color',(#6835),#3843);
#6835 = PRESENTATION_STYLE_ASSIGNMENT((#6836,#6841));
#6836 = SURFACE_STYLE_USAGE(.BOTH.,#6837);
#6837 = SURFACE_SIDE_STYLE('',(#6838));
#6838 = SURFACE_STYLE_FILL_AREA(#6839);
#6839 = FILL_AREA_STYLE('',(#6840));
#6840 = FILL_AREA_STYLE_COLOUR('',#6738);
#6841 = CURVE_STYLE('',#6842,POSITIVE_LENGTH_MEASURE(0.1),#6741);
#6842 = DRAUGHTING_PRE_DEFINED_CURVE_FONT('continuous');
#6843 = STYLED_ITEM('color',(#6844),#4265);
#6844 = PRESENTATION_STYLE_ASSIGNMENT((#6845,#6850));
#6845 = SURFACE_STYLE_USAGE(.BOTH.,#6846);
#6846 = SURFACE_SIDE_STYLE('',(#6847));
#6847 = SURFACE_STYLE_FILL_AREA(#6848);
#6848 = FILL_AREA_STYLE('',(#6849));
#6849 = FILL_AREA_STYLE_COLOUR('',#6738);
#6850 = CURVE_STYLE('',#6851,POSITIVE_LENGTH_MEASURE(0.1),#6741);
#6851 = DRAUGHTING_PRE_DEFINED_CURVE_FONT('continuous');
#6852 = STYLED_ITEM('color',(#6853),#4687);
#6853 = PRESENTATION_STYLE_ASSIGNMENT((#6854,#6859));
#6854 = SURFACE_STYLE_USAGE(.BOTH.,#6855);
#6855 = SURFACE_SIDE_STYLE('',(#6856));
#6856 = SURFACE_STYLE_FILL_AREA(#6857);
#6857 = FILL_AREA_STYLE('',(#6858));
#6858 = FILL_AREA_STYLE_COLOUR('',#6738);
#6859 = CURVE_STYLE('',#6860,POSITIVE_LENGTH_MEASURE(0.1),#6741);
#6860 = DRAUGHTING_PRE_DEFINED_CURVE_FONT('continuous');
#6861 = MECHANICAL_DESIGN_GEOMETRIC_PRESENTATION_REPRESENTATION('',(
    #6862),#6719);
#6862 = STYLED_ITEM('color',(#6863),#6132);
#6863 = PRESENTATION_STYLE_ASSIGNMENT((#6864,#6870));
#6864 = SURFACE_STYLE_USAGE(.BOTH.,#6865);
#6865 = SURFACE_SIDE_STYLE('',(#6866));
#6866 = SURFACE_STYLE_FILL_AREA(#6867);
#6867 = FILL_AREA_STYLE('',(#6868));
#6868 = FILL_AREA_STYLE_COLOUR('',#6869);
#6869 = COLOUR_RGB('',0.11764705971,0.11764705971,0.11764705971);
#6870 = CURVE_STYLE('',#6871,POSITIVE_LENGTH_MEASURE(0.1),#6741);
#6871 = DRAUGHTING_PRE_DEFINED_CURVE_FONT('continuous');
ENDSEC;
END-ISO-10303-21;
